id,module,feature,target,status,apifox_sources,postman_sources,notes,source_availability
workbench-001,workbench,工作区/项目切换,桌面 + 服务端,pending,https://docs.apifox.com/page-layout.md,https://learning.postman.com/docs/getting-started/basics/navigating-postman,,"{""https://docs.apifox.com/page-layout.md"": [], ""https://learning.postman.com/docs/getting-started/basics/navigating-postman"": []}"
workbench-002,workbench,多项目窗口,桌面 + 服务端,pending,https://docs.apifox.com/page-layout.md,https://learning.postman.com/docs/getting-started/basics/navigating-postman,,"{""https://docs.apifox.com/page-layout.md"": [], ""https://learning.postman.com/docs/getting-started/basics/navigating-postman"": []}"
workbench-003,workbench,目录树与多级文件夹,桌面 + 服务端,pending,https://docs.apifox.com/page-layout.md,https://learning.postman.com/docs/getting-started/basics/navigating-postman,,"{""https://docs.apifox.com/page-layout.md"": [], ""https://learning.postman.com/docs/getting-started/basics/navigating-postman"": []}"
workbench-004,workbench,资源搜索和过滤,桌面 + 服务端,pending,https://docs.apifox.com/page-layout.md,https://learning.postman.com/docs/getting-started/basics/navigating-postman,,"{""https://docs.apifox.com/page-layout.md"": [], ""https://learning.postman.com/docs/getting-started/basics/navigating-postman"": []}"
workbench-005,workbench,请求标签页与固定标签,桌面 + 服务端,pending,https://docs.apifox.com/page-layout.md,https://learning.postman.com/docs/getting-started/basics/navigating-postman,,"{""https://docs.apifox.com/page-layout.md"": [], ""https://learning.postman.com/docs/getting-started/basics/navigating-postman"": []}"
workbench-006,workbench,关闭当前/其它/全部标签,桌面 + 服务端,pending,https://docs.apifox.com/page-layout.md,https://learning.postman.com/docs/getting-started/basics/navigating-postman,,"{""https://docs.apifox.com/page-layout.md"": [], ""https://learning.postman.com/docs/getting-started/basics/navigating-postman"": []}"
workbench-007,workbench,环境选择器与变量面板,桌面 + 服务端,pending,https://docs.apifox.com/page-layout.md,https://learning.postman.com/docs/getting-started/basics/navigating-postman,,"{""https://docs.apifox.com/page-layout.md"": [], ""https://learning.postman.com/docs/getting-started/basics/navigating-postman"": []}"
workbench-008,workbench,可折叠左右面板,桌面 + 服务端,pending,https://docs.apifox.com/page-layout.md,https://learning.postman.com/docs/getting-started/basics/navigating-postman,,"{""https://docs.apifox.com/page-layout.md"": [], ""https://learning.postman.com/docs/getting-started/basics/navigating-postman"": []}"
workbench-009,workbench,底部状态与执行控制台,桌面 + 服务端,pending,https://docs.apifox.com/page-layout.md,https://learning.postman.com/docs/getting-started/basics/navigating-postman,,"{""https://docs.apifox.com/page-layout.md"": [], ""https://learning.postman.com/docs/getting-started/basics/navigating-postman"": []}"
workbench-010,workbench,多资源批量移动/复制/删除,桌面 + 服务端,pending,https://docs.apifox.com/page-layout.md,https://learning.postman.com/docs/getting-started/basics/navigating-postman,,"{""https://docs.apifox.com/page-layout.md"": [], ""https://learning.postman.com/docs/getting-started/basics/navigating-postman"": []}"
workbench-011,workbench,未保存修改提示,桌面 + 服务端,pending,https://docs.apifox.com/page-layout.md,https://learning.postman.com/docs/getting-started/basics/navigating-postman,,"{""https://docs.apifox.com/page-layout.md"": [], ""https://learning.postman.com/docs/getting-started/basics/navigating-postman"": []}"
workbench-012,workbench,请求/规范/模型/Markdown 类型标签,桌面 + 服务端,pending,https://docs.apifox.com/page-layout.md,https://learning.postman.com/docs/getting-started/basics/navigating-postman,,"{""https://docs.apifox.com/page-layout.md"": [], ""https://learning.postman.com/docs/getting-started/basics/navigating-postman"": []}"
workbench-013,workbench,Light/Dark/System 外观,桌面 + 服务端,pending,https://docs.apifox.com/keyboard-shortcuts.md;https://docs.apifox.com/language-settings.md;https://docs.apifox.com/account-settings.md;https://docs.apifox.com/page-layout.md,https://learning.postman.com/docs/getting-started/installation/settings/shortcut-settings;https://learning.postman.com/docs/getting-started/installation/settings/settings-overview;https://learning.postman.com/docs/getting-started/basics/navigating-postman,,"{""https://docs.apifox.com/keyboard-shortcuts.md"": [""Web 端目前不支持自定义快捷键，快捷键的设置与客户端保持一致。由于浏览器内置的快捷键优先级更高，当 Apifox 内置的快捷键与浏览器的快捷键产生冲突时，优先激活浏览器的快捷键。""], ""https://docs.apifox.com/language-settings.md"": [], ""https://docs.apifox.com/account-settings.md"": [], ""https://docs.apifox.com/page-layout.md"": [], ""https://learning.postman.com/docs/getting-started/installation/settings/shortcut-settings"": [""Some shortcuts aren't available in the Postman web app. Also, shortcut modifier keys in Postman may differ depending on your operating system. For example, to open a new tab click **⌘+T** on macOS or **Ctrl+T** on Windows or Linux.""], ""https://learning.postman.com/docs/getting-started/installation/settings/settings-overview"": [], ""https://learning.postman.com/docs/getting-started/basics/navigating-postman"": []}"
workbench-014,workbench,键盘快捷键和命令面板,桌面 + 服务端,pending,https://docs.apifox.com/keyboard-shortcuts.md;https://docs.apifox.com/language-settings.md;https://docs.apifox.com/account-settings.md;https://docs.apifox.com/page-layout.md,https://learning.postman.com/docs/getting-started/installation/settings/shortcut-settings;https://learning.postman.com/docs/getting-started/installation/settings/settings-overview;https://learning.postman.com/docs/getting-started/basics/navigating-postman,,"{""https://docs.apifox.com/keyboard-shortcuts.md"": [""Web 端目前不支持自定义快捷键，快捷键的设置与客户端保持一致。由于浏览器内置的快捷键优先级更高，当 Apifox 内置的快捷键与浏览器的快捷键产生冲突时，优先激活浏览器的快捷键。""], ""https://docs.apifox.com/language-settings.md"": [], ""https://docs.apifox.com/account-settings.md"": [], ""https://docs.apifox.com/page-layout.md"": [], ""https://learning.postman.com/docs/getting-started/installation/settings/shortcut-settings"": [""Some shortcuts aren't available in the Postman web app. Also, shortcut modifier keys in Postman may differ depending on your operating system. For example, to open a new tab click **⌘+T** on macOS or **Ctrl+T** on Windows or Linux.""], ""https://learning.postman.com/docs/getting-started/installation/settings/settings-overview"": [], ""https://learning.postman.com/docs/getting-started/basics/navigating-postman"": []}"
workbench-015,workbench,语言设置,桌面 + 服务端,pending,https://docs.apifox.com/keyboard-shortcuts.md;https://docs.apifox.com/language-settings.md;https://docs.apifox.com/account-settings.md;https://docs.apifox.com/page-layout.md,https://learning.postman.com/docs/getting-started/installation/settings/shortcut-settings;https://learning.postman.com/docs/getting-started/installation/settings/settings-overview;https://learning.postman.com/docs/getting-started/basics/navigating-postman,,"{""https://docs.apifox.com/keyboard-shortcuts.md"": [""Web 端目前不支持自定义快捷键，快捷键的设置与客户端保持一致。由于浏览器内置的快捷键优先级更高，当 Apifox 内置的快捷键与浏览器的快捷键产生冲突时，优先激活浏览器的快捷键。""], ""https://docs.apifox.com/language-settings.md"": [], ""https://docs.apifox.com/account-settings.md"": [], ""https://docs.apifox.com/page-layout.md"": [], ""https://learning.postman.com/docs/getting-started/installation/settings/shortcut-settings"": [""Some shortcuts aren't available in the Postman web app. Also, shortcut modifier keys in Postman may differ depending on your operating system. For example, to open a new tab click **⌘+T** on macOS or **Ctrl+T** on Windows or Linux.""], ""https://learning.postman.com/docs/getting-started/installation/settings/settings-overview"": [], ""https://learning.postman.com/docs/getting-started/basics/navigating-postman"": []}"
workbench-016,workbench,客户端网络设置,桌面 + 服务端,pending,https://docs.apifox.com/keyboard-shortcuts.md;https://docs.apifox.com/language-settings.md;https://docs.apifox.com/account-settings.md;https://docs.apifox.com/page-layout.md,https://learning.postman.com/docs/getting-started/installation/settings/shortcut-settings;https://learning.postman.com/docs/getting-started/installation/settings/settings-overview;https://learning.postman.com/docs/getting-started/basics/navigating-postman,,"{""https://docs.apifox.com/keyboard-shortcuts.md"": [""Web 端目前不支持自定义快捷键，快捷键的设置与客户端保持一致。由于浏览器内置的快捷键优先级更高，当 Apifox 内置的快捷键与浏览器的快捷键产生冲突时，优先激活浏览器的快捷键。""], ""https://docs.apifox.com/language-settings.md"": [], ""https://docs.apifox.com/account-settings.md"": [], ""https://docs.apifox.com/page-layout.md"": [], ""https://learning.postman.com/docs/getting-started/installation/settings/shortcut-settings"": [""Some shortcuts aren't available in the Postman web app. Also, shortcut modifier keys in Postman may differ depending on your operating system. For example, to open a new tab click **⌘+T** on macOS or **Ctrl+T** on Windows or Linux.""], ""https://learning.postman.com/docs/getting-started/installation/settings/settings-overview"": [], ""https://learning.postman.com/docs/getting-started/basics/navigating-postman"": []}"
workbench-017,workbench,通知入口,桌面 + 服务端,pending,https://docs.apifox.com/keyboard-shortcuts.md;https://docs.apifox.com/language-settings.md;https://docs.apifox.com/account-settings.md;https://docs.apifox.com/page-layout.md,https://learning.postman.com/docs/getting-started/installation/settings/shortcut-settings;https://learning.postman.com/docs/getting-started/installation/settings/settings-overview;https://learning.postman.com/docs/getting-started/basics/navigating-postman,,"{""https://docs.apifox.com/keyboard-shortcuts.md"": [""Web 端目前不支持自定义快捷键，快捷键的设置与客户端保持一致。由于浏览器内置的快捷键优先级更高，当 Apifox 内置的快捷键与浏览器的快捷键产生冲突时，优先激活浏览器的快捷键。""], ""https://docs.apifox.com/language-settings.md"": [], ""https://docs.apifox.com/account-settings.md"": [], ""https://docs.apifox.com/page-layout.md"": [], ""https://learning.postman.com/docs/getting-started/installation/settings/shortcut-settings"": [""Some shortcuts aren't available in the Postman web app. Also, shortcut modifier keys in Postman may differ depending on your operating system. For example, to open a new tab click **⌘+T** on macOS or **Ctrl+T** on Windows or Linux.""], ""https://learning.postman.com/docs/getting-started/installation/settings/settings-overview"": [], ""https://learning.postman.com/docs/getting-started/basics/navigating-postman"": []}"
workbench-018,workbench,Cookie 管理器,桌面 + 服务端,pending,https://docs.apifox.com/keyboard-shortcuts.md;https://docs.apifox.com/language-settings.md;https://docs.apifox.com/account-settings.md;https://docs.apifox.com/page-layout.md,https://learning.postman.com/docs/getting-started/installation/settings/shortcut-settings;https://learning.postman.com/docs/getting-started/installation/settings/settings-overview;https://learning.postman.com/docs/getting-started/basics/navigating-postman,,"{""https://docs.apifox.com/keyboard-shortcuts.md"": [""Web 端目前不支持自定义快捷键，快捷键的设置与客户端保持一致。由于浏览器内置的快捷键优先级更高，当 Apifox 内置的快捷键与浏览器的快捷键产生冲突时，优先激活浏览器的快捷键。""], ""https://docs.apifox.com/language-settings.md"": [], ""https://docs.apifox.com/account-settings.md"": [], ""https://docs.apifox.com/page-layout.md"": [], ""https://learning.postman.com/docs/getting-started/installation/settings/shortcut-settings"": [""Some shortcuts aren't available in the Postman web app. Also, shortcut modifier keys in Postman may differ depending on your operating system. For example, to open a new tab click **⌘+T** on macOS or **Ctrl+T** on Windows or Linux.""], ""https://learning.postman.com/docs/getting-started/installation/settings/settings-overview"": [], ""https://learning.postman.com/docs/getting-started/basics/navigating-postman"": []}"
workbench-019,workbench,回收站与资源恢复,桌面 + 服务端,pending,https://docs.apifox.com/keyboard-shortcuts.md;https://docs.apifox.com/language-settings.md;https://docs.apifox.com/account-settings.md;https://docs.apifox.com/page-layout.md,https://learning.postman.com/docs/getting-started/installation/settings/shortcut-settings;https://learning.postman.com/docs/getting-started/installation/settings/settings-overview;https://learning.postman.com/docs/getting-started/basics/navigating-postman,,"{""https://docs.apifox.com/keyboard-shortcuts.md"": [""Web 端目前不支持自定义快捷键，快捷键的设置与客户端保持一致。由于浏览器内置的快捷键优先级更高，当 Apifox 内置的快捷键与浏览器的快捷键产生冲突时，优先激活浏览器的快捷键。""], ""https://docs.apifox.com/language-settings.md"": [], ""https://docs.apifox.com/account-settings.md"": [], ""https://docs.apifox.com/page-layout.md"": [], ""https://learning.postman.com/docs/getting-started/installation/settings/shortcut-settings"": [""Some shortcuts aren't available in the Postman web app. Also, shortcut modifier keys in Postman may differ depending on your operating system. For example, to open a new tab click **⌘+T** on macOS or **Ctrl+T** on Windows or Linux.""], ""https://learning.postman.com/docs/getting-started/installation/settings/settings-overview"": [], ""https://learning.postman.com/docs/getting-started/basics/navigating-postman"": []}"
workbench-020,workbench,本地独立离线工作区,桌面 + 服务端,pending,https://docs.apifox.com/offline-space.md,https://learning.postman.com/docs/getting-started/basics/using-api-client,Apifox 离线空间入口需核实；Postman lightweight client 功能不等同完整在线空间。,"{""https://docs.apifox.com/offline-space.md"": [], ""https://learning.postman.com/docs/getting-started/basics/using-api-client"": []}"
workbench-021,workbench,离线转在线迁移,桌面 + 服务端,pending,https://docs.apifox.com/offline-space.md,https://learning.postman.com/docs/getting-started/basics/using-api-client,Apifox 离线空间入口需核实；Postman lightweight client 功能不等同完整在线空间。,"{""https://docs.apifox.com/offline-space.md"": [], ""https://learning.postman.com/docs/getting-started/basics/using-api-client"": []}"
http-001,http,HTTP 方法和 URL,桌面 + 服务端,pending,https://docs.apifox.com/request-url-and-method.md;https://docs.apifox.com/request-headers.md;https://docs.apifox.com/request-params-and-body.md,https://learning.postman.com/docs/use/send-requests/create-requests/request-basics;https://learning.postman.com/docs/use/send-requests/create-requests/parameters;https://learning.postman.com/docs/use/send-requests/create-requests/headers,,"{""https://docs.apifox.com/request-url-and-method.md"": [], ""https://docs.apifox.com/request-headers.md"": [], ""https://docs.apifox.com/request-params-and-body.md"": [], ""https://learning.postman.com/docs/use/send-requests/create-requests/request-basics"": [], ""https://learning.postman.com/docs/use/send-requests/create-requests/parameters"": [], ""https://learning.postman.com/docs/use/send-requests/create-requests/headers"": []}"
http-002,http,Path/Query 参数,桌面 + 服务端,pending,https://docs.apifox.com/request-url-and-method.md;https://docs.apifox.com/request-headers.md;https://docs.apifox.com/request-params-and-body.md,https://learning.postman.com/docs/use/send-requests/create-requests/request-basics;https://learning.postman.com/docs/use/send-requests/create-requests/parameters;https://learning.postman.com/docs/use/send-requests/create-requests/headers,,"{""https://docs.apifox.com/request-url-and-method.md"": [], ""https://docs.apifox.com/request-headers.md"": [], ""https://docs.apifox.com/request-params-and-body.md"": [], ""https://learning.postman.com/docs/use/send-requests/create-requests/request-basics"": [], ""https://learning.postman.com/docs/use/send-requests/create-requests/parameters"": [], ""https://learning.postman.com/docs/use/send-requests/create-requests/headers"": []}"
http-003,http,Header 键值与继承,桌面 + 服务端,pending,https://docs.apifox.com/request-url-and-method.md;https://docs.apifox.com/request-headers.md;https://docs.apifox.com/request-params-and-body.md,https://learning.postman.com/docs/use/send-requests/create-requests/request-basics;https://learning.postman.com/docs/use/send-requests/create-requests/parameters;https://learning.postman.com/docs/use/send-requests/create-requests/headers,,"{""https://docs.apifox.com/request-url-and-method.md"": [], ""https://docs.apifox.com/request-headers.md"": [], ""https://docs.apifox.com/request-params-and-body.md"": [], ""https://learning.postman.com/docs/use/send-requests/create-requests/request-basics"": [], ""https://learning.postman.com/docs/use/send-requests/create-requests/parameters"": [], ""https://learning.postman.com/docs/use/send-requests/create-requests/headers"": []}"
http-004,http,参数描述/启用状态/批量编辑,桌面 + 服务端,pending,https://docs.apifox.com/request-url-and-method.md;https://docs.apifox.com/request-headers.md;https://docs.apifox.com/request-params-and-body.md,https://learning.postman.com/docs/use/send-requests/create-requests/request-basics;https://learning.postman.com/docs/use/send-requests/create-requests/parameters;https://learning.postman.com/docs/use/send-requests/create-requests/headers,,"{""https://docs.apifox.com/request-url-and-method.md"": [], ""https://docs.apifox.com/request-headers.md"": [], ""https://docs.apifox.com/request-params-and-body.md"": [], ""https://learning.postman.com/docs/use/send-requests/create-requests/request-basics"": [], ""https://learning.postman.com/docs/use/send-requests/create-requests/parameters"": [], ""https://learning.postman.com/docs/use/send-requests/create-requests/headers"": []}"
http-005,http,multipart/form-data 与文件上传,桌面 + 服务端,pending,https://docs.apifox.com/request-url-and-method.md;https://docs.apifox.com/request-headers.md;https://docs.apifox.com/request-params-and-body.md,https://learning.postman.com/docs/use/send-requests/create-requests/request-basics;https://learning.postman.com/docs/use/send-requests/create-requests/parameters;https://learning.postman.com/docs/use/send-requests/create-requests/headers,,"{""https://docs.apifox.com/request-url-and-method.md"": [], ""https://docs.apifox.com/request-headers.md"": [], ""https://docs.apifox.com/request-params-and-body.md"": [], ""https://learning.postman.com/docs/use/send-requests/create-requests/request-basics"": [], ""https://learning.postman.com/docs/use/send-requests/create-requests/parameters"": [], ""https://learning.postman.com/docs/use/send-requests/create-requests/headers"": []}"
http-006,http,x-www-form-urlencoded,桌面 + 服务端,pending,https://docs.apifox.com/request-url-and-method.md;https://docs.apifox.com/request-headers.md;https://docs.apifox.com/request-params-and-body.md,https://learning.postman.com/docs/use/send-requests/create-requests/request-basics;https://learning.postman.com/docs/use/send-requests/create-requests/parameters;https://learning.postman.com/docs/use/send-requests/create-requests/headers,,"{""https://docs.apifox.com/request-url-and-method.md"": [], ""https://docs.apifox.com/request-headers.md"": [], ""https://docs.apifox.com/request-params-and-body.md"": [], ""https://learning.postman.com/docs/use/send-requests/create-requests/request-basics"": [], ""https://learning.postman.com/docs/use/send-requests/create-requests/parameters"": [], ""https://learning.postman.com/docs/use/send-requests/create-requests/headers"": []}"
http-007,http,JSON Body,桌面 + 服务端,pending,https://docs.apifox.com/request-url-and-method.md;https://docs.apifox.com/request-headers.md;https://docs.apifox.com/request-params-and-body.md,https://learning.postman.com/docs/use/send-requests/create-requests/request-basics;https://learning.postman.com/docs/use/send-requests/create-requests/parameters;https://learning.postman.com/docs/use/send-requests/create-requests/headers,,"{""https://docs.apifox.com/request-url-and-method.md"": [], ""https://docs.apifox.com/request-headers.md"": [], ""https://docs.apifox.com/request-params-and-body.md"": [], ""https://learning.postman.com/docs/use/send-requests/create-requests/request-basics"": [], ""https://learning.postman.com/docs/use/send-requests/create-requests/parameters"": [], ""https://learning.postman.com/docs/use/send-requests/create-requests/headers"": []}"
http-008,http,XML Body,桌面 + 服务端,pending,https://docs.apifox.com/request-url-and-method.md;https://docs.apifox.com/request-headers.md;https://docs.apifox.com/request-params-and-body.md,https://learning.postman.com/docs/use/send-requests/create-requests/request-basics;https://learning.postman.com/docs/use/send-requests/create-requests/parameters;https://learning.postman.com/docs/use/send-requests/create-requests/headers,,"{""https://docs.apifox.com/request-url-and-method.md"": [], ""https://docs.apifox.com/request-headers.md"": [], ""https://docs.apifox.com/request-params-and-body.md"": [], ""https://learning.postman.com/docs/use/send-requests/create-requests/request-basics"": [], ""https://learning.postman.com/docs/use/send-requests/create-requests/parameters"": [], ""https://learning.postman.com/docs/use/send-requests/create-requests/headers"": []}"
http-009,http,Raw Text Body,桌面 + 服务端,pending,https://docs.apifox.com/request-url-and-method.md;https://docs.apifox.com/request-headers.md;https://docs.apifox.com/request-params-and-body.md,https://learning.postman.com/docs/use/send-requests/create-requests/request-basics;https://learning.postman.com/docs/use/send-requests/create-requests/parameters;https://learning.postman.com/docs/use/send-requests/create-requests/headers,,"{""https://docs.apifox.com/request-url-and-method.md"": [], ""https://docs.apifox.com/request-headers.md"": [], ""https://docs.apifox.com/request-params-and-body.md"": [], ""https://learning.postman.com/docs/use/send-requests/create-requests/request-basics"": [], ""https://learning.postman.com/docs/use/send-requests/create-requests/parameters"": [], ""https://learning.postman.com/docs/use/send-requests/create-requests/headers"": []}"
http-010,http,Binary Body,桌面 + 服务端,pending,https://docs.apifox.com/request-url-and-method.md;https://docs.apifox.com/request-headers.md;https://docs.apifox.com/request-params-and-body.md,https://learning.postman.com/docs/use/send-requests/create-requests/request-basics;https://learning.postman.com/docs/use/send-requests/create-requests/parameters;https://learning.postman.com/docs/use/send-requests/create-requests/headers,,"{""https://docs.apifox.com/request-url-and-method.md"": [], ""https://docs.apifox.com/request-headers.md"": [], ""https://docs.apifox.com/request-params-and-body.md"": [], ""https://learning.postman.com/docs/use/send-requests/create-requests/request-basics"": [], ""https://learning.postman.com/docs/use/send-requests/create-requests/parameters"": [], ""https://learning.postman.com/docs/use/send-requests/create-requests/headers"": []}"
http-011,http,GraphQL HTTP Body,桌面 + 服务端,pending,https://docs.apifox.com/request-url-and-method.md;https://docs.apifox.com/request-headers.md;https://docs.apifox.com/request-params-and-body.md,https://learning.postman.com/docs/use/send-requests/create-requests/request-basics;https://learning.postman.com/docs/use/send-requests/create-requests/parameters;https://learning.postman.com/docs/use/send-requests/create-requests/headers,,"{""https://docs.apifox.com/request-url-and-method.md"": [], ""https://docs.apifox.com/request-headers.md"": [], ""https://docs.apifox.com/request-params-and-body.md"": [], ""https://learning.postman.com/docs/use/send-requests/create-requests/request-basics"": [], ""https://learning.postman.com/docs/use/send-requests/create-requests/parameters"": [], ""https://learning.postman.com/docs/use/send-requests/create-requests/headers"": []}"
http-012,http,URL 编解码,桌面 + 服务端,pending,https://docs.apifox.com/request-url-and-method.md;https://docs.apifox.com/request-headers.md;https://docs.apifox.com/request-params-and-body.md,https://learning.postman.com/docs/use/send-requests/create-requests/request-basics;https://learning.postman.com/docs/use/send-requests/create-requests/parameters;https://learning.postman.com/docs/use/send-requests/create-requests/headers,,"{""https://docs.apifox.com/request-url-and-method.md"": [], ""https://docs.apifox.com/request-headers.md"": [], ""https://docs.apifox.com/request-params-and-body.md"": [], ""https://learning.postman.com/docs/use/send-requests/create-requests/request-basics"": [], ""https://learning.postman.com/docs/use/send-requests/create-requests/parameters"": [], ""https://learning.postman.com/docs/use/send-requests/create-requests/headers"": []}"
http-013,http,MessagePack Body,桌面 + 服务端,pending,https://docs.apifox.com/request-params-and-body.md,,,"{""https://docs.apifox.com/request-params-and-body.md"": []}"
http-014,http,状态/耗时/大小展示,桌面 + 服务端,pending,https://docs.apifox.com/api-response.md;https://docs.apifox.com/actual-request.md;https://docs.apifox.com/request-history.md;https://docs.apifox.com/extract-response-example.md;https://docs.apifox.com/response-data-visualization.md,https://learning.postman.com/docs/use/send-requests/response-data/responses;https://learning.postman.com/docs/use/send-requests/response-data/visualizer;https://learning.postman.com/docs/use/send-requests/response-data/examples;https://learning.postman.com/docs/use/send-requests/response-data/cookies;https://learning.postman.com/docs/use/send-requests/response-data/troubleshooting-api-requests,,"{""https://docs.apifox.com/api-response.md"": [], ""https://docs.apifox.com/actual-request.md"": [], ""https://docs.apifox.com/request-history.md"": [], ""https://docs.apifox.com/extract-response-example.md"": [], ""https://docs.apifox.com/response-data-visualization.md"": [], ""https://learning.postman.com/docs/use/send-requests/response-data/responses"": [], ""https://learning.postman.com/docs/use/send-requests/response-data/visualizer"": [""> The Visualizer Developer Tools are only available in the [Postman desktop app](/docs/getting-started/installation/install-app/).""], ""https://learning.postman.com/docs/use/send-requests/response-data/examples"": [], ""https://learning.postman.com/docs/use/send-requests/response-data/cookies"": [], ""https://learning.postman.com/docs/use/send-requests/response-data/troubleshooting-api-requests"": []}"
http-015,http,JSON/XML 格式化与原文,桌面 + 服务端,pending,https://docs.apifox.com/api-response.md;https://docs.apifox.com/actual-request.md;https://docs.apifox.com/request-history.md;https://docs.apifox.com/extract-response-example.md;https://docs.apifox.com/response-data-visualization.md,https://learning.postman.com/docs/use/send-requests/response-data/responses;https://learning.postman.com/docs/use/send-requests/response-data/visualizer;https://learning.postman.com/docs/use/send-requests/response-data/examples;https://learning.postman.com/docs/use/send-requests/response-data/cookies;https://learning.postman.com/docs/use/send-requests/response-data/troubleshooting-api-requests,,"{""https://docs.apifox.com/api-response.md"": [], ""https://docs.apifox.com/actual-request.md"": [], ""https://docs.apifox.com/request-history.md"": [], ""https://docs.apifox.com/extract-response-example.md"": [], ""https://docs.apifox.com/response-data-visualization.md"": [], ""https://learning.postman.com/docs/use/send-requests/response-data/responses"": [], ""https://learning.postman.com/docs/use/send-requests/response-data/visualizer"": [""> The Visualizer Developer Tools are only available in the [Postman desktop app](/docs/getting-started/installation/install-app/).""], ""https://learning.postman.com/docs/use/send-requests/response-data/examples"": [], ""https://learning.postman.com/docs/use/send-requests/response-data/cookies"": [], ""https://learning.postman.com/docs/use/send-requests/response-data/troubleshooting-api-requests"": []}"
http-016,http,响应内搜索和折叠,桌面 + 服务端,pending,https://docs.apifox.com/api-response.md;https://docs.apifox.com/actual-request.md;https://docs.apifox.com/request-history.md;https://docs.apifox.com/extract-response-example.md;https://docs.apifox.com/response-data-visualization.md,https://learning.postman.com/docs/use/send-requests/response-data/responses;https://learning.postman.com/docs/use/send-requests/response-data/visualizer;https://learning.postman.com/docs/use/send-requests/response-data/examples;https://learning.postman.com/docs/use/send-requests/response-data/cookies;https://learning.postman.com/docs/use/send-requests/response-data/troubleshooting-api-requests,,"{""https://docs.apifox.com/api-response.md"": [], ""https://docs.apifox.com/actual-request.md"": [], ""https://docs.apifox.com/request-history.md"": [], ""https://docs.apifox.com/extract-response-example.md"": [], ""https://docs.apifox.com/response-data-visualization.md"": [], ""https://learning.postman.com/docs/use/send-requests/response-data/responses"": [], ""https://learning.postman.com/docs/use/send-requests/response-data/visualizer"": [""> The Visualizer Developer Tools are only available in the [Postman desktop app](/docs/getting-started/installation/install-app/).""], ""https://learning.postman.com/docs/use/send-requests/response-data/examples"": [], ""https://learning.postman.com/docs/use/send-requests/response-data/cookies"": [], ""https://learning.postman.com/docs/use/send-requests/response-data/troubleshooting-api-requests"": []}"
http-017,http,响应图像/HTML/可视化,桌面 + 服务端,pending,https://docs.apifox.com/api-response.md;https://docs.apifox.com/actual-request.md;https://docs.apifox.com/request-history.md;https://docs.apifox.com/extract-response-example.md;https://docs.apifox.com/response-data-visualization.md,https://learning.postman.com/docs/use/send-requests/response-data/responses;https://learning.postman.com/docs/use/send-requests/response-data/visualizer;https://learning.postman.com/docs/use/send-requests/response-data/examples;https://learning.postman.com/docs/use/send-requests/response-data/cookies;https://learning.postman.com/docs/use/send-requests/response-data/troubleshooting-api-requests,,"{""https://docs.apifox.com/api-response.md"": [], ""https://docs.apifox.com/actual-request.md"": [], ""https://docs.apifox.com/request-history.md"": [], ""https://docs.apifox.com/extract-response-example.md"": [], ""https://docs.apifox.com/response-data-visualization.md"": [], ""https://learning.postman.com/docs/use/send-requests/response-data/responses"": [], ""https://learning.postman.com/docs/use/send-requests/response-data/visualizer"": [""> The Visualizer Developer Tools are only available in the [Postman desktop app](/docs/getting-started/installation/install-app/).""], ""https://learning.postman.com/docs/use/send-requests/response-data/examples"": [], ""https://learning.postman.com/docs/use/send-requests/response-data/cookies"": [], ""https://learning.postman.com/docs/use/send-requests/response-data/troubleshooting-api-requests"": []}"
http-018,http,响应 Header 与 Cookie,桌面 + 服务端,pending,https://docs.apifox.com/api-response.md;https://docs.apifox.com/actual-request.md;https://docs.apifox.com/request-history.md;https://docs.apifox.com/extract-response-example.md;https://docs.apifox.com/response-data-visualization.md,https://learning.postman.com/docs/use/send-requests/response-data/responses;https://learning.postman.com/docs/use/send-requests/response-data/visualizer;https://learning.postman.com/docs/use/send-requests/response-data/examples;https://learning.postman.com/docs/use/send-requests/response-data/cookies;https://learning.postman.com/docs/use/send-requests/response-data/troubleshooting-api-requests,,"{""https://docs.apifox.com/api-response.md"": [], ""https://docs.apifox.com/actual-request.md"": [], ""https://docs.apifox.com/request-history.md"": [], ""https://docs.apifox.com/extract-response-example.md"": [], ""https://docs.apifox.com/response-data-visualization.md"": [], ""https://learning.postman.com/docs/use/send-requests/response-data/responses"": [], ""https://learning.postman.com/docs/use/send-requests/response-data/visualizer"": [""> The Visualizer Developer Tools are only available in the [Postman desktop app](/docs/getting-started/installation/install-app/).""], ""https://learning.postman.com/docs/use/send-requests/response-data/examples"": [], ""https://learning.postman.com/docs/use/send-requests/response-data/cookies"": [], ""https://learning.postman.com/docs/use/send-requests/response-data/troubleshooting-api-requests"": []}"
http-019,http,实际请求与连接信息,桌面 + 服务端,pending,https://docs.apifox.com/api-response.md;https://docs.apifox.com/actual-request.md;https://docs.apifox.com/request-history.md;https://docs.apifox.com/extract-response-example.md;https://docs.apifox.com/response-data-visualization.md,https://learning.postman.com/docs/use/send-requests/response-data/responses;https://learning.postman.com/docs/use/send-requests/response-data/visualizer;https://learning.postman.com/docs/use/send-requests/response-data/examples;https://learning.postman.com/docs/use/send-requests/response-data/cookies;https://learning.postman.com/docs/use/send-requests/response-data/troubleshooting-api-requests,,"{""https://docs.apifox.com/api-response.md"": [], ""https://docs.apifox.com/actual-request.md"": [], ""https://docs.apifox.com/request-history.md"": [], ""https://docs.apifox.com/extract-response-example.md"": [], ""https://docs.apifox.com/response-data-visualization.md"": [], ""https://learning.postman.com/docs/use/send-requests/response-data/responses"": [], ""https://learning.postman.com/docs/use/send-requests/response-data/visualizer"": [""> The Visualizer Developer Tools are only available in the [Postman desktop app](/docs/getting-started/installation/install-app/).""], ""https://learning.postman.com/docs/use/send-requests/response-data/examples"": [], ""https://learning.postman.com/docs/use/send-requests/response-data/cookies"": [], ""https://learning.postman.com/docs/use/send-requests/response-data/troubleshooting-api-requests"": []}"
http-020,http,保存响应为示例,桌面 + 服务端,pending,https://docs.apifox.com/api-response.md;https://docs.apifox.com/actual-request.md;https://docs.apifox.com/request-history.md;https://docs.apifox.com/extract-response-example.md;https://docs.apifox.com/response-data-visualization.md,https://learning.postman.com/docs/use/send-requests/response-data/responses;https://learning.postman.com/docs/use/send-requests/response-data/visualizer;https://learning.postman.com/docs/use/send-requests/response-data/examples;https://learning.postman.com/docs/use/send-requests/response-data/cookies;https://learning.postman.com/docs/use/send-requests/response-data/troubleshooting-api-requests,,"{""https://docs.apifox.com/api-response.md"": [], ""https://docs.apifox.com/actual-request.md"": [], ""https://docs.apifox.com/request-history.md"": [], ""https://docs.apifox.com/extract-response-example.md"": [], ""https://docs.apifox.com/response-data-visualization.md"": [], ""https://learning.postman.com/docs/use/send-requests/response-data/responses"": [], ""https://learning.postman.com/docs/use/send-requests/response-data/visualizer"": [""> The Visualizer Developer Tools are only available in the [Postman desktop app](/docs/getting-started/installation/install-app/).""], ""https://learning.postman.com/docs/use/send-requests/response-data/examples"": [], ""https://learning.postman.com/docs/use/send-requests/response-data/cookies"": [], ""https://learning.postman.com/docs/use/send-requests/response-data/troubleshooting-api-requests"": []}"
http-021,http,下载与复制响应,桌面 + 服务端,pending,https://docs.apifox.com/api-response.md;https://docs.apifox.com/actual-request.md;https://docs.apifox.com/request-history.md;https://docs.apifox.com/extract-response-example.md;https://docs.apifox.com/response-data-visualization.md,https://learning.postman.com/docs/use/send-requests/response-data/responses;https://learning.postman.com/docs/use/send-requests/response-data/visualizer;https://learning.postman.com/docs/use/send-requests/response-data/examples;https://learning.postman.com/docs/use/send-requests/response-data/cookies;https://learning.postman.com/docs/use/send-requests/response-data/troubleshooting-api-requests,,"{""https://docs.apifox.com/api-response.md"": [], ""https://docs.apifox.com/actual-request.md"": [], ""https://docs.apifox.com/request-history.md"": [], ""https://docs.apifox.com/extract-response-example.md"": [], ""https://docs.apifox.com/response-data-visualization.md"": [], ""https://learning.postman.com/docs/use/send-requests/response-data/responses"": [], ""https://learning.postman.com/docs/use/send-requests/response-data/visualizer"": [""> The Visualizer Developer Tools are only available in the [Postman desktop app](/docs/getting-started/installation/install-app/).""], ""https://learning.postman.com/docs/use/send-requests/response-data/examples"": [], ""https://learning.postman.com/docs/use/send-requests/response-data/cookies"": [], ""https://learning.postman.com/docs/use/send-requests/response-data/troubleshooting-api-requests"": []}"
http-022,http,发送/取消/重发,桌面 + 服务端,pending,https://docs.apifox.com/api-response.md;https://docs.apifox.com/actual-request.md;https://docs.apifox.com/request-history.md;https://docs.apifox.com/extract-response-example.md;https://docs.apifox.com/response-data-visualization.md,https://learning.postman.com/docs/use/send-requests/response-data/responses;https://learning.postman.com/docs/use/send-requests/response-data/visualizer;https://learning.postman.com/docs/use/send-requests/response-data/examples;https://learning.postman.com/docs/use/send-requests/response-data/cookies;https://learning.postman.com/docs/use/send-requests/response-data/troubleshooting-api-requests,,"{""https://docs.apifox.com/api-response.md"": [], ""https://docs.apifox.com/actual-request.md"": [], ""https://docs.apifox.com/request-history.md"": [], ""https://docs.apifox.com/extract-response-example.md"": [], ""https://docs.apifox.com/response-data-visualization.md"": [], ""https://learning.postman.com/docs/use/send-requests/response-data/responses"": [], ""https://learning.postman.com/docs/use/send-requests/response-data/visualizer"": [""> The Visualizer Developer Tools are only available in the [Postman desktop app](/docs/getting-started/installation/install-app/).""], ""https://learning.postman.com/docs/use/send-requests/response-data/examples"": [], ""https://learning.postman.com/docs/use/send-requests/response-data/cookies"": [], ""https://learning.postman.com/docs/use/send-requests/response-data/troubleshooting-api-requests"": []}"
http-023,http,请求历史与从历史恢复,桌面 + 服务端,pending,https://docs.apifox.com/api-response.md;https://docs.apifox.com/actual-request.md;https://docs.apifox.com/request-history.md;https://docs.apifox.com/extract-response-example.md;https://docs.apifox.com/response-data-visualization.md,https://learning.postman.com/docs/use/send-requests/response-data/responses;https://learning.postman.com/docs/use/send-requests/response-data/visualizer;https://learning.postman.com/docs/use/send-requests/response-data/examples;https://learning.postman.com/docs/use/send-requests/response-data/cookies;https://learning.postman.com/docs/use/send-requests/response-data/troubleshooting-api-requests,,"{""https://docs.apifox.com/api-response.md"": [], ""https://docs.apifox.com/actual-request.md"": [], ""https://docs.apifox.com/request-history.md"": [], ""https://docs.apifox.com/extract-response-example.md"": [], ""https://docs.apifox.com/response-data-visualization.md"": [], ""https://learning.postman.com/docs/use/send-requests/response-data/responses"": [], ""https://learning.postman.com/docs/use/send-requests/response-data/visualizer"": [""> The Visualizer Developer Tools are only available in the [Postman desktop app](/docs/getting-started/installation/install-app/).""], ""https://learning.postman.com/docs/use/send-requests/response-data/examples"": [], ""https://learning.postman.com/docs/use/send-requests/response-data/cookies"": [], ""https://learning.postman.com/docs/use/send-requests/response-data/troubleshooting-api-requests"": []}"
auth-001,auth,No Auth,桌面 + 服务端,pending,https://docs.apifox.com/authorization-types.md;https://docs.apifox.com/oauth2.md,https://learning.postman.com/docs/use/send-requests/authorization/authorization-types;https://learning.postman.com/docs/use/send-requests/authorization/oauth-20,,"{""https://docs.apifox.com/authorization-types.md"": [], ""https://docs.apifox.com/oauth2.md"": [], ""https://learning.postman.com/docs/use/send-requests/authorization/authorization-types"": [], ""https://learning.postman.com/docs/use/send-requests/authorization/oauth-20"": [""Auto-refresh is available when a refresh token is present. If no refresh token is present, the **Auto-refresh access token** toggle and the manual **Refresh** option aren't available. To check if a refresh token is present, select **Manage Tokens** in the **Token** dropdown list. If a refresh token is not present, check with the authorization service. Postman can't refresh the access tokens without the refresh token.""]}"
auth-002,auth,从请求/目录/集合继承鉴权,桌面 + 服务端,pending,https://docs.apifox.com/authorization-types.md;https://docs.apifox.com/oauth2.md,https://learning.postman.com/docs/use/send-requests/authorization/authorization-types;https://learning.postman.com/docs/use/send-requests/authorization/oauth-20,,"{""https://docs.apifox.com/authorization-types.md"": [], ""https://docs.apifox.com/oauth2.md"": [], ""https://learning.postman.com/docs/use/send-requests/authorization/authorization-types"": [], ""https://learning.postman.com/docs/use/send-requests/authorization/oauth-20"": [""Auto-refresh is available when a refresh token is present. If no refresh token is present, the **Auto-refresh access token** toggle and the manual **Refresh** option aren't available. To check if a refresh token is present, select **Manage Tokens** in the **Token** dropdown list. If a refresh token is not present, check with the authorization service. Postman can't refresh the access tokens without the refresh token.""]}"
auth-003,auth,API Key Header/Query,桌面 + 服务端,pending,https://docs.apifox.com/authorization-types.md;https://docs.apifox.com/oauth2.md,https://learning.postman.com/docs/use/send-requests/authorization/authorization-types;https://learning.postman.com/docs/use/send-requests/authorization/oauth-20,,"{""https://docs.apifox.com/authorization-types.md"": [], ""https://docs.apifox.com/oauth2.md"": [], ""https://learning.postman.com/docs/use/send-requests/authorization/authorization-types"": [], ""https://learning.postman.com/docs/use/send-requests/authorization/oauth-20"": [""Auto-refresh is available when a refresh token is present. If no refresh token is present, the **Auto-refresh access token** toggle and the manual **Refresh** option aren't available. To check if a refresh token is present, select **Manage Tokens** in the **Token** dropdown list. If a refresh token is not present, check with the authorization service. Postman can't refresh the access tokens without the refresh token.""]}"
auth-004,auth,Bearer Token,桌面 + 服务端,pending,https://docs.apifox.com/authorization-types.md;https://docs.apifox.com/oauth2.md,https://learning.postman.com/docs/use/send-requests/authorization/authorization-types;https://learning.postman.com/docs/use/send-requests/authorization/oauth-20,,"{""https://docs.apifox.com/authorization-types.md"": [], ""https://docs.apifox.com/oauth2.md"": [], ""https://learning.postman.com/docs/use/send-requests/authorization/authorization-types"": [], ""https://learning.postman.com/docs/use/send-requests/authorization/oauth-20"": [""Auto-refresh is available when a refresh token is present. If no refresh token is present, the **Auto-refresh access token** toggle and the manual **Refresh** option aren't available. To check if a refresh token is present, select **Manage Tokens** in the **Token** dropdown list. If a refresh token is not present, check with the authorization service. Postman can't refresh the access tokens without the refresh token.""]}"
auth-005,auth,Basic Auth,桌面 + 服务端,pending,https://docs.apifox.com/authorization-types.md;https://docs.apifox.com/oauth2.md,https://learning.postman.com/docs/use/send-requests/authorization/authorization-types;https://learning.postman.com/docs/use/send-requests/authorization/oauth-20,,"{""https://docs.apifox.com/authorization-types.md"": [], ""https://docs.apifox.com/oauth2.md"": [], ""https://learning.postman.com/docs/use/send-requests/authorization/authorization-types"": [], ""https://learning.postman.com/docs/use/send-requests/authorization/oauth-20"": [""Auto-refresh is available when a refresh token is present. If no refresh token is present, the **Auto-refresh access token** toggle and the manual **Refresh** option aren't available. To check if a refresh token is present, select **Manage Tokens** in the **Token** dropdown list. If a refresh token is not present, check with the authorization service. Postman can't refresh the access tokens without the refresh token.""]}"
auth-006,auth,JWT 生成/算法/签名,桌面 + 服务端,pending,https://docs.apifox.com/authorization-types.md;https://docs.apifox.com/oauth2.md,https://learning.postman.com/docs/use/send-requests/authorization/authorization-types;https://learning.postman.com/docs/use/send-requests/authorization/oauth-20,,"{""https://docs.apifox.com/authorization-types.md"": [], ""https://docs.apifox.com/oauth2.md"": [], ""https://learning.postman.com/docs/use/send-requests/authorization/authorization-types"": [], ""https://learning.postman.com/docs/use/send-requests/authorization/oauth-20"": [""Auto-refresh is available when a refresh token is present. If no refresh token is present, the **Auto-refresh access token** toggle and the manual **Refresh** option aren't available. To check if a refresh token is present, select **Manage Tokens** in the **Token** dropdown list. If a refresh token is not present, check with the authorization service. Postman can't refresh the access tokens without the refresh token.""]}"
auth-007,auth,Digest Auth,桌面 + 服务端,pending,https://docs.apifox.com/authorization-types.md;https://docs.apifox.com/oauth2.md,https://learning.postman.com/docs/use/send-requests/authorization/authorization-types;https://learning.postman.com/docs/use/send-requests/authorization/oauth-20,,"{""https://docs.apifox.com/authorization-types.md"": [], ""https://docs.apifox.com/oauth2.md"": [], ""https://learning.postman.com/docs/use/send-requests/authorization/authorization-types"": [], ""https://learning.postman.com/docs/use/send-requests/authorization/oauth-20"": [""Auto-refresh is available when a refresh token is present. If no refresh token is present, the **Auto-refresh access token** toggle and the manual **Refresh** option aren't available. To check if a refresh token is present, select **Manage Tokens** in the **Token** dropdown list. If a refresh token is not present, check with the authorization service. Postman can't refresh the access tokens without the refresh token.""]}"
auth-008,auth,OAuth 1.0,桌面 + 服务端,pending,https://docs.apifox.com/authorization-types.md;https://docs.apifox.com/oauth2.md,https://learning.postman.com/docs/use/send-requests/authorization/authorization-types;https://learning.postman.com/docs/use/send-requests/authorization/oauth-20,,"{""https://docs.apifox.com/authorization-types.md"": [], ""https://docs.apifox.com/oauth2.md"": [], ""https://learning.postman.com/docs/use/send-requests/authorization/authorization-types"": [], ""https://learning.postman.com/docs/use/send-requests/authorization/oauth-20"": [""Auto-refresh is available when a refresh token is present. If no refresh token is present, the **Auto-refresh access token** toggle and the manual **Refresh** option aren't available. To check if a refresh token is present, select **Manage Tokens** in the **Token** dropdown list. If a refresh token is not present, check with the authorization service. Postman can't refresh the access tokens without the refresh token.""]}"
auth-009,auth,OAuth 2.0 与 PKCE,桌面 + 服务端,pending,https://docs.apifox.com/authorization-types.md;https://docs.apifox.com/oauth2.md,https://learning.postman.com/docs/use/send-requests/authorization/authorization-types;https://learning.postman.com/docs/use/send-requests/authorization/oauth-20,,"{""https://docs.apifox.com/authorization-types.md"": [], ""https://docs.apifox.com/oauth2.md"": [], ""https://learning.postman.com/docs/use/send-requests/authorization/authorization-types"": [], ""https://learning.postman.com/docs/use/send-requests/authorization/oauth-20"": [""Auto-refresh is available when a refresh token is present. If no refresh token is present, the **Auto-refresh access token** toggle and the manual **Refresh** option aren't available. To check if a refresh token is present, select **Manage Tokens** in the **Token** dropdown list. If a refresh token is not present, check with the authorization service. Postman can't refresh the access tokens without the refresh token.""]}"
auth-010,auth,OAuth Token 获取/刷新/管理,桌面 + 服务端,pending,https://docs.apifox.com/authorization-types.md;https://docs.apifox.com/oauth2.md,https://learning.postman.com/docs/use/send-requests/authorization/authorization-types;https://learning.postman.com/docs/use/send-requests/authorization/oauth-20,,"{""https://docs.apifox.com/authorization-types.md"": [], ""https://docs.apifox.com/oauth2.md"": [], ""https://learning.postman.com/docs/use/send-requests/authorization/authorization-types"": [], ""https://learning.postman.com/docs/use/send-requests/authorization/oauth-20"": [""Auto-refresh is available when a refresh token is present. If no refresh token is present, the **Auto-refresh access token** toggle and the manual **Refresh** option aren't available. To check if a refresh token is present, select **Manage Tokens** in the **Token** dropdown list. If a refresh token is not present, check with the authorization service. Postman can't refresh the access tokens without the refresh token.""]}"
auth-011,auth,Hawk,桌面 + 服务端,pending,https://docs.apifox.com/authorization-types.md;https://docs.apifox.com/oauth2.md,https://learning.postman.com/docs/use/send-requests/authorization/authorization-types;https://learning.postman.com/docs/use/send-requests/authorization/oauth-20,,"{""https://docs.apifox.com/authorization-types.md"": [], ""https://docs.apifox.com/oauth2.md"": [], ""https://learning.postman.com/docs/use/send-requests/authorization/authorization-types"": [], ""https://learning.postman.com/docs/use/send-requests/authorization/oauth-20"": [""Auto-refresh is available when a refresh token is present. If no refresh token is present, the **Auto-refresh access token** toggle and the manual **Refresh** option aren't available. To check if a refresh token is present, select **Manage Tokens** in the **Token** dropdown list. If a refresh token is not present, check with the authorization service. Postman can't refresh the access tokens without the refresh token.""]}"
auth-012,auth,NTLM,桌面 + 服务端,pending,https://docs.apifox.com/authorization-types.md;https://docs.apifox.com/oauth2.md,https://learning.postman.com/docs/use/send-requests/authorization/authorization-types;https://learning.postman.com/docs/use/send-requests/authorization/oauth-20,,"{""https://docs.apifox.com/authorization-types.md"": [], ""https://docs.apifox.com/oauth2.md"": [], ""https://learning.postman.com/docs/use/send-requests/authorization/authorization-types"": [], ""https://learning.postman.com/docs/use/send-requests/authorization/oauth-20"": [""Auto-refresh is available when a refresh token is present. If no refresh token is present, the **Auto-refresh access token** toggle and the manual **Refresh** option aren't available. To check if a refresh token is present, select **Manage Tokens** in the **Token** dropdown list. If a refresh token is not present, check with the authorization service. Postman can't refresh the access tokens without the refresh token.""]}"
auth-013,auth,Akamai EdgeGrid,桌面 + 服务端,pending,https://docs.apifox.com/authorization-types.md;https://docs.apifox.com/oauth2.md,https://learning.postman.com/docs/use/send-requests/authorization/authorization-types;https://learning.postman.com/docs/use/send-requests/authorization/oauth-20,,"{""https://docs.apifox.com/authorization-types.md"": [], ""https://docs.apifox.com/oauth2.md"": [], ""https://learning.postman.com/docs/use/send-requests/authorization/authorization-types"": [], ""https://learning.postman.com/docs/use/send-requests/authorization/oauth-20"": [""Auto-refresh is available when a refresh token is present. If no refresh token is present, the **Auto-refresh access token** toggle and the manual **Refresh** option aren't available. To check if a refresh token is present, select **Manage Tokens** in the **Token** dropdown list. If a refresh token is not present, check with the authorization service. Postman can't refresh the access tokens without the refresh token.""]}"
auth-014,auth,Kerberos,桌面 + 服务端,pending,https://docs.apifox.com/kerberos.md,,,"{""https://docs.apifox.com/kerberos.md"": []}"
auth-015,auth,AWS Signature,桌面 + 服务端,pending,,https://learning.postman.com/docs/use/send-requests/authorization/aws-signature,,"{""https://learning.postman.com/docs/use/send-requests/authorization/aws-signature"": []}"
auth-016,auth,Atlassian Token,桌面 + 服务端,pending,,https://learning.postman.com/docs/use/send-requests/authorization/atlassian,,"{""https://learning.postman.com/docs/use/send-requests/authorization/atlassian"": []}"
auth-017,auth,公共 API Guided Auth,桌面 + 服务端,pending,,https://learning.postman.com/docs/use/send-requests/authorization/authentication-for-public-apis,,"{""https://learning.postman.com/docs/use/send-requests/authorization/authentication-for-public-apis"": []}"
network-001,network,CA 与客户端证书/mTLS,桌面 + 服务端,pending,https://docs.apifox.com/ca-and-client-certificates.md;https://docs.apifox.com/network-proxy.md;https://docs.apifox.com/client-side-request-proxy.md;https://docs.apifox.com/request-proxy-in-web.md;https://docs.apifox.com/share-document-proxy.md;https://docs.apifox.com/http2.md;https://docs.apifox.com/create-and-send-cookie.md,https://learning.postman.com/docs/use/send-requests/authorization/certificates;https://learning.postman.com/docs/getting-started/basics/about-postman-agent;https://learning.postman.com/docs/use/send-requests/create-requests/request-settings;https://learning.postman.com/docs/use/send-requests/response-data/cookies,,"{""https://docs.apifox.com/ca-and-client-certificates.md"": [], ""https://docs.apifox.com/network-proxy.md"": [], ""https://docs.apifox.com/client-side-request-proxy.md"": [], ""https://docs.apifox.com/request-proxy-in-web.md"": [], ""https://docs.apifox.com/share-document-proxy.md"": [], ""https://docs.apifox.com/http2.md"": [""`HTTP/2 应用层协议协商`：**默认选项**，Apifox 会尝试使用 HTTP/2 协议建立连接，并使用 HTTP/2 协议发送请求；当接口不支持时将自动退回至 HTTP/1.1。"", ""`HTTP/2 先验知识`：建立 h2c 连接，如果接口不支持 HTTP/2 协议则直接连接失败，不会自动退回 HTTP/1.1。""], ""https://docs.apifox.com/create-and-send-cookie.md"": [], ""https://learning.postman.com/docs/use/send-requests/authorization/certificates"": [], ""https://learning.postman.com/docs/getting-started/basics/about-postman-agent"": [""The Interceptor Agent doesn't support using [CA, self-signed, or client certificates](/docs/use/send-requests/authorization/certificates/). If you select the Interceptor Agent, the following [request settings](/docs/use/send-requests/create-requests/request-settings/) aren't available:""], ""https://learning.postman.com/docs/use/send-requests/create-requests/request-settings"": [], ""https://learning.postman.com/docs/use/send-requests/response-data/cookies"": []}"
network-002,network,TLS 验证设置,桌面 + 服务端,pending,https://docs.apifox.com/ca-and-client-certificates.md;https://docs.apifox.com/network-proxy.md;https://docs.apifox.com/client-side-request-proxy.md;https://docs.apifox.com/request-proxy-in-web.md;https://docs.apifox.com/share-document-proxy.md;https://docs.apifox.com/http2.md;https://docs.apifox.com/create-and-send-cookie.md,https://learning.postman.com/docs/use/send-requests/authorization/certificates;https://learning.postman.com/docs/getting-started/basics/about-postman-agent;https://learning.postman.com/docs/use/send-requests/create-requests/request-settings;https://learning.postman.com/docs/use/send-requests/response-data/cookies,,"{""https://docs.apifox.com/ca-and-client-certificates.md"": [], ""https://docs.apifox.com/network-proxy.md"": [], ""https://docs.apifox.com/client-side-request-proxy.md"": [], ""https://docs.apifox.com/request-proxy-in-web.md"": [], ""https://docs.apifox.com/share-document-proxy.md"": [], ""https://docs.apifox.com/http2.md"": [""`HTTP/2 应用层协议协商`：**默认选项**，Apifox 会尝试使用 HTTP/2 协议建立连接，并使用 HTTP/2 协议发送请求；当接口不支持时将自动退回至 HTTP/1.1。"", ""`HTTP/2 先验知识`：建立 h2c 连接，如果接口不支持 HTTP/2 协议则直接连接失败，不会自动退回 HTTP/1.1。""], ""https://docs.apifox.com/create-and-send-cookie.md"": [], ""https://learning.postman.com/docs/use/send-requests/authorization/certificates"": [], ""https://learning.postman.com/docs/getting-started/basics/about-postman-agent"": [""The Interceptor Agent doesn't support using [CA, self-signed, or client certificates](/docs/use/send-requests/authorization/certificates/). If you select the Interceptor Agent, the following [request settings](/docs/use/send-requests/create-requests/request-settings/) aren't available:""], ""https://learning.postman.com/docs/use/send-requests/create-requests/request-settings"": [], ""https://learning.postman.com/docs/use/send-requests/response-data/cookies"": []}"
network-003,network,客户端网络代理,桌面 + 服务端,pending,https://docs.apifox.com/ca-and-client-certificates.md;https://docs.apifox.com/network-proxy.md;https://docs.apifox.com/client-side-request-proxy.md;https://docs.apifox.com/request-proxy-in-web.md;https://docs.apifox.com/share-document-proxy.md;https://docs.apifox.com/http2.md;https://docs.apifox.com/create-and-send-cookie.md,https://learning.postman.com/docs/use/send-requests/authorization/certificates;https://learning.postman.com/docs/getting-started/basics/about-postman-agent;https://learning.postman.com/docs/use/send-requests/create-requests/request-settings;https://learning.postman.com/docs/use/send-requests/response-data/cookies,,"{""https://docs.apifox.com/ca-and-client-certificates.md"": [], ""https://docs.apifox.com/network-proxy.md"": [], ""https://docs.apifox.com/client-side-request-proxy.md"": [], ""https://docs.apifox.com/request-proxy-in-web.md"": [], ""https://docs.apifox.com/share-document-proxy.md"": [], ""https://docs.apifox.com/http2.md"": [""`HTTP/2 应用层协议协商`：**默认选项**，Apifox 会尝试使用 HTTP/2 协议建立连接，并使用 HTTP/2 协议发送请求；当接口不支持时将自动退回至 HTTP/1.1。"", ""`HTTP/2 先验知识`：建立 h2c 连接，如果接口不支持 HTTP/2 协议则直接连接失败，不会自动退回 HTTP/1.1。""], ""https://docs.apifox.com/create-and-send-cookie.md"": [], ""https://learning.postman.com/docs/use/send-requests/authorization/certificates"": [], ""https://learning.postman.com/docs/getting-started/basics/about-postman-agent"": [""The Interceptor Agent doesn't support using [CA, self-signed, or client certificates](/docs/use/send-requests/authorization/certificates/). If you select the Interceptor Agent, the following [request settings](/docs/use/send-requests/create-requests/request-settings/) aren't available:""], ""https://learning.postman.com/docs/use/send-requests/create-requests/request-settings"": [], ""https://learning.postman.com/docs/use/send-requests/response-data/cookies"": []}"
network-004,network,Web 端请求代理/Agent,桌面 + 服务端,pending,https://docs.apifox.com/ca-and-client-certificates.md;https://docs.apifox.com/network-proxy.md;https://docs.apifox.com/client-side-request-proxy.md;https://docs.apifox.com/request-proxy-in-web.md;https://docs.apifox.com/share-document-proxy.md;https://docs.apifox.com/http2.md;https://docs.apifox.com/create-and-send-cookie.md,https://learning.postman.com/docs/use/send-requests/authorization/certificates;https://learning.postman.com/docs/getting-started/basics/about-postman-agent;https://learning.postman.com/docs/use/send-requests/create-requests/request-settings;https://learning.postman.com/docs/use/send-requests/response-data/cookies,,"{""https://docs.apifox.com/ca-and-client-certificates.md"": [], ""https://docs.apifox.com/network-proxy.md"": [], ""https://docs.apifox.com/client-side-request-proxy.md"": [], ""https://docs.apifox.com/request-proxy-in-web.md"": [], ""https://docs.apifox.com/share-document-proxy.md"": [], ""https://docs.apifox.com/http2.md"": [""`HTTP/2 应用层协议协商`：**默认选项**，Apifox 会尝试使用 HTTP/2 协议建立连接，并使用 HTTP/2 协议发送请求；当接口不支持时将自动退回至 HTTP/1.1。"", ""`HTTP/2 先验知识`：建立 h2c 连接，如果接口不支持 HTTP/2 协议则直接连接失败，不会自动退回 HTTP/1.1。""], ""https://docs.apifox.com/create-and-send-cookie.md"": [], ""https://learning.postman.com/docs/use/send-requests/authorization/certificates"": [], ""https://learning.postman.com/docs/getting-started/basics/about-postman-agent"": [""The Interceptor Agent doesn't support using [CA, self-signed, or client certificates](/docs/use/send-requests/authorization/certificates/). If you select the Interceptor Agent, the following [request settings](/docs/use/send-requests/create-requests/request-settings/) aren't available:""], ""https://learning.postman.com/docs/use/send-requests/create-requests/request-settings"": [], ""https://learning.postman.com/docs/use/send-requests/response-data/cookies"": []}"
network-005,network,共享文档跨域请求代理,桌面 + 服务端,pending,https://docs.apifox.com/ca-and-client-certificates.md;https://docs.apifox.com/network-proxy.md;https://docs.apifox.com/client-side-request-proxy.md;https://docs.apifox.com/request-proxy-in-web.md;https://docs.apifox.com/share-document-proxy.md;https://docs.apifox.com/http2.md;https://docs.apifox.com/create-and-send-cookie.md,https://learning.postman.com/docs/use/send-requests/authorization/certificates;https://learning.postman.com/docs/getting-started/basics/about-postman-agent;https://learning.postman.com/docs/use/send-requests/create-requests/request-settings;https://learning.postman.com/docs/use/send-requests/response-data/cookies,,"{""https://docs.apifox.com/ca-and-client-certificates.md"": [], ""https://docs.apifox.com/network-proxy.md"": [], ""https://docs.apifox.com/client-side-request-proxy.md"": [], ""https://docs.apifox.com/request-proxy-in-web.md"": [], ""https://docs.apifox.com/share-document-proxy.md"": [], ""https://docs.apifox.com/http2.md"": [""`HTTP/2 应用层协议协商`：**默认选项**，Apifox 会尝试使用 HTTP/2 协议建立连接，并使用 HTTP/2 协议发送请求；当接口不支持时将自动退回至 HTTP/1.1。"", ""`HTTP/2 先验知识`：建立 h2c 连接，如果接口不支持 HTTP/2 协议则直接连接失败，不会自动退回 HTTP/1.1。""], ""https://docs.apifox.com/create-and-send-cookie.md"": [], ""https://learning.postman.com/docs/use/send-requests/authorization/certificates"": [], ""https://learning.postman.com/docs/getting-started/basics/about-postman-agent"": [""The Interceptor Agent doesn't support using [CA, self-signed, or client certificates](/docs/use/send-requests/authorization/certificates/). If you select the Interceptor Agent, the following [request settings](/docs/use/send-requests/create-requests/request-settings/) aren't available:""], ""https://learning.postman.com/docs/use/send-requests/create-requests/request-settings"": [], ""https://learning.postman.com/docs/use/send-requests/response-data/cookies"": []}"
network-006,network,Cookie 持久化/域与路径,桌面 + 服务端,pending,https://docs.apifox.com/ca-and-client-certificates.md;https://docs.apifox.com/network-proxy.md;https://docs.apifox.com/client-side-request-proxy.md;https://docs.apifox.com/request-proxy-in-web.md;https://docs.apifox.com/share-document-proxy.md;https://docs.apifox.com/http2.md;https://docs.apifox.com/create-and-send-cookie.md,https://learning.postman.com/docs/use/send-requests/authorization/certificates;https://learning.postman.com/docs/getting-started/basics/about-postman-agent;https://learning.postman.com/docs/use/send-requests/create-requests/request-settings;https://learning.postman.com/docs/use/send-requests/response-data/cookies,,"{""https://docs.apifox.com/ca-and-client-certificates.md"": [], ""https://docs.apifox.com/network-proxy.md"": [], ""https://docs.apifox.com/client-side-request-proxy.md"": [], ""https://docs.apifox.com/request-proxy-in-web.md"": [], ""https://docs.apifox.com/share-document-proxy.md"": [], ""https://docs.apifox.com/http2.md"": [""`HTTP/2 应用层协议协商`：**默认选项**，Apifox 会尝试使用 HTTP/2 协议建立连接，并使用 HTTP/2 协议发送请求；当接口不支持时将自动退回至 HTTP/1.1。"", ""`HTTP/2 先验知识`：建立 h2c 连接，如果接口不支持 HTTP/2 协议则直接连接失败，不会自动退回 HTTP/1.1。""], ""https://docs.apifox.com/create-and-send-cookie.md"": [], ""https://learning.postman.com/docs/use/send-requests/authorization/certificates"": [], ""https://learning.postman.com/docs/getting-started/basics/about-postman-agent"": [""The Interceptor Agent doesn't support using [CA, self-signed, or client certificates](/docs/use/send-requests/authorization/certificates/). If you select the Interceptor Agent, the following [request settings](/docs/use/send-requests/create-requests/request-settings/) aren't available:""], ""https://learning.postman.com/docs/use/send-requests/create-requests/request-settings"": [], ""https://learning.postman.com/docs/use/send-requests/response-data/cookies"": []}"
network-007,network,重定向/超时/编码设置,桌面 + 服务端,pending,https://docs.apifox.com/ca-and-client-certificates.md;https://docs.apifox.com/network-proxy.md;https://docs.apifox.com/client-side-request-proxy.md;https://docs.apifox.com/request-proxy-in-web.md;https://docs.apifox.com/share-document-proxy.md;https://docs.apifox.com/http2.md;https://docs.apifox.com/create-and-send-cookie.md,https://learning.postman.com/docs/use/send-requests/authorization/certificates;https://learning.postman.com/docs/getting-started/basics/about-postman-agent;https://learning.postman.com/docs/use/send-requests/create-requests/request-settings;https://learning.postman.com/docs/use/send-requests/response-data/cookies,,"{""https://docs.apifox.com/ca-and-client-certificates.md"": [], ""https://docs.apifox.com/network-proxy.md"": [], ""https://docs.apifox.com/client-side-request-proxy.md"": [], ""https://docs.apifox.com/request-proxy-in-web.md"": [], ""https://docs.apifox.com/share-document-proxy.md"": [], ""https://docs.apifox.com/http2.md"": [""`HTTP/2 应用层协议协商`：**默认选项**，Apifox 会尝试使用 HTTP/2 协议建立连接，并使用 HTTP/2 协议发送请求；当接口不支持时将自动退回至 HTTP/1.1。"", ""`HTTP/2 先验知识`：建立 h2c 连接，如果接口不支持 HTTP/2 协议则直接连接失败，不会自动退回 HTTP/1.1。""], ""https://docs.apifox.com/create-and-send-cookie.md"": [], ""https://learning.postman.com/docs/use/send-requests/authorization/certificates"": [], ""https://learning.postman.com/docs/getting-started/basics/about-postman-agent"": [""The Interceptor Agent doesn't support using [CA, self-signed, or client certificates](/docs/use/send-requests/authorization/certificates/). If you select the Interceptor Agent, the following [request settings](/docs/use/send-requests/create-requests/request-settings/) aren't available:""], ""https://learning.postman.com/docs/use/send-requests/create-requests/request-settings"": [], ""https://learning.postman.com/docs/use/send-requests/response-data/cookies"": []}"
network-008,network,HTTP/2,桌面 + 服务端,pending,https://docs.apifox.com/ca-and-client-certificates.md;https://docs.apifox.com/network-proxy.md;https://docs.apifox.com/client-side-request-proxy.md;https://docs.apifox.com/request-proxy-in-web.md;https://docs.apifox.com/share-document-proxy.md;https://docs.apifox.com/http2.md;https://docs.apifox.com/create-and-send-cookie.md,https://learning.postman.com/docs/use/send-requests/authorization/certificates;https://learning.postman.com/docs/getting-started/basics/about-postman-agent;https://learning.postman.com/docs/use/send-requests/create-requests/request-settings;https://learning.postman.com/docs/use/send-requests/response-data/cookies,,"{""https://docs.apifox.com/ca-and-client-certificates.md"": [], ""https://docs.apifox.com/network-proxy.md"": [], ""https://docs.apifox.com/client-side-request-proxy.md"": [], ""https://docs.apifox.com/request-proxy-in-web.md"": [], ""https://docs.apifox.com/share-document-proxy.md"": [], ""https://docs.apifox.com/http2.md"": [""`HTTP/2 应用层协议协商`：**默认选项**，Apifox 会尝试使用 HTTP/2 协议建立连接，并使用 HTTP/2 协议发送请求；当接口不支持时将自动退回至 HTTP/1.1。"", ""`HTTP/2 先验知识`：建立 h2c 连接，如果接口不支持 HTTP/2 协议则直接连接失败，不会自动退回 HTTP/1.1。""], ""https://docs.apifox.com/create-and-send-cookie.md"": [], ""https://learning.postman.com/docs/use/send-requests/authorization/certificates"": [], ""https://learning.postman.com/docs/getting-started/basics/about-postman-agent"": [""The Interceptor Agent doesn't support using [CA, self-signed, or client certificates](/docs/use/send-requests/authorization/certificates/). If you select the Interceptor Agent, the following [request settings](/docs/use/send-requests/create-requests/request-settings/) aren't available:""], ""https://learning.postman.com/docs/use/send-requests/create-requests/request-settings"": [], ""https://learning.postman.com/docs/use/send-requests/response-data/cookies"": []}"
network-009,network,HTTP/HTTPS 流量捕获,桌面 + 服务端,pending,,https://learning.postman.com/docs/use/capturing-request-data/capture-overview;https://learning.postman.com/docs/use/capturing-request-data/capturing-https-traffic;https://learning.postman.com/docs/use/capturing-request-data/interceptor;https://learning.postman.com/docs/use/capturing-request-data/syncing-cookies,,"{""https://learning.postman.com/docs/use/capturing-request-data/capture-overview"": [], ""https://learning.postman.com/docs/use/capturing-request-data/capturing-https-traffic"": [], ""https://learning.postman.com/docs/use/capturing-request-data/interceptor"": [], ""https://learning.postman.com/docs/use/capturing-request-data/syncing-cookies"": []}"
network-010,network,代理捕获保存为请求,桌面 + 服务端,pending,,https://learning.postman.com/docs/use/capturing-request-data/capture-overview;https://learning.postman.com/docs/use/capturing-request-data/capturing-https-traffic;https://learning.postman.com/docs/use/capturing-request-data/interceptor;https://learning.postman.com/docs/use/capturing-request-data/syncing-cookies,,"{""https://learning.postman.com/docs/use/capturing-request-data/capture-overview"": [], ""https://learning.postman.com/docs/use/capturing-request-data/capturing-https-traffic"": [], ""https://learning.postman.com/docs/use/capturing-request-data/interceptor"": [], ""https://learning.postman.com/docs/use/capturing-request-data/syncing-cookies"": []}"
network-011,network,浏览器 Interceptor,桌面 + 服务端,pending,,https://learning.postman.com/docs/use/capturing-request-data/capture-overview;https://learning.postman.com/docs/use/capturing-request-data/capturing-https-traffic;https://learning.postman.com/docs/use/capturing-request-data/interceptor;https://learning.postman.com/docs/use/capturing-request-data/syncing-cookies,,"{""https://learning.postman.com/docs/use/capturing-request-data/capture-overview"": [], ""https://learning.postman.com/docs/use/capturing-request-data/capturing-https-traffic"": [], ""https://learning.postman.com/docs/use/capturing-request-data/interceptor"": [], ""https://learning.postman.com/docs/use/capturing-request-data/syncing-cookies"": []}"
network-012,network,Cookie 与浏览器同步,桌面 + 服务端,pending,,https://learning.postman.com/docs/use/capturing-request-data/capture-overview;https://learning.postman.com/docs/use/capturing-request-data/capturing-https-traffic;https://learning.postman.com/docs/use/capturing-request-data/interceptor;https://learning.postman.com/docs/use/capturing-request-data/syncing-cookies,,"{""https://learning.postman.com/docs/use/capturing-request-data/capture-overview"": [], ""https://learning.postman.com/docs/use/capturing-request-data/capturing-https-traffic"": [], ""https://learning.postman.com/docs/use/capturing-request-data/interceptor"": [], ""https://learning.postman.com/docs/use/capturing-request-data/syncing-cookies"": []}"
network-013,network,Unix Domain Socket/Windows Named Pipe,桌面/本地 Runner,pending,,https://learning.postman.com/docs/use/send-requests/protocols/uds-named-pipes/send-uds-named-pipes-requests,,"{""https://learning.postman.com/docs/use/send-requests/protocols/uds-named-pipes/send-uds-named-pipes-requests"": []}"
variables-001,variables,开发/测试/生产环境,桌面 + 服务端,pending,https://docs.apifox.com/global-environment-session-variables.md;https://docs.apifox.com/environments-and-services.md,https://learning.postman.com/docs/use/send-requests/variables/variables;https://learning.postman.com/docs/use/send-requests/variables/managing-environments;https://learning.postman.com/docs/use/send-requests/variables/team-environments,,"{""https://docs.apifox.com/global-environment-session-variables.md"": [""- **Mock**：高级 Mock 和 Mock 脚本不支持使用变量。""], ""https://docs.apifox.com/environments-and-services.md"": [], ""https://learning.postman.com/docs/use/send-requests/variables/variables"": [""By default, collection, environment, and global variable values are only available locally in your instance of Postman. The local value is used when sending requests, and it isn't synced to the Postman cloud. Update your local value as you'd like, without sharing it with your teammates. Learn how to [define a local value for your variables](/docs/use/send-requests/variables/define-variables/).""], ""https://learning.postman.com/docs/use/send-requests/variables/managing-environments"": [], ""https://learning.postman.com/docs/use/send-requests/variables/team-environments"": []}"
variables-002,variables,环境前置 URL/服务配置,桌面 + 服务端,pending,https://docs.apifox.com/global-environment-session-variables.md;https://docs.apifox.com/environments-and-services.md,https://learning.postman.com/docs/use/send-requests/variables/variables;https://learning.postman.com/docs/use/send-requests/variables/managing-environments;https://learning.postman.com/docs/use/send-requests/variables/team-environments,,"{""https://docs.apifox.com/global-environment-session-variables.md"": [""- **Mock**：高级 Mock 和 Mock 脚本不支持使用变量。""], ""https://docs.apifox.com/environments-and-services.md"": [], ""https://learning.postman.com/docs/use/send-requests/variables/variables"": [""By default, collection, environment, and global variable values are only available locally in your instance of Postman. The local value is used when sending requests, and it isn't synced to the Postman cloud. Update your local value as you'd like, without sharing it with your teammates. Learn how to [define a local value for your variables](/docs/use/send-requests/variables/define-variables/).""], ""https://learning.postman.com/docs/use/send-requests/variables/managing-environments"": [], ""https://learning.postman.com/docs/use/send-requests/variables/team-environments"": []}"
variables-003,variables,团队与项目全局变量,桌面 + 服务端,pending,https://docs.apifox.com/global-environment-session-variables.md;https://docs.apifox.com/environments-and-services.md,https://learning.postman.com/docs/use/send-requests/variables/variables;https://learning.postman.com/docs/use/send-requests/variables/managing-environments;https://learning.postman.com/docs/use/send-requests/variables/team-environments,,"{""https://docs.apifox.com/global-environment-session-variables.md"": [""- **Mock**：高级 Mock 和 Mock 脚本不支持使用变量。""], ""https://docs.apifox.com/environments-and-services.md"": [], ""https://learning.postman.com/docs/use/send-requests/variables/variables"": [""By default, collection, environment, and global variable values are only available locally in your instance of Postman. The local value is used when sending requests, and it isn't synced to the Postman cloud. Update your local value as you'd like, without sharing it with your teammates. Learn how to [define a local value for your variables](/docs/use/send-requests/variables/define-variables/).""], ""https://learning.postman.com/docs/use/send-requests/variables/managing-environments"": [], ""https://learning.postman.com/docs/use/send-requests/variables/team-environments"": []}"
variables-004,variables,集合/模块变量,桌面 + 服务端,pending,https://docs.apifox.com/global-environment-session-variables.md;https://docs.apifox.com/environments-and-services.md,https://learning.postman.com/docs/use/send-requests/variables/variables;https://learning.postman.com/docs/use/send-requests/variables/managing-environments;https://learning.postman.com/docs/use/send-requests/variables/team-environments,,"{""https://docs.apifox.com/global-environment-session-variables.md"": [""- **Mock**：高级 Mock 和 Mock 脚本不支持使用变量。""], ""https://docs.apifox.com/environments-and-services.md"": [], ""https://learning.postman.com/docs/use/send-requests/variables/variables"": [""By default, collection, environment, and global variable values are only available locally in your instance of Postman. The local value is used when sending requests, and it isn't synced to the Postman cloud. Update your local value as you'd like, without sharing it with your teammates. Learn how to [define a local value for your variables](/docs/use/send-requests/variables/define-variables/).""], ""https://learning.postman.com/docs/use/send-requests/variables/managing-environments"": [], ""https://learning.postman.com/docs/use/send-requests/variables/team-environments"": []}"
variables-005,variables,环境变量,桌面 + 服务端,pending,https://docs.apifox.com/global-environment-session-variables.md;https://docs.apifox.com/environments-and-services.md,https://learning.postman.com/docs/use/send-requests/variables/variables;https://learning.postman.com/docs/use/send-requests/variables/managing-environments;https://learning.postman.com/docs/use/send-requests/variables/team-environments,,"{""https://docs.apifox.com/global-environment-session-variables.md"": [""- **Mock**：高级 Mock 和 Mock 脚本不支持使用变量。""], ""https://docs.apifox.com/environments-and-services.md"": [], ""https://learning.postman.com/docs/use/send-requests/variables/variables"": [""By default, collection, environment, and global variable values are only available locally in your instance of Postman. The local value is used when sending requests, and it isn't synced to the Postman cloud. Update your local value as you'd like, without sharing it with your teammates. Learn how to [define a local value for your variables](/docs/use/send-requests/variables/define-variables/).""], ""https://learning.postman.com/docs/use/send-requests/variables/managing-environments"": [], ""https://learning.postman.com/docs/use/send-requests/variables/team-environments"": []}"
variables-006,variables,测试数据变量,桌面 + 服务端,pending,https://docs.apifox.com/global-environment-session-variables.md;https://docs.apifox.com/environments-and-services.md,https://learning.postman.com/docs/use/send-requests/variables/variables;https://learning.postman.com/docs/use/send-requests/variables/managing-environments;https://learning.postman.com/docs/use/send-requests/variables/team-environments,,"{""https://docs.apifox.com/global-environment-session-variables.md"": [""- **Mock**：高级 Mock 和 Mock 脚本不支持使用变量。""], ""https://docs.apifox.com/environments-and-services.md"": [], ""https://learning.postman.com/docs/use/send-requests/variables/variables"": [""By default, collection, environment, and global variable values are only available locally in your instance of Postman. The local value is used when sending requests, and it isn't synced to the Postman cloud. Update your local value as you'd like, without sharing it with your teammates. Learn how to [define a local value for your variables](/docs/use/send-requests/variables/define-variables/).""], ""https://learning.postman.com/docs/use/send-requests/variables/managing-environments"": [], ""https://learning.postman.com/docs/use/send-requests/variables/team-environments"": []}"
variables-007,variables,运行临时/局部变量,桌面 + 服务端,pending,https://docs.apifox.com/global-environment-session-variables.md;https://docs.apifox.com/environments-and-services.md,https://learning.postman.com/docs/use/send-requests/variables/variables;https://learning.postman.com/docs/use/send-requests/variables/managing-environments;https://learning.postman.com/docs/use/send-requests/variables/team-environments,,"{""https://docs.apifox.com/global-environment-session-variables.md"": [""- **Mock**：高级 Mock 和 Mock 脚本不支持使用变量。""], ""https://docs.apifox.com/environments-and-services.md"": [], ""https://learning.postman.com/docs/use/send-requests/variables/variables"": [""By default, collection, environment, and global variable values are only available locally in your instance of Postman. The local value is used when sending requests, and it isn't synced to the Postman cloud. Update your local value as you'd like, without sharing it with your teammates. Learn how to [define a local value for your variables](/docs/use/send-requests/variables/define-variables/).""], ""https://learning.postman.com/docs/use/send-requests/variables/managing-environments"": [], ""https://learning.postman.com/docs/use/send-requests/variables/team-environments"": []}"
variables-008,variables,优先级解析与同名覆盖,桌面 + 服务端,pending,https://docs.apifox.com/global-environment-session-variables.md;https://docs.apifox.com/environments-and-services.md,https://learning.postman.com/docs/use/send-requests/variables/variables;https://learning.postman.com/docs/use/send-requests/variables/managing-environments;https://learning.postman.com/docs/use/send-requests/variables/team-environments,,"{""https://docs.apifox.com/global-environment-session-variables.md"": [""- **Mock**：高级 Mock 和 Mock 脚本不支持使用变量。""], ""https://docs.apifox.com/environments-and-services.md"": [], ""https://learning.postman.com/docs/use/send-requests/variables/variables"": [""By default, collection, environment, and global variable values are only available locally in your instance of Postman. The local value is used when sending requests, and it isn't synced to the Postman cloud. Update your local value as you'd like, without sharing it with your teammates. Learn how to [define a local value for your variables](/docs/use/send-requests/variables/define-variables/).""], ""https://learning.postman.com/docs/use/send-requests/variables/managing-environments"": [], ""https://learning.postman.com/docs/use/send-requests/variables/team-environments"": []}"
variables-009,variables,本地值与共享值分离,桌面 + 服务端,pending,https://docs.apifox.com/global-environment-session-variables.md;https://docs.apifox.com/environments-and-services.md,https://learning.postman.com/docs/use/send-requests/variables/variables;https://learning.postman.com/docs/use/send-requests/variables/managing-environments;https://learning.postman.com/docs/use/send-requests/variables/team-environments,,"{""https://docs.apifox.com/global-environment-session-variables.md"": [""- **Mock**：高级 Mock 和 Mock 脚本不支持使用变量。""], ""https://docs.apifox.com/environments-and-services.md"": [], ""https://learning.postman.com/docs/use/send-requests/variables/variables"": [""By default, collection, environment, and global variable values are only available locally in your instance of Postman. The local value is used when sending requests, and it isn't synced to the Postman cloud. Update your local value as you'd like, without sharing it with your teammates. Learn how to [define a local value for your variables](/docs/use/send-requests/variables/define-variables/).""], ""https://learning.postman.com/docs/use/send-requests/variables/managing-environments"": [], ""https://learning.postman.com/docs/use/send-requests/variables/team-environments"": []}"
variables-010,variables,变量引用和值/作用域预览,桌面 + 服务端,pending,https://docs.apifox.com/global-environment-session-variables.md;https://docs.apifox.com/environments-and-services.md,https://learning.postman.com/docs/use/send-requests/variables/variables;https://learning.postman.com/docs/use/send-requests/variables/managing-environments;https://learning.postman.com/docs/use/send-requests/variables/team-environments,,"{""https://docs.apifox.com/global-environment-session-variables.md"": [""- **Mock**：高级 Mock 和 Mock 脚本不支持使用变量。""], ""https://docs.apifox.com/environments-and-services.md"": [], ""https://learning.postman.com/docs/use/send-requests/variables/variables"": [""By default, collection, environment, and global variable values are only available locally in your instance of Postman. The local value is used when sending requests, and it isn't synced to the Postman cloud. Update your local value as you'd like, without sharing it with your teammates. Learn how to [define a local value for your variables](/docs/use/send-requests/variables/define-variables/).""], ""https://learning.postman.com/docs/use/send-requests/variables/managing-environments"": [], ""https://learning.postman.com/docs/use/send-requests/variables/team-environments"": []}"
variables-011,variables,敏感变量显隐,桌面 + 服务端,pending,https://docs.apifox.com/global-environment-session-variables.md;https://docs.apifox.com/environments-and-services.md,https://learning.postman.com/docs/use/send-requests/variables/variables;https://learning.postman.com/docs/use/send-requests/variables/managing-environments;https://learning.postman.com/docs/use/send-requests/variables/team-environments,,"{""https://docs.apifox.com/global-environment-session-variables.md"": [""- **Mock**：高级 Mock 和 Mock 脚本不支持使用变量。""], ""https://docs.apifox.com/environments-and-services.md"": [], ""https://learning.postman.com/docs/use/send-requests/variables/variables"": [""By default, collection, environment, and global variable values are only available locally in your instance of Postman. The local value is used when sending requests, and it isn't synced to the Postman cloud. Update your local value as you'd like, without sharing it with your teammates. Learn how to [define a local value for your variables](/docs/use/send-requests/variables/define-variables/).""], ""https://learning.postman.com/docs/use/send-requests/variables/managing-environments"": [], ""https://learning.postman.com/docs/use/send-requests/variables/team-environments"": []}"
variables-012,variables,环境导入导出/共享/权限,桌面 + 服务端,pending,https://docs.apifox.com/global-environment-session-variables.md;https://docs.apifox.com/environments-and-services.md,https://learning.postman.com/docs/use/send-requests/variables/variables;https://learning.postman.com/docs/use/send-requests/variables/managing-environments;https://learning.postman.com/docs/use/send-requests/variables/team-environments,,"{""https://docs.apifox.com/global-environment-session-variables.md"": [""- **Mock**：高级 Mock 和 Mock 脚本不支持使用变量。""], ""https://docs.apifox.com/environments-and-services.md"": [], ""https://learning.postman.com/docs/use/send-requests/variables/variables"": [""By default, collection, environment, and global variable values are only available locally in your instance of Postman. The local value is used when sending requests, and it isn't synced to the Postman cloud. Update your local value as you'd like, without sharing it with your teammates. Learn how to [define a local value for your variables](/docs/use/send-requests/variables/define-variables/).""], ""https://learning.postman.com/docs/use/send-requests/variables/managing-environments"": [], ""https://learning.postman.com/docs/use/send-requests/variables/team-environments"": []}"
variables-013,variables,环境分支与合并,桌面 + 服务端,pending,https://docs.apifox.com/global-environment-session-variables.md;https://docs.apifox.com/environments-and-services.md,https://learning.postman.com/docs/use/send-requests/variables/variables;https://learning.postman.com/docs/use/send-requests/variables/managing-environments;https://learning.postman.com/docs/use/send-requests/variables/team-environments,,"{""https://docs.apifox.com/global-environment-session-variables.md"": [""- **Mock**：高级 Mock 和 Mock 脚本不支持使用变量。""], ""https://docs.apifox.com/environments-and-services.md"": [], ""https://learning.postman.com/docs/use/send-requests/variables/variables"": [""By default, collection, environment, and global variable values are only available locally in your instance of Postman. The local value is used when sending requests, and it isn't synced to the Postman cloud. Update your local value as you'd like, without sharing it with your teammates. Learn how to [define a local value for your variables](/docs/use/send-requests/variables/define-variables/).""], ""https://learning.postman.com/docs/use/send-requests/variables/managing-environments"": [], ""https://learning.postman.com/docs/use/send-requests/variables/team-environments"": []}"
variables-014,variables,动态值/日期/随机数据,桌面 + 服务端,pending,https://docs.apifox.com/global-environment-session-variables.md;https://docs.apifox.com/environments-and-services.md,https://learning.postman.com/docs/use/send-requests/variables/variables;https://learning.postman.com/docs/use/send-requests/variables/managing-environments;https://learning.postman.com/docs/use/send-requests/variables/team-environments,,"{""https://docs.apifox.com/global-environment-session-variables.md"": [""- **Mock**：高级 Mock 和 Mock 脚本不支持使用变量。""], ""https://docs.apifox.com/environments-and-services.md"": [], ""https://learning.postman.com/docs/use/send-requests/variables/variables"": [""By default, collection, environment, and global variable values are only available locally in your instance of Postman. The local value is used when sending requests, and it isn't synced to the Postman cloud. Update your local value as you'd like, without sharing it with your teammates. Learn how to [define a local value for your variables](/docs/use/send-requests/variables/define-variables/).""], ""https://learning.postman.com/docs/use/send-requests/variables/managing-environments"": [], ""https://learning.postman.com/docs/use/send-requests/variables/team-environments"": []}"
variables-015,variables,对象/数组子属性引用,桌面 + 服务端,pending,https://docs.apifox.com/global-environment-session-variables.md;https://docs.apifox.com/extract-variables.md;https://docs.apifox.com/dynamic-values.md,https://learning.postman.com/docs/use/send-requests/variables/variables;https://learning.postman.com/docs/tests-and-scripts/write-scripts/postman-sandbox-reference/pm-variables,,"{""https://docs.apifox.com/global-environment-session-variables.md"": [""- **Mock**：高级 Mock 和 Mock 脚本不支持使用变量。""], ""https://docs.apifox.com/extract-variables.md"": [], ""https://docs.apifox.com/dynamic-values.md"": [], ""https://learning.postman.com/docs/use/send-requests/variables/variables"": [""By default, collection, environment, and global variable values are only available locally in your instance of Postman. The local value is used when sending requests, and it isn't synced to the Postman cloud. Update your local value as you'd like, without sharing it with your teammates. Learn how to [define a local value for your variables](/docs/use/send-requests/variables/define-variables/).""], ""https://learning.postman.com/docs/tests-and-scripts/write-scripts/postman-sandbox-reference/pm-variables"": []}"
variables-016,variables,可视化响应提取 JSONPath/XPath/正则,桌面 + 服务端,pending,https://docs.apifox.com/global-environment-session-variables.md;https://docs.apifox.com/extract-variables.md;https://docs.apifox.com/dynamic-values.md,https://learning.postman.com/docs/use/send-requests/variables/variables;https://learning.postman.com/docs/tests-and-scripts/write-scripts/postman-sandbox-reference/pm-variables,,"{""https://docs.apifox.com/global-environment-session-variables.md"": [""- **Mock**：高级 Mock 和 Mock 脚本不支持使用变量。""], ""https://docs.apifox.com/extract-variables.md"": [], ""https://docs.apifox.com/dynamic-values.md"": [], ""https://learning.postman.com/docs/use/send-requests/variables/variables"": [""By default, collection, environment, and global variable values are only available locally in your instance of Postman. The local value is used when sending requests, and it isn't synced to the Postman cloud. Update your local value as you'd like, without sharing it with your teammates. Learn how to [define a local value for your variables](/docs/use/send-requests/variables/define-variables/).""], ""https://learning.postman.com/docs/tests-and-scripts/write-scripts/postman-sandbox-reference/pm-variables"": []}"
variables-017,variables,变量提取写入作用域,桌面 + 服务端,pending,https://docs.apifox.com/global-environment-session-variables.md;https://docs.apifox.com/extract-variables.md;https://docs.apifox.com/dynamic-values.md,https://learning.postman.com/docs/use/send-requests/variables/variables;https://learning.postman.com/docs/tests-and-scripts/write-scripts/postman-sandbox-reference/pm-variables,,"{""https://docs.apifox.com/global-environment-session-variables.md"": [""- **Mock**：高级 Mock 和 Mock 脚本不支持使用变量。""], ""https://docs.apifox.com/extract-variables.md"": [], ""https://docs.apifox.com/dynamic-values.md"": [], ""https://learning.postman.com/docs/use/send-requests/variables/variables"": [""By default, collection, environment, and global variable values are only available locally in your instance of Postman. The local value is used when sending requests, and it isn't synced to the Postman cloud. Update your local value as you'd like, without sharing it with your teammates. Learn how to [define a local value for your variables](/docs/use/send-requests/variables/define-variables/).""], ""https://learning.postman.com/docs/tests-and-scripts/write-scripts/postman-sandbox-reference/pm-variables"": []}"
vault-001,vault,密钥库引用而不是直接同步密钥,桌面 + 服务端,pending,https://docs.apifox.com/vault-secrets.md,https://learning.postman.com/docs/use/postman-vault/postman-vault-secrets;https://learning.postman.com/docs/use/postman-vault/postman-vault-integrations,,"{""https://docs.apifox.com/vault-secrets.md"": [""> [Apifox 商业旗舰版可使用 Vault Secrets（密钥库）功能](https://www.apifox.com/pricing)"", ""- 你的组织或团队已购买 Apifox 商业旗舰版。""], ""https://learning.postman.com/docs/use/postman-vault/postman-vault-secrets"": [""* **Postman Shared Vault** - Store sensitive data as vault secrets in the Postman cloud. You can share secrets with your teammates in a Postman Shared Vault that's available at the workspace level. With your shared vault, you can share vault secrets with your team members across Postman apps and machines. Postman Shared Vault is available on Postman Solo, Team, and Enterprise plans. Learn how to [access your shared vault](/docs/use/postman-vault/postman-vault-key#postman-shared-vault)."", ""* **Postman Vault integrations** - Create integrations between Postman Vault and external vaults. Link vault secrets in your Postman Local Vault to secrets stored in external vaults, which aren't synced to the Postman cloud. Postman supports integrations with 1Password, AWS Secrets Manager, Azure Key Vault, and HashiCorp Vault. Postman Vault integrations are available on Postman Enterprise plans with the Advanced Security Administration add-on. Learn more about [Postman Vault integrations](/docs/use/postman-vault/postman-vault-integrations/).""], ""https://learning.postman.com/docs/use/postman-vault/postman-vault-integrations"": [""> This feature is available on Postman Enterprise plans with the Advanced Security Administration add-on. For more information, see the [pricing page](https://www.postman.com/pricing/)."", ""Postman Vault integrations are only supported with the [Postman desktop app](/docs/getting-started/installation/install-app/).""]}"
vault-002,vault,本地密钥库导入导出,桌面 + 服务端,pending,https://docs.apifox.com/vault-secrets.md,https://learning.postman.com/docs/use/postman-vault/postman-vault-secrets;https://learning.postman.com/docs/use/postman-vault/postman-vault-integrations,,"{""https://docs.apifox.com/vault-secrets.md"": [""> [Apifox 商业旗舰版可使用 Vault Secrets（密钥库）功能](https://www.apifox.com/pricing)"", ""- 你的组织或团队已购买 Apifox 商业旗舰版。""], ""https://learning.postman.com/docs/use/postman-vault/postman-vault-secrets"": [""* **Postman Shared Vault** - Store sensitive data as vault secrets in the Postman cloud. You can share secrets with your teammates in a Postman Shared Vault that's available at the workspace level. With your shared vault, you can share vault secrets with your team members across Postman apps and machines. Postman Shared Vault is available on Postman Solo, Team, and Enterprise plans. Learn how to [access your shared vault](/docs/use/postman-vault/postman-vault-key#postman-shared-vault)."", ""* **Postman Vault integrations** - Create integrations between Postman Vault and external vaults. Link vault secrets in your Postman Local Vault to secrets stored in external vaults, which aren't synced to the Postman cloud. Postman supports integrations with 1Password, AWS Secrets Manager, Azure Key Vault, and HashiCorp Vault. Postman Vault integrations are available on Postman Enterprise plans with the Advanced Security Administration add-on. Learn more about [Postman Vault integrations](/docs/use/postman-vault/postman-vault-integrations/).""], ""https://learning.postman.com/docs/use/postman-vault/postman-vault-integrations"": [""> This feature is available on Postman Enterprise plans with the Advanced Security Administration add-on. For more information, see the [pricing page](https://www.postman.com/pricing/)."", ""Postman Vault integrations are only supported with the [Postman desktop app](/docs/getting-started/installation/install-app/).""]}"
vault-003,vault,外部密钥库连接,桌面 + 服务端,pending,https://docs.apifox.com/vault-secrets.md,https://learning.postman.com/docs/use/postman-vault/postman-vault-secrets;https://learning.postman.com/docs/use/postman-vault/postman-vault-integrations,,"{""https://docs.apifox.com/vault-secrets.md"": [""> [Apifox 商业旗舰版可使用 Vault Secrets（密钥库）功能](https://www.apifox.com/pricing)"", ""- 你的组织或团队已购买 Apifox 商业旗舰版。""], ""https://learning.postman.com/docs/use/postman-vault/postman-vault-secrets"": [""* **Postman Shared Vault** - Store sensitive data as vault secrets in the Postman cloud. You can share secrets with your teammates in a Postman Shared Vault that's available at the workspace level. With your shared vault, you can share vault secrets with your team members across Postman apps and machines. Postman Shared Vault is available on Postman Solo, Team, and Enterprise plans. Learn how to [access your shared vault](/docs/use/postman-vault/postman-vault-key#postman-shared-vault)."", ""* **Postman Vault integrations** - Create integrations between Postman Vault and external vaults. Link vault secrets in your Postman Local Vault to secrets stored in external vaults, which aren't synced to the Postman cloud. Postman supports integrations with 1Password, AWS Secrets Manager, Azure Key Vault, and HashiCorp Vault. Postman Vault integrations are available on Postman Enterprise plans with the Advanced Security Administration add-on. Learn more about [Postman Vault integrations](/docs/use/postman-vault/postman-vault-integrations/).""], ""https://learning.postman.com/docs/use/postman-vault/postman-vault-integrations"": [""> This feature is available on Postman Enterprise plans with the Advanced Security Administration add-on. For more information, see the [pricing page](https://www.postman.com/pricing/)."", ""Postman Vault integrations are only supported with the [Postman desktop app](/docs/getting-started/installation/install-app/).""]}"
vault-004,vault,密钥访问与脚本授权控制,桌面 + 服务端,pending,https://docs.apifox.com/vault-secrets.md,https://learning.postman.com/docs/use/postman-vault/postman-vault-secrets;https://learning.postman.com/docs/use/postman-vault/postman-vault-integrations,,"{""https://docs.apifox.com/vault-secrets.md"": [""> [Apifox 商业旗舰版可使用 Vault Secrets（密钥库）功能](https://www.apifox.com/pricing)"", ""- 你的组织或团队已购买 Apifox 商业旗舰版。""], ""https://learning.postman.com/docs/use/postman-vault/postman-vault-secrets"": [""* **Postman Shared Vault** - Store sensitive data as vault secrets in the Postman cloud. You can share secrets with your teammates in a Postman Shared Vault that's available at the workspace level. With your shared vault, you can share vault secrets with your team members across Postman apps and machines. Postman Shared Vault is available on Postman Solo, Team, and Enterprise plans. Learn how to [access your shared vault](/docs/use/postman-vault/postman-vault-key#postman-shared-vault)."", ""* **Postman Vault integrations** - Create integrations between Postman Vault and external vaults. Link vault secrets in your Postman Local Vault to secrets stored in external vaults, which aren't synced to the Postman cloud. Postman supports integrations with 1Password, AWS Secrets Manager, Azure Key Vault, and HashiCorp Vault. Postman Vault integrations are available on Postman Enterprise plans with the Advanced Security Administration add-on. Learn more about [Postman Vault integrations](/docs/use/postman-vault/postman-vault-integrations/).""], ""https://learning.postman.com/docs/use/postman-vault/postman-vault-integrations"": [""> This feature is available on Postman Enterprise plans with the Advanced Security Administration add-on. For more information, see the [pricing page](https://www.postman.com/pricing/)."", ""Postman Vault integrations are only supported with the [Postman desktop app](/docs/getting-started/installation/install-app/).""]}"
vault-005,vault,1Password,桌面 + 服务端,pending,,https://learning.postman.com/docs/use/postman-vault/1password,,"{""https://learning.postman.com/docs/use/postman-vault/1password"": [""> This feature is available on Postman Enterprise plans with the Advanced Security Administration add-on. For more information, see the [pricing page](https://www.postman.com/pricing/)."", ""Postman Vault integrations are only supported with the [Postman desktop app](/docs/getting-started/installation/install-app/).""]}"
vault-006,vault,AWS Secrets Manager,桌面 + 服务端,pending,https://docs.apifox.com/vault-secrets.md,https://learning.postman.com/docs/use/postman-vault/aws-secrets-manager;https://learning.postman.com/docs/use/postman-vault/azure-key-vault;https://learning.postman.com/docs/use/postman-vault/hashicorp-vault,Apifox 此功能限商业旗舰版；provider 与密钥元数据共享，密钥值加密保存在本地且不共享。,"{""https://docs.apifox.com/vault-secrets.md"": [""> [Apifox 商业旗舰版可使用 Vault Secrets（密钥库）功能](https://www.apifox.com/pricing)"", ""- 你的组织或团队已购买 Apifox 商业旗舰版。""], ""https://learning.postman.com/docs/use/postman-vault/aws-secrets-manager"": [""> This feature is available on Postman Enterprise plans with the Advanced Security Administration add-on. For more information, see the [pricing page](https://www.postman.com/pricing/)."", ""Postman Vault integrations are only supported with the [Postman desktop app](/docs/getting-started/installation/install-app/).""], ""https://learning.postman.com/docs/use/postman-vault/azure-key-vault"": [""> This feature is available on Postman Enterprise plans with the Advanced Security Administration add-on. For more information, see the [pricing page](https://www.postman.com/pricing/).""], ""https://learning.postman.com/docs/use/postman-vault/hashicorp-vault"": [""> This feature is available on Postman Enterprise plans with the Advanced Security Administration add-on. For more information, see the [pricing page](https://www.postman.com/pricing/)."", ""Postman Vault integrations are only supported with the [Postman desktop app](/docs/getting-started/installation/install-app/)."", ""To enable Postman to access your HashiCorp Vault instance, you first need to [set up an OpenID Connect (OIDC) identity provider](#set-up-an-oidc-identity-provider) in HashiCorp Vault. [Integrating Postman Vault with HashiCorp Vault](#integrate-with-hashicorp-vault) requires a Postman [Admin or Super Admin](/docs/administration/roles-and-permissions/#team-roles) to enter the following for your OIDC identity provider:""]}"
vault-007,vault,Azure Key Vault,桌面 + 服务端,pending,https://docs.apifox.com/vault-secrets.md,https://learning.postman.com/docs/use/postman-vault/aws-secrets-manager;https://learning.postman.com/docs/use/postman-vault/azure-key-vault;https://learning.postman.com/docs/use/postman-vault/hashicorp-vault,Apifox 此功能限商业旗舰版；provider 与密钥元数据共享，密钥值加密保存在本地且不共享。,"{""https://docs.apifox.com/vault-secrets.md"": [""> [Apifox 商业旗舰版可使用 Vault Secrets（密钥库）功能](https://www.apifox.com/pricing)"", ""- 你的组织或团队已购买 Apifox 商业旗舰版。""], ""https://learning.postman.com/docs/use/postman-vault/aws-secrets-manager"": [""> This feature is available on Postman Enterprise plans with the Advanced Security Administration add-on. For more information, see the [pricing page](https://www.postman.com/pricing/)."", ""Postman Vault integrations are only supported with the [Postman desktop app](/docs/getting-started/installation/install-app/).""], ""https://learning.postman.com/docs/use/postman-vault/azure-key-vault"": [""> This feature is available on Postman Enterprise plans with the Advanced Security Administration add-on. For more information, see the [pricing page](https://www.postman.com/pricing/).""], ""https://learning.postman.com/docs/use/postman-vault/hashicorp-vault"": [""> This feature is available on Postman Enterprise plans with the Advanced Security Administration add-on. For more information, see the [pricing page](https://www.postman.com/pricing/)."", ""Postman Vault integrations are only supported with the [Postman desktop app](/docs/getting-started/installation/install-app/)."", ""To enable Postman to access your HashiCorp Vault instance, you first need to [set up an OpenID Connect (OIDC) identity provider](#set-up-an-oidc-identity-provider) in HashiCorp Vault. [Integrating Postman Vault with HashiCorp Vault](#integrate-with-hashicorp-vault) requires a Postman [Admin or Super Admin](/docs/administration/roles-and-permissions/#team-roles) to enter the following for your OIDC identity provider:""]}"
vault-008,vault,HashiCorp Vault,桌面 + 服务端,pending,https://docs.apifox.com/vault-secrets.md,https://learning.postman.com/docs/use/postman-vault/aws-secrets-manager;https://learning.postman.com/docs/use/postman-vault/azure-key-vault;https://learning.postman.com/docs/use/postman-vault/hashicorp-vault,Apifox 此功能限商业旗舰版；provider 与密钥元数据共享，密钥值加密保存在本地且不共享。,"{""https://docs.apifox.com/vault-secrets.md"": [""> [Apifox 商业旗舰版可使用 Vault Secrets（密钥库）功能](https://www.apifox.com/pricing)"", ""- 你的组织或团队已购买 Apifox 商业旗舰版。""], ""https://learning.postman.com/docs/use/postman-vault/aws-secrets-manager"": [""> This feature is available on Postman Enterprise plans with the Advanced Security Administration add-on. For more information, see the [pricing page](https://www.postman.com/pricing/)."", ""Postman Vault integrations are only supported with the [Postman desktop app](/docs/getting-started/installation/install-app/).""], ""https://learning.postman.com/docs/use/postman-vault/azure-key-vault"": [""> This feature is available on Postman Enterprise plans with the Advanced Security Administration add-on. For more information, see the [pricing page](https://www.postman.com/pricing/).""], ""https://learning.postman.com/docs/use/postman-vault/hashicorp-vault"": [""> This feature is available on Postman Enterprise plans with the Advanced Security Administration add-on. For more information, see the [pricing page](https://www.postman.com/pricing/)."", ""Postman Vault integrations are only supported with the [Postman desktop app](/docs/getting-started/installation/install-app/)."", ""To enable Postman to access your HashiCorp Vault instance, you first need to [set up an OpenID Connect (OIDC) identity provider](#set-up-an-oidc-identity-provider) in HashiCorp Vault. [Integrating Postman Vault with HashiCorp Vault](#integrate-with-hashicorp-vault) requires a Postman [Admin or Super Admin](/docs/administration/roles-and-permissions/#team-roles) to enter the following for your OIDC identity provider:""]}"
specifications-001,specifications,文档定义与调试用例分开,桌面 + 服务端,pending,https://docs.apifox.com/create-an-api.md;https://docs.apifox.com/data-schemas.md;https://docs.apifox.com/advanced-data-types.md;https://docs.apifox.com/response-components.md;https://docs.apifox.com/security-schemes.md,https://learning.postman.com/docs/design-apis/collections/overview;https://learning.postman.com/docs/design-apis/specifications/overview;https://learning.postman.com/docs/design-apis/specifications/spec-hub-visual-editor;https://learning.postman.com/docs/design-apis/specifications/component-library,,"{""https://docs.apifox.com/create-an-api.md"": [], ""https://docs.apifox.com/data-schemas.md"": [], ""https://docs.apifox.com/advanced-data-types.md"": [], ""https://docs.apifox.com/response-components.md"": [], ""https://docs.apifox.com/security-schemes.md"": [], ""https://learning.postman.com/docs/design-apis/collections/overview"": [], ""https://learning.postman.com/docs/design-apis/specifications/overview"": [], ""https://learning.postman.com/docs/design-apis/specifications/spec-hub-visual-editor"": [""> The Visual editor is only available for OpenAPI specifications. To edit other supported specifications, or to edit an OpenAPI specification in YAML or JSON, switch to the default [Code editor](/docs/design-apis/specifications/edit-a-specification/).""], ""https://learning.postman.com/docs/design-apis/specifications/component-library"": []}"
specifications-002,specifications,可视化接口设计,桌面 + 服务端,pending,https://docs.apifox.com/create-an-api.md;https://docs.apifox.com/data-schemas.md;https://docs.apifox.com/advanced-data-types.md;https://docs.apifox.com/response-components.md;https://docs.apifox.com/security-schemes.md,https://learning.postman.com/docs/design-apis/collections/overview;https://learning.postman.com/docs/design-apis/specifications/overview;https://learning.postman.com/docs/design-apis/specifications/spec-hub-visual-editor;https://learning.postman.com/docs/design-apis/specifications/component-library,,"{""https://docs.apifox.com/create-an-api.md"": [], ""https://docs.apifox.com/data-schemas.md"": [], ""https://docs.apifox.com/advanced-data-types.md"": [], ""https://docs.apifox.com/response-components.md"": [], ""https://docs.apifox.com/security-schemes.md"": [], ""https://learning.postman.com/docs/design-apis/collections/overview"": [], ""https://learning.postman.com/docs/design-apis/specifications/overview"": [], ""https://learning.postman.com/docs/design-apis/specifications/spec-hub-visual-editor"": [""> The Visual editor is only available for OpenAPI specifications. To edit other supported specifications, or to edit an OpenAPI specification in YAML or JSON, switch to the default [Code editor](/docs/design-apis/specifications/edit-a-specification/).""], ""https://learning.postman.com/docs/design-apis/specifications/component-library"": []}"
specifications-003,specifications,请求/响应字段类型/必填/默认值/描述,桌面 + 服务端,pending,https://docs.apifox.com/create-an-api.md;https://docs.apifox.com/data-schemas.md;https://docs.apifox.com/advanced-data-types.md;https://docs.apifox.com/response-components.md;https://docs.apifox.com/security-schemes.md,https://learning.postman.com/docs/design-apis/collections/overview;https://learning.postman.com/docs/design-apis/specifications/overview;https://learning.postman.com/docs/design-apis/specifications/spec-hub-visual-editor;https://learning.postman.com/docs/design-apis/specifications/component-library,,"{""https://docs.apifox.com/create-an-api.md"": [], ""https://docs.apifox.com/data-schemas.md"": [], ""https://docs.apifox.com/advanced-data-types.md"": [], ""https://docs.apifox.com/response-components.md"": [], ""https://docs.apifox.com/security-schemes.md"": [], ""https://learning.postman.com/docs/design-apis/collections/overview"": [], ""https://learning.postman.com/docs/design-apis/specifications/overview"": [], ""https://learning.postman.com/docs/design-apis/specifications/spec-hub-visual-editor"": [""> The Visual editor is only available for OpenAPI specifications. To edit other supported specifications, or to edit an OpenAPI specification in YAML or JSON, switch to the default [Code editor](/docs/design-apis/specifications/edit-a-specification/).""], ""https://learning.postman.com/docs/design-apis/specifications/component-library"": []}"
specifications-004,specifications,枚举与约束,桌面 + 服务端,pending,https://docs.apifox.com/create-an-api.md;https://docs.apifox.com/data-schemas.md;https://docs.apifox.com/advanced-data-types.md;https://docs.apifox.com/response-components.md;https://docs.apifox.com/security-schemes.md,https://learning.postman.com/docs/design-apis/collections/overview;https://learning.postman.com/docs/design-apis/specifications/overview;https://learning.postman.com/docs/design-apis/specifications/spec-hub-visual-editor;https://learning.postman.com/docs/design-apis/specifications/component-library,,"{""https://docs.apifox.com/create-an-api.md"": [], ""https://docs.apifox.com/data-schemas.md"": [], ""https://docs.apifox.com/advanced-data-types.md"": [], ""https://docs.apifox.com/response-components.md"": [], ""https://docs.apifox.com/security-schemes.md"": [], ""https://learning.postman.com/docs/design-apis/collections/overview"": [], ""https://learning.postman.com/docs/design-apis/specifications/overview"": [], ""https://learning.postman.com/docs/design-apis/specifications/spec-hub-visual-editor"": [""> The Visual editor is only available for OpenAPI specifications. To edit other supported specifications, or to edit an OpenAPI specification in YAML or JSON, switch to the default [Code editor](/docs/design-apis/specifications/edit-a-specification/).""], ""https://learning.postman.com/docs/design-apis/specifications/component-library"": []}"
specifications-005,specifications,数组与嵌套对象,桌面 + 服务端,pending,https://docs.apifox.com/create-an-api.md;https://docs.apifox.com/data-schemas.md;https://docs.apifox.com/advanced-data-types.md;https://docs.apifox.com/response-components.md;https://docs.apifox.com/security-schemes.md,https://learning.postman.com/docs/design-apis/collections/overview;https://learning.postman.com/docs/design-apis/specifications/overview;https://learning.postman.com/docs/design-apis/specifications/spec-hub-visual-editor;https://learning.postman.com/docs/design-apis/specifications/component-library,,"{""https://docs.apifox.com/create-an-api.md"": [], ""https://docs.apifox.com/data-schemas.md"": [], ""https://docs.apifox.com/advanced-data-types.md"": [], ""https://docs.apifox.com/response-components.md"": [], ""https://docs.apifox.com/security-schemes.md"": [], ""https://learning.postman.com/docs/design-apis/collections/overview"": [], ""https://learning.postman.com/docs/design-apis/specifications/overview"": [], ""https://learning.postman.com/docs/design-apis/specifications/spec-hub-visual-editor"": [""> The Visual editor is only available for OpenAPI specifications. To edit other supported specifications, or to edit an OpenAPI specification in YAML or JSON, switch to the default [Code editor](/docs/design-apis/specifications/edit-a-specification/).""], ""https://learning.postman.com/docs/design-apis/specifications/component-library"": []}"
specifications-006,specifications,oneOf/anyOf/allOf,桌面 + 服务端,pending,https://docs.apifox.com/create-an-api.md;https://docs.apifox.com/data-schemas.md;https://docs.apifox.com/advanced-data-types.md;https://docs.apifox.com/response-components.md;https://docs.apifox.com/security-schemes.md,https://learning.postman.com/docs/design-apis/collections/overview;https://learning.postman.com/docs/design-apis/specifications/overview;https://learning.postman.com/docs/design-apis/specifications/spec-hub-visual-editor;https://learning.postman.com/docs/design-apis/specifications/component-library,,"{""https://docs.apifox.com/create-an-api.md"": [], ""https://docs.apifox.com/data-schemas.md"": [], ""https://docs.apifox.com/advanced-data-types.md"": [], ""https://docs.apifox.com/response-components.md"": [], ""https://docs.apifox.com/security-schemes.md"": [], ""https://learning.postman.com/docs/design-apis/collections/overview"": [], ""https://learning.postman.com/docs/design-apis/specifications/overview"": [], ""https://learning.postman.com/docs/design-apis/specifications/spec-hub-visual-editor"": [""> The Visual editor is only available for OpenAPI specifications. To edit other supported specifications, or to edit an OpenAPI specification in YAML or JSON, switch to the default [Code editor](/docs/design-apis/specifications/edit-a-specification/).""], ""https://learning.postman.com/docs/design-apis/specifications/component-library"": []}"
specifications-007,specifications,discriminator,桌面 + 服务端,pending,https://docs.apifox.com/create-an-api.md;https://docs.apifox.com/data-schemas.md;https://docs.apifox.com/advanced-data-types.md;https://docs.apifox.com/response-components.md;https://docs.apifox.com/security-schemes.md,https://learning.postman.com/docs/design-apis/collections/overview;https://learning.postman.com/docs/design-apis/specifications/overview;https://learning.postman.com/docs/design-apis/specifications/spec-hub-visual-editor;https://learning.postman.com/docs/design-apis/specifications/component-library,,"{""https://docs.apifox.com/create-an-api.md"": [], ""https://docs.apifox.com/data-schemas.md"": [], ""https://docs.apifox.com/advanced-data-types.md"": [], ""https://docs.apifox.com/response-components.md"": [], ""https://docs.apifox.com/security-schemes.md"": [], ""https://learning.postman.com/docs/design-apis/collections/overview"": [], ""https://learning.postman.com/docs/design-apis/specifications/overview"": [], ""https://learning.postman.com/docs/design-apis/specifications/spec-hub-visual-editor"": [""> The Visual editor is only available for OpenAPI specifications. To edit other supported specifications, or to edit an OpenAPI specification in YAML or JSON, switch to the default [Code editor](/docs/design-apis/specifications/edit-a-specification/).""], ""https://learning.postman.com/docs/design-apis/specifications/component-library"": []}"
specifications-008,specifications,可复用 Schema/组件库,桌面 + 服务端,pending,https://docs.apifox.com/create-an-api.md;https://docs.apifox.com/data-schemas.md;https://docs.apifox.com/advanced-data-types.md;https://docs.apifox.com/response-components.md;https://docs.apifox.com/security-schemes.md,https://learning.postman.com/docs/design-apis/collections/overview;https://learning.postman.com/docs/design-apis/specifications/overview;https://learning.postman.com/docs/design-apis/specifications/spec-hub-visual-editor;https://learning.postman.com/docs/design-apis/specifications/component-library,,"{""https://docs.apifox.com/create-an-api.md"": [], ""https://docs.apifox.com/data-schemas.md"": [], ""https://docs.apifox.com/advanced-data-types.md"": [], ""https://docs.apifox.com/response-components.md"": [], ""https://docs.apifox.com/security-schemes.md"": [], ""https://learning.postman.com/docs/design-apis/collections/overview"": [], ""https://learning.postman.com/docs/design-apis/specifications/overview"": [], ""https://learning.postman.com/docs/design-apis/specifications/spec-hub-visual-editor"": [""> The Visual editor is only available for OpenAPI specifications. To edit other supported specifications, or to edit an OpenAPI specification in YAML or JSON, switch to the default [Code editor](/docs/design-apis/specifications/edit-a-specification/).""], ""https://learning.postman.com/docs/design-apis/specifications/component-library"": []}"
specifications-009,specifications,公共参数/常用字段,桌面 + 服务端,pending,https://docs.apifox.com/create-an-api.md;https://docs.apifox.com/data-schemas.md;https://docs.apifox.com/advanced-data-types.md;https://docs.apifox.com/response-components.md;https://docs.apifox.com/security-schemes.md,https://learning.postman.com/docs/design-apis/collections/overview;https://learning.postman.com/docs/design-apis/specifications/overview;https://learning.postman.com/docs/design-apis/specifications/spec-hub-visual-editor;https://learning.postman.com/docs/design-apis/specifications/component-library,,"{""https://docs.apifox.com/create-an-api.md"": [], ""https://docs.apifox.com/data-schemas.md"": [], ""https://docs.apifox.com/advanced-data-types.md"": [], ""https://docs.apifox.com/response-components.md"": [], ""https://docs.apifox.com/security-schemes.md"": [], ""https://learning.postman.com/docs/design-apis/collections/overview"": [], ""https://learning.postman.com/docs/design-apis/specifications/overview"": [], ""https://learning.postman.com/docs/design-apis/specifications/spec-hub-visual-editor"": [""> The Visual editor is only available for OpenAPI specifications. To edit other supported specifications, or to edit an OpenAPI specification in YAML or JSON, switch to the default [Code editor](/docs/design-apis/specifications/edit-a-specification/).""], ""https://learning.postman.com/docs/design-apis/specifications/component-library"": []}"
specifications-010,specifications,可复用响应组件,桌面 + 服务端,pending,https://docs.apifox.com/create-an-api.md;https://docs.apifox.com/data-schemas.md;https://docs.apifox.com/advanced-data-types.md;https://docs.apifox.com/response-components.md;https://docs.apifox.com/security-schemes.md,https://learning.postman.com/docs/design-apis/collections/overview;https://learning.postman.com/docs/design-apis/specifications/overview;https://learning.postman.com/docs/design-apis/specifications/spec-hub-visual-editor;https://learning.postman.com/docs/design-apis/specifications/component-library,,"{""https://docs.apifox.com/create-an-api.md"": [], ""https://docs.apifox.com/data-schemas.md"": [], ""https://docs.apifox.com/advanced-data-types.md"": [], ""https://docs.apifox.com/response-components.md"": [], ""https://docs.apifox.com/security-schemes.md"": [], ""https://learning.postman.com/docs/design-apis/collections/overview"": [], ""https://learning.postman.com/docs/design-apis/specifications/overview"": [], ""https://learning.postman.com/docs/design-apis/specifications/spec-hub-visual-editor"": [""> The Visual editor is only available for OpenAPI specifications. To edit other supported specifications, or to edit an OpenAPI specification in YAML or JSON, switch to the default [Code editor](/docs/design-apis/specifications/edit-a-specification/).""], ""https://learning.postman.com/docs/design-apis/specifications/component-library"": []}"
specifications-011,specifications,鉴权组件/security schemes,桌面 + 服务端,pending,https://docs.apifox.com/create-an-api.md;https://docs.apifox.com/data-schemas.md;https://docs.apifox.com/advanced-data-types.md;https://docs.apifox.com/response-components.md;https://docs.apifox.com/security-schemes.md,https://learning.postman.com/docs/design-apis/collections/overview;https://learning.postman.com/docs/design-apis/specifications/overview;https://learning.postman.com/docs/design-apis/specifications/spec-hub-visual-editor;https://learning.postman.com/docs/design-apis/specifications/component-library,,"{""https://docs.apifox.com/create-an-api.md"": [], ""https://docs.apifox.com/data-schemas.md"": [], ""https://docs.apifox.com/advanced-data-types.md"": [], ""https://docs.apifox.com/response-components.md"": [], ""https://docs.apifox.com/security-schemes.md"": [], ""https://learning.postman.com/docs/design-apis/collections/overview"": [], ""https://learning.postman.com/docs/design-apis/specifications/overview"": [], ""https://learning.postman.com/docs/design-apis/specifications/spec-hub-visual-editor"": [""> The Visual editor is only available for OpenAPI specifications. To edit other supported specifications, or to edit an OpenAPI specification in YAML or JSON, switch to the default [Code editor](/docs/design-apis/specifications/edit-a-specification/).""], ""https://learning.postman.com/docs/design-apis/specifications/component-library"": []}"
specifications-012,specifications,多请求与响应示例,桌面 + 服务端,pending,https://docs.apifox.com/create-an-api.md;https://docs.apifox.com/data-schemas.md;https://docs.apifox.com/advanced-data-types.md;https://docs.apifox.com/response-components.md;https://docs.apifox.com/security-schemes.md,https://learning.postman.com/docs/design-apis/collections/overview;https://learning.postman.com/docs/design-apis/specifications/overview;https://learning.postman.com/docs/design-apis/specifications/spec-hub-visual-editor;https://learning.postman.com/docs/design-apis/specifications/component-library,,"{""https://docs.apifox.com/create-an-api.md"": [], ""https://docs.apifox.com/data-schemas.md"": [], ""https://docs.apifox.com/advanced-data-types.md"": [], ""https://docs.apifox.com/response-components.md"": [], ""https://docs.apifox.com/security-schemes.md"": [], ""https://learning.postman.com/docs/design-apis/collections/overview"": [], ""https://learning.postman.com/docs/design-apis/specifications/overview"": [], ""https://learning.postman.com/docs/design-apis/specifications/spec-hub-visual-editor"": [""> The Visual editor is only available for OpenAPI specifications. To edit other supported specifications, or to edit an OpenAPI specification in YAML or JSON, switch to the default [Code editor](/docs/design-apis/specifications/edit-a-specification/).""], ""https://learning.postman.com/docs/design-apis/specifications/component-library"": []}"
specifications-013,specifications,接口状态/负责人/扩展字段,桌面 + 服务端,pending,https://docs.apifox.com/create-an-api.md;https://docs.apifox.com/data-schemas.md;https://docs.apifox.com/advanced-data-types.md;https://docs.apifox.com/response-components.md;https://docs.apifox.com/security-schemes.md,https://learning.postman.com/docs/design-apis/collections/overview;https://learning.postman.com/docs/design-apis/specifications/overview;https://learning.postman.com/docs/design-apis/specifications/spec-hub-visual-editor;https://learning.postman.com/docs/design-apis/specifications/component-library,,"{""https://docs.apifox.com/create-an-api.md"": [], ""https://docs.apifox.com/data-schemas.md"": [], ""https://docs.apifox.com/advanced-data-types.md"": [], ""https://docs.apifox.com/response-components.md"": [], ""https://docs.apifox.com/security-schemes.md"": [], ""https://learning.postman.com/docs/design-apis/collections/overview"": [], ""https://learning.postman.com/docs/design-apis/specifications/overview"": [], ""https://learning.postman.com/docs/design-apis/specifications/spec-hub-visual-editor"": [""> The Visual editor is only available for OpenAPI specifications. To edit other supported specifications, or to edit an OpenAPI specification in YAML or JSON, switch to the default [Code editor](/docs/design-apis/specifications/edit-a-specification/).""], ""https://learning.postman.com/docs/design-apis/specifications/component-library"": []}"
specifications-014,specifications,API 唯一标识与业务目录,桌面 + 服务端,pending,https://docs.apifox.com/create-an-api.md;https://docs.apifox.com/data-schemas.md;https://docs.apifox.com/advanced-data-types.md;https://docs.apifox.com/response-components.md;https://docs.apifox.com/security-schemes.md,https://learning.postman.com/docs/design-apis/collections/overview;https://learning.postman.com/docs/design-apis/specifications/overview;https://learning.postman.com/docs/design-apis/specifications/spec-hub-visual-editor;https://learning.postman.com/docs/design-apis/specifications/component-library,,"{""https://docs.apifox.com/create-an-api.md"": [], ""https://docs.apifox.com/data-schemas.md"": [], ""https://docs.apifox.com/advanced-data-types.md"": [], ""https://docs.apifox.com/response-components.md"": [], ""https://docs.apifox.com/security-schemes.md"": [], ""https://learning.postman.com/docs/design-apis/collections/overview"": [], ""https://learning.postman.com/docs/design-apis/specifications/overview"": [], ""https://learning.postman.com/docs/design-apis/specifications/spec-hub-visual-editor"": [""> The Visual editor is only available for OpenAPI specifications. To edit other supported specifications, or to edit an OpenAPI specification in YAML or JSON, switch to the default [Code editor](/docs/design-apis/specifications/edit-a-specification/).""], ""https://learning.postman.com/docs/design-apis/specifications/component-library"": []}"
specifications-015,specifications,JSON 等生成 Schema,桌面 + 服务端,pending,https://docs.apifox.com/create-an-api.md;https://docs.apifox.com/data-schemas.md;https://docs.apifox.com/advanced-data-types.md;https://docs.apifox.com/response-components.md;https://docs.apifox.com/security-schemes.md,https://learning.postman.com/docs/design-apis/collections/overview;https://learning.postman.com/docs/design-apis/specifications/overview;https://learning.postman.com/docs/design-apis/specifications/spec-hub-visual-editor;https://learning.postman.com/docs/design-apis/specifications/component-library,,"{""https://docs.apifox.com/create-an-api.md"": [], ""https://docs.apifox.com/data-schemas.md"": [], ""https://docs.apifox.com/advanced-data-types.md"": [], ""https://docs.apifox.com/response-components.md"": [], ""https://docs.apifox.com/security-schemes.md"": [], ""https://learning.postman.com/docs/design-apis/collections/overview"": [], ""https://learning.postman.com/docs/design-apis/specifications/overview"": [], ""https://learning.postman.com/docs/design-apis/specifications/spec-hub-visual-editor"": [""> The Visual editor is only available for OpenAPI specifications. To edit other supported specifications, or to edit an OpenAPI specification in YAML or JSON, switch to the default [Code editor](/docs/design-apis/specifications/edit-a-specification/).""], ""https://learning.postman.com/docs/design-apis/specifications/component-library"": []}"
specifications-016,specifications,OpenAPI 规范源文件维护,桌面 + 服务端,pending,https://docs.apifox.com/create-an-api.md;https://docs.apifox.com/data-schemas.md;https://docs.apifox.com/advanced-data-types.md;https://docs.apifox.com/response-components.md;https://docs.apifox.com/security-schemes.md,https://learning.postman.com/docs/design-apis/collections/overview;https://learning.postman.com/docs/design-apis/specifications/overview;https://learning.postman.com/docs/design-apis/specifications/spec-hub-visual-editor;https://learning.postman.com/docs/design-apis/specifications/component-library,,"{""https://docs.apifox.com/create-an-api.md"": [], ""https://docs.apifox.com/data-schemas.md"": [], ""https://docs.apifox.com/advanced-data-types.md"": [], ""https://docs.apifox.com/response-components.md"": [], ""https://docs.apifox.com/security-schemes.md"": [], ""https://learning.postman.com/docs/design-apis/collections/overview"": [], ""https://learning.postman.com/docs/design-apis/specifications/overview"": [], ""https://learning.postman.com/docs/design-apis/specifications/spec-hub-visual-editor"": [""> The Visual editor is only available for OpenAPI specifications. To edit other supported specifications, or to edit an OpenAPI specification in YAML or JSON, switch to the default [Code editor](/docs/design-apis/specifications/edit-a-specification/).""], ""https://learning.postman.com/docs/design-apis/specifications/component-library"": []}"
specifications-017,specifications,OpenAPI JSON/YAML 导入导出,桌面 + 服务端,pending,https://docs.apifox.com/create-an-api.md;https://docs.apifox.com/data-schemas.md;https://docs.apifox.com/advanced-data-types.md;https://docs.apifox.com/response-components.md;https://docs.apifox.com/security-schemes.md,https://learning.postman.com/docs/design-apis/collections/overview;https://learning.postman.com/docs/design-apis/specifications/overview;https://learning.postman.com/docs/design-apis/specifications/spec-hub-visual-editor;https://learning.postman.com/docs/design-apis/specifications/component-library,,"{""https://docs.apifox.com/create-an-api.md"": [], ""https://docs.apifox.com/data-schemas.md"": [], ""https://docs.apifox.com/advanced-data-types.md"": [], ""https://docs.apifox.com/response-components.md"": [], ""https://docs.apifox.com/security-schemes.md"": [], ""https://learning.postman.com/docs/design-apis/collections/overview"": [], ""https://learning.postman.com/docs/design-apis/specifications/overview"": [], ""https://learning.postman.com/docs/design-apis/specifications/spec-hub-visual-editor"": [""> The Visual editor is only available for OpenAPI specifications. To edit other supported specifications, or to edit an OpenAPI specification in YAML or JSON, switch to the default [Code editor](/docs/design-apis/specifications/edit-a-specification/).""], ""https://learning.postman.com/docs/design-apis/specifications/component-library"": []}"
specifications-018,specifications,规范与请求集合双向同步,桌面 + 服务端,pending,https://docs.apifox.com/create-an-api.md;https://docs.apifox.com/data-schemas.md;https://docs.apifox.com/advanced-data-types.md;https://docs.apifox.com/response-components.md;https://docs.apifox.com/security-schemes.md,https://learning.postman.com/docs/design-apis/collections/overview;https://learning.postman.com/docs/design-apis/specifications/overview;https://learning.postman.com/docs/design-apis/specifications/spec-hub-visual-editor;https://learning.postman.com/docs/design-apis/specifications/component-library,,"{""https://docs.apifox.com/create-an-api.md"": [], ""https://docs.apifox.com/data-schemas.md"": [], ""https://docs.apifox.com/advanced-data-types.md"": [], ""https://docs.apifox.com/response-components.md"": [], ""https://docs.apifox.com/security-schemes.md"": [], ""https://learning.postman.com/docs/design-apis/collections/overview"": [], ""https://learning.postman.com/docs/design-apis/specifications/overview"": [], ""https://learning.postman.com/docs/design-apis/specifications/spec-hub-visual-editor"": [""> The Visual editor is only available for OpenAPI specifications. To edit other supported specifications, or to edit an OpenAPI specification in YAML or JSON, switch to the default [Code editor](/docs/design-apis/specifications/edit-a-specification/).""], ""https://learning.postman.com/docs/design-apis/specifications/component-library"": []}"
specifications-019,specifications,多文件规范与引用,桌面 + 服务端,pending,https://docs.apifox.com/create-an-api.md;https://docs.apifox.com/data-schemas.md;https://docs.apifox.com/advanced-data-types.md;https://docs.apifox.com/response-components.md;https://docs.apifox.com/security-schemes.md,https://learning.postman.com/docs/design-apis/collections/overview;https://learning.postman.com/docs/design-apis/specifications/overview;https://learning.postman.com/docs/design-apis/specifications/spec-hub-visual-editor;https://learning.postman.com/docs/design-apis/specifications/component-library,,"{""https://docs.apifox.com/create-an-api.md"": [], ""https://docs.apifox.com/data-schemas.md"": [], ""https://docs.apifox.com/advanced-data-types.md"": [], ""https://docs.apifox.com/response-components.md"": [], ""https://docs.apifox.com/security-schemes.md"": [], ""https://learning.postman.com/docs/design-apis/collections/overview"": [], ""https://learning.postman.com/docs/design-apis/specifications/overview"": [], ""https://learning.postman.com/docs/design-apis/specifications/spec-hub-visual-editor"": [""> The Visual editor is only available for OpenAPI specifications. To edit other supported specifications, or to edit an OpenAPI specification in YAML or JSON, switch to the default [Code editor](/docs/design-apis/specifications/edit-a-specification/).""], ""https://learning.postman.com/docs/design-apis/specifications/component-library"": []}"
specifications-020,specifications,规范语法/Schema 校验,桌面 + 服务端,pending,https://docs.apifox.com/create-an-api.md;https://docs.apifox.com/data-schemas.md;https://docs.apifox.com/advanced-data-types.md;https://docs.apifox.com/response-components.md;https://docs.apifox.com/security-schemes.md,https://learning.postman.com/docs/design-apis/collections/overview;https://learning.postman.com/docs/design-apis/specifications/overview;https://learning.postman.com/docs/design-apis/specifications/spec-hub-visual-editor;https://learning.postman.com/docs/design-apis/specifications/component-library,,"{""https://docs.apifox.com/create-an-api.md"": [], ""https://docs.apifox.com/data-schemas.md"": [], ""https://docs.apifox.com/advanced-data-types.md"": [], ""https://docs.apifox.com/response-components.md"": [], ""https://docs.apifox.com/security-schemes.md"": [], ""https://learning.postman.com/docs/design-apis/collections/overview"": [], ""https://learning.postman.com/docs/design-apis/specifications/overview"": [], ""https://learning.postman.com/docs/design-apis/specifications/spec-hub-visual-editor"": [""> The Visual editor is only available for OpenAPI specifications. To edit other supported specifications, or to edit an OpenAPI specification in YAML or JSON, switch to the default [Code editor](/docs/design-apis/specifications/edit-a-specification/).""], ""https://learning.postman.com/docs/design-apis/specifications/component-library"": []}"
specifications-021,specifications,规范实时文档预览,桌面 + 服务端,pending,https://docs.apifox.com/create-an-api.md;https://docs.apifox.com/data-schemas.md;https://docs.apifox.com/advanced-data-types.md;https://docs.apifox.com/response-components.md;https://docs.apifox.com/security-schemes.md,https://learning.postman.com/docs/design-apis/collections/overview;https://learning.postman.com/docs/design-apis/specifications/overview;https://learning.postman.com/docs/design-apis/specifications/spec-hub-visual-editor;https://learning.postman.com/docs/design-apis/specifications/component-library,,"{""https://docs.apifox.com/create-an-api.md"": [], ""https://docs.apifox.com/data-schemas.md"": [], ""https://docs.apifox.com/advanced-data-types.md"": [], ""https://docs.apifox.com/response-components.md"": [], ""https://docs.apifox.com/security-schemes.md"": [], ""https://learning.postman.com/docs/design-apis/collections/overview"": [], ""https://learning.postman.com/docs/design-apis/specifications/overview"": [], ""https://learning.postman.com/docs/design-apis/specifications/spec-hub-visual-editor"": [""> The Visual editor is only available for OpenAPI specifications. To edit other supported specifications, or to edit an OpenAPI specification in YAML or JSON, switch to the default [Code editor](/docs/design-apis/specifications/edit-a-specification/).""], ""https://learning.postman.com/docs/design-apis/specifications/component-library"": []}"
specifications-022,specifications,OpenAPI 2.0/Swagger,桌面 + 服务端,pending,https://docs.apifox.com/import-openapi-swagger.md;https://docs.apifox.com/apifox-openapi-swagger-extension.md,https://learning.postman.com/docs/design-apis/specifications/overview;https://learning.postman.com/docs/api-governance/api-definition/openapi2;https://learning.postman.com/docs/api-governance/api-definition/openapi3,各版本必须独立验收。oas3 0.22.0 文档只承诺 OpenAPI 3.1.x。,"{""https://docs.apifox.com/import-openapi-swagger.md"": [], ""https://docs.apifox.com/apifox-openapi-swagger-extension.md"": [], ""https://learning.postman.com/docs/design-apis/specifications/overview"": [], ""https://learning.postman.com/docs/api-governance/api-definition/openapi2"": [], ""https://learning.postman.com/docs/api-governance/api-definition/openapi3"": []}"
specifications-023,specifications,OpenAPI 3.0,桌面 + 服务端,pending,https://docs.apifox.com/import-openapi-swagger.md;https://docs.apifox.com/apifox-openapi-swagger-extension.md,https://learning.postman.com/docs/design-apis/specifications/overview;https://learning.postman.com/docs/api-governance/api-definition/openapi2;https://learning.postman.com/docs/api-governance/api-definition/openapi3,各版本必须独立验收。oas3 0.22.0 文档只承诺 OpenAPI 3.1.x。,"{""https://docs.apifox.com/import-openapi-swagger.md"": [], ""https://docs.apifox.com/apifox-openapi-swagger-extension.md"": [], ""https://learning.postman.com/docs/design-apis/specifications/overview"": [], ""https://learning.postman.com/docs/api-governance/api-definition/openapi2"": [], ""https://learning.postman.com/docs/api-governance/api-definition/openapi3"": []}"
specifications-024,specifications,OpenAPI 3.1,桌面 + 服务端,pending,https://docs.apifox.com/import-openapi-swagger.md;https://docs.apifox.com/apifox-openapi-swagger-extension.md,https://learning.postman.com/docs/design-apis/specifications/overview;https://learning.postman.com/docs/api-governance/api-definition/openapi2;https://learning.postman.com/docs/api-governance/api-definition/openapi3,各版本必须独立验收。oas3 0.22.0 文档只承诺 OpenAPI 3.1.x。,"{""https://docs.apifox.com/import-openapi-swagger.md"": [], ""https://docs.apifox.com/apifox-openapi-swagger-extension.md"": [], ""https://learning.postman.com/docs/design-apis/specifications/overview"": [], ""https://learning.postman.com/docs/api-governance/api-definition/openapi2"": [], ""https://learning.postman.com/docs/api-governance/api-definition/openapi3"": []}"
specifications-025,specifications,保留 x- 扩展与原始规范,桌面 + 服务端,pending,https://docs.apifox.com/import-openapi-swagger.md;https://docs.apifox.com/apifox-openapi-swagger-extension.md,https://learning.postman.com/docs/design-apis/specifications/overview;https://learning.postman.com/docs/api-governance/api-definition/openapi2;https://learning.postman.com/docs/api-governance/api-definition/openapi3,各版本必须独立验收。oas3 0.22.0 文档只承诺 OpenAPI 3.1.x。,"{""https://docs.apifox.com/import-openapi-swagger.md"": [], ""https://docs.apifox.com/apifox-openapi-swagger-extension.md"": [], ""https://learning.postman.com/docs/design-apis/specifications/overview"": [], ""https://learning.postman.com/docs/api-governance/api-definition/openapi2"": [], ""https://learning.postman.com/docs/api-governance/api-definition/openapi3"": []}"
specifications-026,specifications,AsyncAPI 规范,桌面 + 服务端,pending,,https://learning.postman.com/docs/design-apis/specifications/overview,,"{""https://learning.postman.com/docs/design-apis/specifications/overview"": []}"
specifications-027,specifications,protobuf 2/3 规范,桌面 + 服务端,pending,,https://learning.postman.com/docs/design-apis/specifications/overview,,"{""https://learning.postman.com/docs/design-apis/specifications/overview"": []}"
specifications-028,specifications,GraphQL SDL,桌面 + 服务端,pending,,https://learning.postman.com/docs/design-apis/specifications/overview,,"{""https://learning.postman.com/docs/design-apis/specifications/overview"": []}"
specifications-029,specifications,Smithy 2.0 规范,桌面 + 服务端,pending,,https://learning.postman.com/docs/design-apis/specifications/overview,,"{""https://learning.postman.com/docs/design-apis/specifications/overview"": []}"
protocols-001,protocols,SSE 连接与事件流/搜索/保存,桌面 + 服务端,pending,https://docs.apifox.com/sse.md,https://learning.postman.com/docs/use/send-requests/response-data/responses,,"{""https://docs.apifox.com/sse.md"": [], ""https://learning.postman.com/docs/use/send-requests/response-data/responses"": []}"
protocols-002,protocols,GraphQL schema introspection/浏览器,桌面 + 服务端,pending,https://docs.apifox.com/graphql.md,https://learning.postman.com/docs/use/send-requests/protocols/graphql/graphql-overview;https://learning.postman.com/docs/use/send-requests/protocols/graphql/graphql-client-interface,,"{""https://docs.apifox.com/graphql.md"": [], ""https://learning.postman.com/docs/use/send-requests/protocols/graphql/graphql-overview"": [], ""https://learning.postman.com/docs/use/send-requests/protocols/graphql/graphql-client-interface"": []}"
protocols-003,protocols,GraphQL Query/Mutation/变量,桌面 + 服务端,pending,https://docs.apifox.com/graphql.md,https://learning.postman.com/docs/use/send-requests/protocols/graphql/graphql-overview;https://learning.postman.com/docs/use/send-requests/protocols/graphql/graphql-client-interface,,"{""https://docs.apifox.com/graphql.md"": [], ""https://learning.postman.com/docs/use/send-requests/protocols/graphql/graphql-overview"": [], ""https://learning.postman.com/docs/use/send-requests/protocols/graphql/graphql-client-interface"": []}"
protocols-004,protocols,GraphQL 独立客户端,桌面 + 服务端,pending,https://docs.apifox.com/graphql.md,https://learning.postman.com/docs/use/send-requests/protocols/graphql/graphql-overview;https://learning.postman.com/docs/use/send-requests/protocols/graphql/graphql-client-interface,,"{""https://docs.apifox.com/graphql.md"": [], ""https://learning.postman.com/docs/use/send-requests/protocols/graphql/graphql-overview"": [], ""https://learning.postman.com/docs/use/send-requests/protocols/graphql/graphql-client-interface"": []}"
protocols-005,protocols,WebSocket 连接/消息/日志,桌面 + 服务端,pending,https://docs.apifox.com/websocket.md;https://docs.apifox.com/socketio.md,https://learning.postman.com/docs/use/send-requests/protocols/websocket/websocket-overview;https://learning.postman.com/docs/use/send-requests/protocols/websocket/create-a-socketio-request,,"{""https://docs.apifox.com/websocket.md"": [""暂不支持，已在设计开发中。"", ""暂不支持，后续会评估迭代。"", ""<Accordion title=\""WS 接口不支持 Mock 吗？\"" defaultOpen={false} >"", ""当前 Mock 库不支持 WebSocket 的 API 定义，因此无法根据定义生成消息体。""], ""https://docs.apifox.com/socketio.md"": [], ""https://learning.postman.com/docs/use/send-requests/protocols/websocket/websocket-overview"": [], ""https://learning.postman.com/docs/use/send-requests/protocols/websocket/create-a-socketio-request"": []}"
protocols-006,protocols,Socket.IO 事件监听与发送,桌面 + 服务端,pending,https://docs.apifox.com/websocket.md;https://docs.apifox.com/socketio.md,https://learning.postman.com/docs/use/send-requests/protocols/websocket/websocket-overview;https://learning.postman.com/docs/use/send-requests/protocols/websocket/create-a-socketio-request,,"{""https://docs.apifox.com/websocket.md"": [""暂不支持，已在设计开发中。"", ""暂不支持，后续会评估迭代。"", ""<Accordion title=\""WS 接口不支持 Mock 吗？\"" defaultOpen={false} >"", ""当前 Mock 库不支持 WebSocket 的 API 定义，因此无法根据定义生成消息体。""], ""https://docs.apifox.com/socketio.md"": [], ""https://learning.postman.com/docs/use/send-requests/protocols/websocket/websocket-overview"": [], ""https://learning.postman.com/docs/use/send-requests/protocols/websocket/create-a-socketio-request"": []}"
protocols-007,protocols,gRPC protobuf/service reflection,桌面 + 服务端,pending,https://docs.apifox.com/grpc.md,https://learning.postman.com/docs/use/send-requests/protocols/grpc/grpc-client-overview;https://learning.postman.com/docs/use/send-requests/protocols/grpc/using-service-definition;https://learning.postman.com/docs/use/send-requests/protocols/grpc/using-grpc-mock;https://learning.postman.com/docs/use/send-requests/protocols/grpc/scripting-in-grpc-request,,"{""https://docs.apifox.com/grpc.md"": [], ""https://learning.postman.com/docs/use/send-requests/protocols/grpc/grpc-client-overview"": [], ""https://learning.postman.com/docs/use/send-requests/protocols/grpc/using-service-definition"": [], ""https://learning.postman.com/docs/use/send-requests/protocols/grpc/using-grpc-mock"": [], ""https://learning.postman.com/docs/use/send-requests/protocols/grpc/scripting-in-grpc-request"": []}"
protocols-008,protocols,gRPC unary,桌面 + 服务端,pending,https://docs.apifox.com/grpc.md,https://learning.postman.com/docs/use/send-requests/protocols/grpc/grpc-client-overview;https://learning.postman.com/docs/use/send-requests/protocols/grpc/using-service-definition;https://learning.postman.com/docs/use/send-requests/protocols/grpc/using-grpc-mock;https://learning.postman.com/docs/use/send-requests/protocols/grpc/scripting-in-grpc-request,,"{""https://docs.apifox.com/grpc.md"": [], ""https://learning.postman.com/docs/use/send-requests/protocols/grpc/grpc-client-overview"": [], ""https://learning.postman.com/docs/use/send-requests/protocols/grpc/using-service-definition"": [], ""https://learning.postman.com/docs/use/send-requests/protocols/grpc/using-grpc-mock"": [], ""https://learning.postman.com/docs/use/send-requests/protocols/grpc/scripting-in-grpc-request"": []}"
protocols-009,protocols,gRPC client/server/bidirectional streaming,桌面 + 服务端,pending,https://docs.apifox.com/grpc.md,https://learning.postman.com/docs/use/send-requests/protocols/grpc/grpc-client-overview;https://learning.postman.com/docs/use/send-requests/protocols/grpc/using-service-definition;https://learning.postman.com/docs/use/send-requests/protocols/grpc/using-grpc-mock;https://learning.postman.com/docs/use/send-requests/protocols/grpc/scripting-in-grpc-request,,"{""https://docs.apifox.com/grpc.md"": [], ""https://learning.postman.com/docs/use/send-requests/protocols/grpc/grpc-client-overview"": [], ""https://learning.postman.com/docs/use/send-requests/protocols/grpc/using-service-definition"": [], ""https://learning.postman.com/docs/use/send-requests/protocols/grpc/using-grpc-mock"": [], ""https://learning.postman.com/docs/use/send-requests/protocols/grpc/scripting-in-grpc-request"": []}"
protocols-010,protocols,gRPC metadata/auth/TLS,桌面 + 服务端,pending,https://docs.apifox.com/grpc.md,https://learning.postman.com/docs/use/send-requests/protocols/grpc/grpc-client-overview;https://learning.postman.com/docs/use/send-requests/protocols/grpc/using-service-definition;https://learning.postman.com/docs/use/send-requests/protocols/grpc/using-grpc-mock;https://learning.postman.com/docs/use/send-requests/protocols/grpc/scripting-in-grpc-request,,"{""https://docs.apifox.com/grpc.md"": [], ""https://learning.postman.com/docs/use/send-requests/protocols/grpc/grpc-client-overview"": [], ""https://learning.postman.com/docs/use/send-requests/protocols/grpc/using-service-definition"": [], ""https://learning.postman.com/docs/use/send-requests/protocols/grpc/using-grpc-mock"": [], ""https://learning.postman.com/docs/use/send-requests/protocols/grpc/scripting-in-grpc-request"": []}"
protocols-011,protocols,gRPC 示例/Mock/脚本,桌面 + 服务端,pending,https://docs.apifox.com/grpc.md,https://learning.postman.com/docs/use/send-requests/protocols/grpc/grpc-client-overview;https://learning.postman.com/docs/use/send-requests/protocols/grpc/using-service-definition;https://learning.postman.com/docs/use/send-requests/protocols/grpc/using-grpc-mock;https://learning.postman.com/docs/use/send-requests/protocols/grpc/scripting-in-grpc-request,,"{""https://docs.apifox.com/grpc.md"": [], ""https://learning.postman.com/docs/use/send-requests/protocols/grpc/grpc-client-overview"": [], ""https://learning.postman.com/docs/use/send-requests/protocols/grpc/using-service-definition"": [], ""https://learning.postman.com/docs/use/send-requests/protocols/grpc/using-grpc-mock"": [], ""https://learning.postman.com/docs/use/send-requests/protocols/grpc/scripting-in-grpc-request"": []}"
protocols-012,protocols,SOAP/XML/WSDL,桌面 + 服务端,pending,https://docs.apifox.com/soap.md;https://docs.apifox.com/import-wsdl.md,https://learning.postman.com/docs/use/send-requests/protocols/soap/making-soap-requests,,"{""https://docs.apifox.com/soap.md"": [], ""https://docs.apifox.com/import-wsdl.md"": [], ""https://learning.postman.com/docs/use/send-requests/protocols/soap/making-soap-requests"": []}"
protocols-013,protocols,MQTT broker/订阅/发布/QoS,桌面 + 服务端,pending,,https://learning.postman.com/docs/use/send-requests/protocols/mqtt-client/mqtt-client-overview,,"{""https://learning.postman.com/docs/use/send-requests/protocols/mqtt-client/mqtt-client-overview"": []}"
protocols-014,protocols,TCP Socket/报文处理/粘包拆包,桌面 + 服务端,pending,https://docs.apifox.com/tcp-socket.md;https://docs.apifox.com/message-data-processor.md,,,"{""https://docs.apifox.com/tcp-socket.md"": [], ""https://docs.apifox.com/message-data-processor.md"": []}"
protocols-015,protocols,Dubbo 连接/调用/文档,桌面 + 服务端,pending,https://docs.apifox.com/create-dubbo-api.md;https://docs.apifox.com/debug-dubbo-api.md;https://docs.apifox.com/dubbo-api-documentation.md,,,"{""https://docs.apifox.com/create-dubbo-api.md"": [""Apifox 作为客户端，仅支持导入 `provider`，不支持导入 `consumer`。如果无法导入接口，你仍然可以通过手动新建 Dubbo 接口的方式进行调试。""], ""https://docs.apifox.com/debug-dubbo-api.md"": [], ""https://docs.apifox.com/dubbo-api-documentation.md"": []}"
protocols-016,protocols,Webhook 监听/检查/重放,桌面 + 服务端,pending,https://docs.apifox.com/webhook.md,https://learning.postman.com/docs/use/send-requests/protocols/webhooks,公网接收地址由自托管服务端提供，离线桌面只能提供本地监听。,"{""https://docs.apifox.com/webhook.md"": [], ""https://learning.postman.com/docs/use/send-requests/protocols/webhooks"": [""> This feature is available on Postman Solo, Team, and Enterprise plans. For more information, see the [pricing page](https://www.postman.com/pricing/)."", ""The following Postman Sandbox features aren't available in webhook scripts:""]}"
protocols-017,protocols,数据库 Data client 与 schema explorer,桌面 + 服务端,pending,,https://learning.postman.com/docs/use/send-requests/protocols/data/data-overview,,"{""https://learning.postman.com/docs/use/send-requests/protocols/data/data-overview"": []}"
scripts-001,scripts,JavaScript 前置脚本,桌面 + 服务端,pending,https://docs.apifox.com/pre-post-processors.md;https://docs.apifox.com/scripts.md;https://docs.apifox.com/postman-script-api.md;https://docs.apifox.com/common-scripts.md,https://learning.postman.com/docs/tests-and-scripts/write-scripts/intro-to-scripts;https://learning.postman.com/docs/tests-and-scripts/write-scripts/postman-sandbox-reference/overview;https://learning.postman.com/docs/tests-and-scripts/write-scripts/packages/overview,,"{""https://docs.apifox.com/pre-post-processors.md"": [], ""https://docs.apifox.com/scripts.md"": [""Apifox 不支持 “运行集合” 功能，因此无法使用 `pm.nextRequest()`。不过，你可以在自动化测试模块中创建**测试场景**，并添加 **if** 条件，根据不同的条件发送不同的请求。""], ""https://docs.apifox.com/postman-script-api.md"": [], ""https://docs.apifox.com/common-scripts.md"": [], ""https://learning.postman.com/docs/tests-and-scripts/write-scripts/intro-to-scripts"": [], ""https://learning.postman.com/docs/tests-and-scripts/write-scripts/postman-sandbox-reference/overview"": [], ""https://learning.postman.com/docs/tests-and-scripts/write-scripts/packages/overview"": []}"
scripts-002,scripts,JavaScript 后置脚本,桌面 + 服务端,pending,https://docs.apifox.com/pre-post-processors.md;https://docs.apifox.com/scripts.md;https://docs.apifox.com/postman-script-api.md;https://docs.apifox.com/common-scripts.md,https://learning.postman.com/docs/tests-and-scripts/write-scripts/intro-to-scripts;https://learning.postman.com/docs/tests-and-scripts/write-scripts/postman-sandbox-reference/overview;https://learning.postman.com/docs/tests-and-scripts/write-scripts/packages/overview,,"{""https://docs.apifox.com/pre-post-processors.md"": [], ""https://docs.apifox.com/scripts.md"": [""Apifox 不支持 “运行集合” 功能，因此无法使用 `pm.nextRequest()`。不过，你可以在自动化测试模块中创建**测试场景**，并添加 **if** 条件，根据不同的条件发送不同的请求。""], ""https://docs.apifox.com/postman-script-api.md"": [], ""https://docs.apifox.com/common-scripts.md"": [], ""https://learning.postman.com/docs/tests-and-scripts/write-scripts/intro-to-scripts"": [], ""https://learning.postman.com/docs/tests-and-scripts/write-scripts/postman-sandbox-reference/overview"": [], ""https://learning.postman.com/docs/tests-and-scripts/write-scripts/packages/overview"": []}"
scripts-003,scripts,请求/目录/集合级脚本继承与顺序,桌面 + 服务端,pending,https://docs.apifox.com/pre-post-processors.md;https://docs.apifox.com/scripts.md;https://docs.apifox.com/postman-script-api.md;https://docs.apifox.com/common-scripts.md,https://learning.postman.com/docs/tests-and-scripts/write-scripts/intro-to-scripts;https://learning.postman.com/docs/tests-and-scripts/write-scripts/postman-sandbox-reference/overview;https://learning.postman.com/docs/tests-and-scripts/write-scripts/packages/overview,,"{""https://docs.apifox.com/pre-post-processors.md"": [], ""https://docs.apifox.com/scripts.md"": [""Apifox 不支持 “运行集合” 功能，因此无法使用 `pm.nextRequest()`。不过，你可以在自动化测试模块中创建**测试场景**，并添加 **if** 条件，根据不同的条件发送不同的请求。""], ""https://docs.apifox.com/postman-script-api.md"": [], ""https://docs.apifox.com/common-scripts.md"": [], ""https://learning.postman.com/docs/tests-and-scripts/write-scripts/intro-to-scripts"": [], ""https://learning.postman.com/docs/tests-and-scripts/write-scripts/postman-sandbox-reference/overview"": [], ""https://learning.postman.com/docs/tests-and-scripts/write-scripts/packages/overview"": []}"
scripts-004,scripts,公共脚本/包库,桌面 + 服务端,pending,https://docs.apifox.com/pre-post-processors.md;https://docs.apifox.com/scripts.md;https://docs.apifox.com/postman-script-api.md;https://docs.apifox.com/common-scripts.md,https://learning.postman.com/docs/tests-and-scripts/write-scripts/intro-to-scripts;https://learning.postman.com/docs/tests-and-scripts/write-scripts/postman-sandbox-reference/overview;https://learning.postman.com/docs/tests-and-scripts/write-scripts/packages/overview,,"{""https://docs.apifox.com/pre-post-processors.md"": [], ""https://docs.apifox.com/scripts.md"": [""Apifox 不支持 “运行集合” 功能，因此无法使用 `pm.nextRequest()`。不过，你可以在自动化测试模块中创建**测试场景**，并添加 **if** 条件，根据不同的条件发送不同的请求。""], ""https://docs.apifox.com/postman-script-api.md"": [], ""https://docs.apifox.com/common-scripts.md"": [], ""https://learning.postman.com/docs/tests-and-scripts/write-scripts/intro-to-scripts"": [], ""https://learning.postman.com/docs/tests-and-scripts/write-scripts/postman-sandbox-reference/overview"": [], ""https://learning.postman.com/docs/tests-and-scripts/write-scripts/packages/overview"": []}"
scripts-005,scripts,第三方 JS 类库,桌面 + 服务端,pending,https://docs.apifox.com/pre-post-processors.md;https://docs.apifox.com/scripts.md;https://docs.apifox.com/postman-script-api.md;https://docs.apifox.com/common-scripts.md,https://learning.postman.com/docs/tests-and-scripts/write-scripts/intro-to-scripts;https://learning.postman.com/docs/tests-and-scripts/write-scripts/postman-sandbox-reference/overview;https://learning.postman.com/docs/tests-and-scripts/write-scripts/packages/overview,,"{""https://docs.apifox.com/pre-post-processors.md"": [], ""https://docs.apifox.com/scripts.md"": [""Apifox 不支持 “运行集合” 功能，因此无法使用 `pm.nextRequest()`。不过，你可以在自动化测试模块中创建**测试场景**，并添加 **if** 条件，根据不同的条件发送不同的请求。""], ""https://docs.apifox.com/postman-script-api.md"": [], ""https://docs.apifox.com/common-scripts.md"": [], ""https://learning.postman.com/docs/tests-and-scripts/write-scripts/intro-to-scripts"": [], ""https://learning.postman.com/docs/tests-and-scripts/write-scripts/postman-sandbox-reference/overview"": [], ""https://learning.postman.com/docs/tests-and-scripts/write-scripts/packages/overview"": []}"
scripts-006,scripts,pm.request 修改,桌面 + 服务端,pending,https://docs.apifox.com/pre-post-processors.md;https://docs.apifox.com/scripts.md;https://docs.apifox.com/postman-script-api.md;https://docs.apifox.com/common-scripts.md,https://learning.postman.com/docs/tests-and-scripts/write-scripts/intro-to-scripts;https://learning.postman.com/docs/tests-and-scripts/write-scripts/postman-sandbox-reference/overview;https://learning.postman.com/docs/tests-and-scripts/write-scripts/packages/overview,,"{""https://docs.apifox.com/pre-post-processors.md"": [], ""https://docs.apifox.com/scripts.md"": [""Apifox 不支持 “运行集合” 功能，因此无法使用 `pm.nextRequest()`。不过，你可以在自动化测试模块中创建**测试场景**，并添加 **if** 条件，根据不同的条件发送不同的请求。""], ""https://docs.apifox.com/postman-script-api.md"": [], ""https://docs.apifox.com/common-scripts.md"": [], ""https://learning.postman.com/docs/tests-and-scripts/write-scripts/intro-to-scripts"": [], ""https://learning.postman.com/docs/tests-and-scripts/write-scripts/postman-sandbox-reference/overview"": [], ""https://learning.postman.com/docs/tests-and-scripts/write-scripts/packages/overview"": []}"
scripts-007,scripts,pm.response 读取,桌面 + 服务端,pending,https://docs.apifox.com/pre-post-processors.md;https://docs.apifox.com/scripts.md;https://docs.apifox.com/postman-script-api.md;https://docs.apifox.com/common-scripts.md,https://learning.postman.com/docs/tests-and-scripts/write-scripts/intro-to-scripts;https://learning.postman.com/docs/tests-and-scripts/write-scripts/postman-sandbox-reference/overview;https://learning.postman.com/docs/tests-and-scripts/write-scripts/packages/overview,,"{""https://docs.apifox.com/pre-post-processors.md"": [], ""https://docs.apifox.com/scripts.md"": [""Apifox 不支持 “运行集合” 功能，因此无法使用 `pm.nextRequest()`。不过，你可以在自动化测试模块中创建**测试场景**，并添加 **if** 条件，根据不同的条件发送不同的请求。""], ""https://docs.apifox.com/postman-script-api.md"": [], ""https://docs.apifox.com/common-scripts.md"": [], ""https://learning.postman.com/docs/tests-and-scripts/write-scripts/intro-to-scripts"": [], ""https://learning.postman.com/docs/tests-and-scripts/write-scripts/postman-sandbox-reference/overview"": [], ""https://learning.postman.com/docs/tests-and-scripts/write-scripts/packages/overview"": []}"
scripts-008,scripts,pm.variables/environment/globals/collectionVariables,桌面 + 服务端,pending,https://docs.apifox.com/pre-post-processors.md;https://docs.apifox.com/scripts.md;https://docs.apifox.com/postman-script-api.md;https://docs.apifox.com/common-scripts.md,https://learning.postman.com/docs/tests-and-scripts/write-scripts/intro-to-scripts;https://learning.postman.com/docs/tests-and-scripts/write-scripts/postman-sandbox-reference/overview;https://learning.postman.com/docs/tests-and-scripts/write-scripts/packages/overview,,"{""https://docs.apifox.com/pre-post-processors.md"": [], ""https://docs.apifox.com/scripts.md"": [""Apifox 不支持 “运行集合” 功能，因此无法使用 `pm.nextRequest()`。不过，你可以在自动化测试模块中创建**测试场景**，并添加 **if** 条件，根据不同的条件发送不同的请求。""], ""https://docs.apifox.com/postman-script-api.md"": [], ""https://docs.apifox.com/common-scripts.md"": [], ""https://learning.postman.com/docs/tests-and-scripts/write-scripts/intro-to-scripts"": [], ""https://learning.postman.com/docs/tests-and-scripts/write-scripts/postman-sandbox-reference/overview"": [], ""https://learning.postman.com/docs/tests-and-scripts/write-scripts/packages/overview"": []}"
scripts-009,scripts,pm.sendRequest 与跨请求数据,桌面 + 服务端,pending,https://docs.apifox.com/pre-post-processors.md;https://docs.apifox.com/scripts.md;https://docs.apifox.com/postman-script-api.md;https://docs.apifox.com/common-scripts.md,https://learning.postman.com/docs/tests-and-scripts/write-scripts/intro-to-scripts;https://learning.postman.com/docs/tests-and-scripts/write-scripts/postman-sandbox-reference/overview;https://learning.postman.com/docs/tests-and-scripts/write-scripts/packages/overview,,"{""https://docs.apifox.com/pre-post-processors.md"": [], ""https://docs.apifox.com/scripts.md"": [""Apifox 不支持 “运行集合” 功能，因此无法使用 `pm.nextRequest()`。不过，你可以在自动化测试模块中创建**测试场景**，并添加 **if** 条件，根据不同的条件发送不同的请求。""], ""https://docs.apifox.com/postman-script-api.md"": [], ""https://docs.apifox.com/common-scripts.md"": [], ""https://learning.postman.com/docs/tests-and-scripts/write-scripts/intro-to-scripts"": [], ""https://learning.postman.com/docs/tests-and-scripts/write-scripts/postman-sandbox-reference/overview"": [], ""https://learning.postman.com/docs/tests-and-scripts/write-scripts/packages/overview"": []}"
scripts-010,scripts,pm.test/expect 断言,桌面 + 服务端,pending,https://docs.apifox.com/pre-post-processors.md;https://docs.apifox.com/scripts.md;https://docs.apifox.com/postman-script-api.md;https://docs.apifox.com/common-scripts.md,https://learning.postman.com/docs/tests-and-scripts/write-scripts/intro-to-scripts;https://learning.postman.com/docs/tests-and-scripts/write-scripts/postman-sandbox-reference/overview;https://learning.postman.com/docs/tests-and-scripts/write-scripts/packages/overview,,"{""https://docs.apifox.com/pre-post-processors.md"": [], ""https://docs.apifox.com/scripts.md"": [""Apifox 不支持 “运行集合” 功能，因此无法使用 `pm.nextRequest()`。不过，你可以在自动化测试模块中创建**测试场景**，并添加 **if** 条件，根据不同的条件发送不同的请求。""], ""https://docs.apifox.com/postman-script-api.md"": [], ""https://docs.apifox.com/common-scripts.md"": [], ""https://learning.postman.com/docs/tests-and-scripts/write-scripts/intro-to-scripts"": [], ""https://learning.postman.com/docs/tests-and-scripts/write-scripts/postman-sandbox-reference/overview"": [], ""https://learning.postman.com/docs/tests-and-scripts/write-scripts/packages/overview"": []}"
scripts-011,scripts,Cookie API,桌面 + 服务端,pending,https://docs.apifox.com/pre-post-processors.md;https://docs.apifox.com/scripts.md;https://docs.apifox.com/postman-script-api.md;https://docs.apifox.com/common-scripts.md,https://learning.postman.com/docs/tests-and-scripts/write-scripts/intro-to-scripts;https://learning.postman.com/docs/tests-and-scripts/write-scripts/postman-sandbox-reference/overview;https://learning.postman.com/docs/tests-and-scripts/write-scripts/packages/overview,,"{""https://docs.apifox.com/pre-post-processors.md"": [], ""https://docs.apifox.com/scripts.md"": [""Apifox 不支持 “运行集合” 功能，因此无法使用 `pm.nextRequest()`。不过，你可以在自动化测试模块中创建**测试场景**，并添加 **if** 条件，根据不同的条件发送不同的请求。""], ""https://docs.apifox.com/postman-script-api.md"": [], ""https://docs.apifox.com/common-scripts.md"": [], ""https://learning.postman.com/docs/tests-and-scripts/write-scripts/intro-to-scripts"": [], ""https://learning.postman.com/docs/tests-and-scripts/write-scripts/postman-sandbox-reference/overview"": [], ""https://learning.postman.com/docs/tests-and-scripts/write-scripts/packages/overview"": []}"
scripts-012,scripts,Vault 脚本访问,桌面 + 服务端,pending,https://docs.apifox.com/pre-post-processors.md;https://docs.apifox.com/scripts.md;https://docs.apifox.com/postman-script-api.md;https://docs.apifox.com/common-scripts.md,https://learning.postman.com/docs/tests-and-scripts/write-scripts/intro-to-scripts;https://learning.postman.com/docs/tests-and-scripts/write-scripts/postman-sandbox-reference/overview;https://learning.postman.com/docs/tests-and-scripts/write-scripts/packages/overview,,"{""https://docs.apifox.com/pre-post-processors.md"": [], ""https://docs.apifox.com/scripts.md"": [""Apifox 不支持 “运行集合” 功能，因此无法使用 `pm.nextRequest()`。不过，你可以在自动化测试模块中创建**测试场景**，并添加 **if** 条件，根据不同的条件发送不同的请求。""], ""https://docs.apifox.com/postman-script-api.md"": [], ""https://docs.apifox.com/common-scripts.md"": [], ""https://learning.postman.com/docs/tests-and-scripts/write-scripts/intro-to-scripts"": [], ""https://learning.postman.com/docs/tests-and-scripts/write-scripts/postman-sandbox-reference/overview"": [], ""https://learning.postman.com/docs/tests-and-scripts/write-scripts/packages/overview"": []}"
scripts-013,scripts,脚本日志与调试,桌面 + 服务端,pending,https://docs.apifox.com/pre-post-processors.md;https://docs.apifox.com/scripts.md;https://docs.apifox.com/postman-script-api.md;https://docs.apifox.com/common-scripts.md,https://learning.postman.com/docs/tests-and-scripts/write-scripts/intro-to-scripts;https://learning.postman.com/docs/tests-and-scripts/write-scripts/postman-sandbox-reference/overview;https://learning.postman.com/docs/tests-and-scripts/write-scripts/packages/overview,,"{""https://docs.apifox.com/pre-post-processors.md"": [], ""https://docs.apifox.com/scripts.md"": [""Apifox 不支持 “运行集合” 功能，因此无法使用 `pm.nextRequest()`。不过，你可以在自动化测试模块中创建**测试场景**，并添加 **if** 条件，根据不同的条件发送不同的请求。""], ""https://docs.apifox.com/postman-script-api.md"": [], ""https://docs.apifox.com/common-scripts.md"": [], ""https://learning.postman.com/docs/tests-and-scripts/write-scripts/intro-to-scripts"": [], ""https://learning.postman.com/docs/tests-and-scripts/write-scripts/postman-sandbox-reference/overview"": [], ""https://learning.postman.com/docs/tests-and-scripts/write-scripts/packages/overview"": []}"
scripts-014,scripts,响应数据可视化,桌面 + 服务端,pending,https://docs.apifox.com/pre-post-processors.md;https://docs.apifox.com/scripts.md;https://docs.apifox.com/postman-script-api.md;https://docs.apifox.com/common-scripts.md,https://learning.postman.com/docs/tests-and-scripts/write-scripts/intro-to-scripts;https://learning.postman.com/docs/tests-and-scripts/write-scripts/postman-sandbox-reference/overview;https://learning.postman.com/docs/tests-and-scripts/write-scripts/packages/overview,,"{""https://docs.apifox.com/pre-post-processors.md"": [], ""https://docs.apifox.com/scripts.md"": [""Apifox 不支持 “运行集合” 功能，因此无法使用 `pm.nextRequest()`。不过，你可以在自动化测试模块中创建**测试场景**，并添加 **if** 条件，根据不同的条件发送不同的请求。""], ""https://docs.apifox.com/postman-script-api.md"": [], ""https://docs.apifox.com/common-scripts.md"": [], ""https://learning.postman.com/docs/tests-and-scripts/write-scripts/intro-to-scripts"": [], ""https://learning.postman.com/docs/tests-and-scripts/write-scripts/postman-sandbox-reference/overview"": [], ""https://learning.postman.com/docs/tests-and-scripts/write-scripts/packages/overview"": []}"
scripts-015,scripts,运行沙箱/限时/权限,桌面 + 服务端,pending,https://docs.apifox.com/pre-post-processors.md;https://docs.apifox.com/scripts.md;https://docs.apifox.com/postman-script-api.md;https://docs.apifox.com/common-scripts.md,https://learning.postman.com/docs/tests-and-scripts/write-scripts/intro-to-scripts;https://learning.postman.com/docs/tests-and-scripts/write-scripts/postman-sandbox-reference/overview;https://learning.postman.com/docs/tests-and-scripts/write-scripts/packages/overview,,"{""https://docs.apifox.com/pre-post-processors.md"": [], ""https://docs.apifox.com/scripts.md"": [""Apifox 不支持 “运行集合” 功能，因此无法使用 `pm.nextRequest()`。不过，你可以在自动化测试模块中创建**测试场景**，并添加 **if** 条件，根据不同的条件发送不同的请求。""], ""https://docs.apifox.com/postman-script-api.md"": [], ""https://docs.apifox.com/common-scripts.md"": [], ""https://learning.postman.com/docs/tests-and-scripts/write-scripts/intro-to-scripts"": [], ""https://learning.postman.com/docs/tests-and-scripts/write-scripts/postman-sandbox-reference/overview"": [], ""https://learning.postman.com/docs/tests-and-scripts/write-scripts/packages/overview"": []}"
scripts-016,scripts,数据库前后置步骤,桌面/授权服务端 Runner,pending,https://docs.apifox.com/database.md;https://docs.apifox.com/mysql.md;https://docs.apifox.com/mongodb.md;https://docs.apifox.com/redis.md;https://docs.apifox.com/oracle.md,,,"{""https://docs.apifox.com/database.md"": [""Apifox 支持标准 SQL 查询，但不支持存储过程这类复杂的 SQL 操作。""], ""https://docs.apifox.com/mysql.md"": [""- Prefer（默认）：支持时使用 SSL，不支持则使用非 SSL"", ""Apifox 支持标准 SQL 查询，但不支持存储过程这类复杂的 SQL 操作。""], ""https://docs.apifox.com/mongodb.md"": [], ""https://docs.apifox.com/redis.md"": [], ""https://docs.apifox.com/oracle.md"": []}"
scripts-017,scripts,MySQL/MongoDB/Redis/Oracle 连接,桌面/授权服务端 Runner,pending,https://docs.apifox.com/database.md;https://docs.apifox.com/mysql.md;https://docs.apifox.com/mongodb.md;https://docs.apifox.com/redis.md;https://docs.apifox.com/oracle.md,,,"{""https://docs.apifox.com/database.md"": [""Apifox 支持标准 SQL 查询，但不支持存储过程这类复杂的 SQL 操作。""], ""https://docs.apifox.com/mysql.md"": [""- Prefer（默认）：支持时使用 SSL，不支持则使用非 SSL"", ""Apifox 支持标准 SQL 查询，但不支持存储过程这类复杂的 SQL 操作。""], ""https://docs.apifox.com/mongodb.md"": [], ""https://docs.apifox.com/redis.md"": [], ""https://docs.apifox.com/oracle.md"": []}"
scripts-018,scripts,SQL 查询/结果提取,桌面/授权服务端 Runner,pending,https://docs.apifox.com/database.md;https://docs.apifox.com/mysql.md;https://docs.apifox.com/mongodb.md;https://docs.apifox.com/redis.md;https://docs.apifox.com/oracle.md,,,"{""https://docs.apifox.com/database.md"": [""Apifox 支持标准 SQL 查询，但不支持存储过程这类复杂的 SQL 操作。""], ""https://docs.apifox.com/mysql.md"": [""- Prefer（默认）：支持时使用 SSL，不支持则使用非 SSL"", ""Apifox 支持标准 SQL 查询，但不支持存储过程这类复杂的 SQL 操作。""], ""https://docs.apifox.com/mongodb.md"": [], ""https://docs.apifox.com/redis.md"": [], ""https://docs.apifox.com/oracle.md"": []}"
scripts-019,scripts,调用外部程序/Java/Python/PHP/Shell 等,桌面/授权服务端 Runner,pending,https://docs.apifox.com/call-external-programs.md,,单二进制不能内置所有外部语言运行时；需声明可选依赖，不应伪装为已内置。,"{""https://docs.apifox.com/call-external-programs.md"": [""此功能仅支持可直接反射调用的 JAR 包。不支持如 Spring Boot 等需要内部运行时进行反射调用的 JAR 包。""]}"
mock-001,mock,响应示例 Mock,桌面 + 服务端,pending,https://docs.apifox.com/mock.md;https://docs.apifox.com/smart-mock.md;https://docs.apifox.com/custom-mock.md;https://docs.apifox.com/mock-priority-rules.md;https://docs.apifox.com/mock-scripts.md;https://docs.apifox.com/runner-mock.md,https://learning.postman.com/docs/design-apis/mock-apis/overview;https://learning.postman.com/docs/design-apis/mock-apis/local-mock-servers;https://learning.postman.com/docs/design-apis/mock-apis/set-up-mock-servers;https://learning.postman.com/docs/design-apis/mock-apis/matching-algorithm;https://learning.postman.com/docs/design-apis/mock-apis/create-dynamic-responses,,"{""https://docs.apifox.com/mock.md"": [""- 本地 Mock 只能在 Apifox 客户端使用，网页版不支持""], ""https://docs.apifox.com/smart-mock.md"": [], ""https://docs.apifox.com/custom-mock.md"": [""- body 参数仅支持 JSON 格式，不支持 XML 格式。"", ""- 参数条件不支持使用 `{{变量}}`。""], ""https://docs.apifox.com/mock-priority-rules.md"": [], ""https://docs.apifox.com/mock-scripts.md"": [], ""https://docs.apifox.com/runner-mock.md"": [], ""https://learning.postman.com/docs/design-apis/mock-apis/overview"": [], ""https://learning.postman.com/docs/design-apis/mock-apis/local-mock-servers"": [], ""https://learning.postman.com/docs/design-apis/mock-apis/set-up-mock-servers"": [], ""https://learning.postman.com/docs/design-apis/mock-apis/matching-algorithm"": [], ""https://learning.postman.com/docs/design-apis/mock-apis/create-dynamic-responses"": []}"
mock-002,mock,Schema 驱动生成,桌面 + 服务端,pending,https://docs.apifox.com/mock.md;https://docs.apifox.com/smart-mock.md;https://docs.apifox.com/custom-mock.md;https://docs.apifox.com/mock-priority-rules.md;https://docs.apifox.com/mock-scripts.md;https://docs.apifox.com/runner-mock.md,https://learning.postman.com/docs/design-apis/mock-apis/overview;https://learning.postman.com/docs/design-apis/mock-apis/local-mock-servers;https://learning.postman.com/docs/design-apis/mock-apis/set-up-mock-servers;https://learning.postman.com/docs/design-apis/mock-apis/matching-algorithm;https://learning.postman.com/docs/design-apis/mock-apis/create-dynamic-responses,,"{""https://docs.apifox.com/mock.md"": [""- 本地 Mock 只能在 Apifox 客户端使用，网页版不支持""], ""https://docs.apifox.com/smart-mock.md"": [], ""https://docs.apifox.com/custom-mock.md"": [""- body 参数仅支持 JSON 格式，不支持 XML 格式。"", ""- 参数条件不支持使用 `{{变量}}`。""], ""https://docs.apifox.com/mock-priority-rules.md"": [], ""https://docs.apifox.com/mock-scripts.md"": [], ""https://docs.apifox.com/runner-mock.md"": [], ""https://learning.postman.com/docs/design-apis/mock-apis/overview"": [], ""https://learning.postman.com/docs/design-apis/mock-apis/local-mock-servers"": [], ""https://learning.postman.com/docs/design-apis/mock-apis/set-up-mock-servers"": [], ""https://learning.postman.com/docs/design-apis/mock-apis/matching-algorithm"": [], ""https://learning.postman.com/docs/design-apis/mock-apis/create-dynamic-responses"": []}"
mock-003,mock,字段名/规则/枚举数据生成,桌面 + 服务端,pending,https://docs.apifox.com/mock.md;https://docs.apifox.com/smart-mock.md;https://docs.apifox.com/custom-mock.md;https://docs.apifox.com/mock-priority-rules.md;https://docs.apifox.com/mock-scripts.md;https://docs.apifox.com/runner-mock.md,https://learning.postman.com/docs/design-apis/mock-apis/overview;https://learning.postman.com/docs/design-apis/mock-apis/local-mock-servers;https://learning.postman.com/docs/design-apis/mock-apis/set-up-mock-servers;https://learning.postman.com/docs/design-apis/mock-apis/matching-algorithm;https://learning.postman.com/docs/design-apis/mock-apis/create-dynamic-responses,,"{""https://docs.apifox.com/mock.md"": [""- 本地 Mock 只能在 Apifox 客户端使用，网页版不支持""], ""https://docs.apifox.com/smart-mock.md"": [], ""https://docs.apifox.com/custom-mock.md"": [""- body 参数仅支持 JSON 格式，不支持 XML 格式。"", ""- 参数条件不支持使用 `{{变量}}`。""], ""https://docs.apifox.com/mock-priority-rules.md"": [], ""https://docs.apifox.com/mock-scripts.md"": [], ""https://docs.apifox.com/runner-mock.md"": [], ""https://learning.postman.com/docs/design-apis/mock-apis/overview"": [], ""https://learning.postman.com/docs/design-apis/mock-apis/local-mock-servers"": [], ""https://learning.postman.com/docs/design-apis/mock-apis/set-up-mock-servers"": [], ""https://learning.postman.com/docs/design-apis/mock-apis/matching-algorithm"": [], ""https://learning.postman.com/docs/design-apis/mock-apis/create-dynamic-responses"": []}"
mock-004,mock,请求 URL/参数/Header/Body 匹配,桌面 + 服务端,pending,https://docs.apifox.com/mock.md;https://docs.apifox.com/smart-mock.md;https://docs.apifox.com/custom-mock.md;https://docs.apifox.com/mock-priority-rules.md;https://docs.apifox.com/mock-scripts.md;https://docs.apifox.com/runner-mock.md,https://learning.postman.com/docs/design-apis/mock-apis/overview;https://learning.postman.com/docs/design-apis/mock-apis/local-mock-servers;https://learning.postman.com/docs/design-apis/mock-apis/set-up-mock-servers;https://learning.postman.com/docs/design-apis/mock-apis/matching-algorithm;https://learning.postman.com/docs/design-apis/mock-apis/create-dynamic-responses,,"{""https://docs.apifox.com/mock.md"": [""- 本地 Mock 只能在 Apifox 客户端使用，网页版不支持""], ""https://docs.apifox.com/smart-mock.md"": [], ""https://docs.apifox.com/custom-mock.md"": [""- body 参数仅支持 JSON 格式，不支持 XML 格式。"", ""- 参数条件不支持使用 `{{变量}}`。""], ""https://docs.apifox.com/mock-priority-rules.md"": [], ""https://docs.apifox.com/mock-scripts.md"": [], ""https://docs.apifox.com/runner-mock.md"": [], ""https://learning.postman.com/docs/design-apis/mock-apis/overview"": [], ""https://learning.postman.com/docs/design-apis/mock-apis/local-mock-servers"": [], ""https://learning.postman.com/docs/design-apis/mock-apis/set-up-mock-servers"": [], ""https://learning.postman.com/docs/design-apis/mock-apis/matching-algorithm"": [], ""https://learning.postman.com/docs/design-apis/mock-apis/create-dynamic-responses"": []}"
mock-005,mock,响应选择与规则优先级,桌面 + 服务端,pending,https://docs.apifox.com/mock.md;https://docs.apifox.com/smart-mock.md;https://docs.apifox.com/custom-mock.md;https://docs.apifox.com/mock-priority-rules.md;https://docs.apifox.com/mock-scripts.md;https://docs.apifox.com/runner-mock.md,https://learning.postman.com/docs/design-apis/mock-apis/overview;https://learning.postman.com/docs/design-apis/mock-apis/local-mock-servers;https://learning.postman.com/docs/design-apis/mock-apis/set-up-mock-servers;https://learning.postman.com/docs/design-apis/mock-apis/matching-algorithm;https://learning.postman.com/docs/design-apis/mock-apis/create-dynamic-responses,,"{""https://docs.apifox.com/mock.md"": [""- 本地 Mock 只能在 Apifox 客户端使用，网页版不支持""], ""https://docs.apifox.com/smart-mock.md"": [], ""https://docs.apifox.com/custom-mock.md"": [""- body 参数仅支持 JSON 格式，不支持 XML 格式。"", ""- 参数条件不支持使用 `{{变量}}`。""], ""https://docs.apifox.com/mock-priority-rules.md"": [], ""https://docs.apifox.com/mock-scripts.md"": [], ""https://docs.apifox.com/runner-mock.md"": [], ""https://learning.postman.com/docs/design-apis/mock-apis/overview"": [], ""https://learning.postman.com/docs/design-apis/mock-apis/local-mock-servers"": [], ""https://learning.postman.com/docs/design-apis/mock-apis/set-up-mock-servers"": [], ""https://learning.postman.com/docs/design-apis/mock-apis/matching-algorithm"": [], ""https://learning.postman.com/docs/design-apis/mock-apis/create-dynamic-responses"": []}"
mock-006,mock,动态响应/脚本,桌面 + 服务端,pending,https://docs.apifox.com/mock.md;https://docs.apifox.com/smart-mock.md;https://docs.apifox.com/custom-mock.md;https://docs.apifox.com/mock-priority-rules.md;https://docs.apifox.com/mock-scripts.md;https://docs.apifox.com/runner-mock.md,https://learning.postman.com/docs/design-apis/mock-apis/overview;https://learning.postman.com/docs/design-apis/mock-apis/local-mock-servers;https://learning.postman.com/docs/design-apis/mock-apis/set-up-mock-servers;https://learning.postman.com/docs/design-apis/mock-apis/matching-algorithm;https://learning.postman.com/docs/design-apis/mock-apis/create-dynamic-responses,,"{""https://docs.apifox.com/mock.md"": [""- 本地 Mock 只能在 Apifox 客户端使用，网页版不支持""], ""https://docs.apifox.com/smart-mock.md"": [], ""https://docs.apifox.com/custom-mock.md"": [""- body 参数仅支持 JSON 格式，不支持 XML 格式。"", ""- 参数条件不支持使用 `{{变量}}`。""], ""https://docs.apifox.com/mock-priority-rules.md"": [], ""https://docs.apifox.com/mock-scripts.md"": [], ""https://docs.apifox.com/runner-mock.md"": [], ""https://learning.postman.com/docs/design-apis/mock-apis/overview"": [], ""https://learning.postman.com/docs/design-apis/mock-apis/local-mock-servers"": [], ""https://learning.postman.com/docs/design-apis/mock-apis/set-up-mock-servers"": [], ""https://learning.postman.com/docs/design-apis/mock-apis/matching-algorithm"": [], ""https://learning.postman.com/docs/design-apis/mock-apis/create-dynamic-responses"": []}"
mock-007,mock,状态码/Header/延迟,桌面 + 服务端,pending,https://docs.apifox.com/mock.md;https://docs.apifox.com/smart-mock.md;https://docs.apifox.com/custom-mock.md;https://docs.apifox.com/mock-priority-rules.md;https://docs.apifox.com/mock-scripts.md;https://docs.apifox.com/runner-mock.md,https://learning.postman.com/docs/design-apis/mock-apis/overview;https://learning.postman.com/docs/design-apis/mock-apis/local-mock-servers;https://learning.postman.com/docs/design-apis/mock-apis/set-up-mock-servers;https://learning.postman.com/docs/design-apis/mock-apis/matching-algorithm;https://learning.postman.com/docs/design-apis/mock-apis/create-dynamic-responses,,"{""https://docs.apifox.com/mock.md"": [""- 本地 Mock 只能在 Apifox 客户端使用，网页版不支持""], ""https://docs.apifox.com/smart-mock.md"": [], ""https://docs.apifox.com/custom-mock.md"": [""- body 参数仅支持 JSON 格式，不支持 XML 格式。"", ""- 参数条件不支持使用 `{{变量}}`。""], ""https://docs.apifox.com/mock-priority-rules.md"": [], ""https://docs.apifox.com/mock-scripts.md"": [], ""https://docs.apifox.com/runner-mock.md"": [], ""https://learning.postman.com/docs/design-apis/mock-apis/overview"": [], ""https://learning.postman.com/docs/design-apis/mock-apis/local-mock-servers"": [], ""https://learning.postman.com/docs/design-apis/mock-apis/set-up-mock-servers"": [], ""https://learning.postman.com/docs/design-apis/mock-apis/matching-algorithm"": [], ""https://learning.postman.com/docs/design-apis/mock-apis/create-dynamic-responses"": []}"
mock-008,mock,Mock 调用日志,桌面 + 服务端,pending,https://docs.apifox.com/mock.md;https://docs.apifox.com/smart-mock.md;https://docs.apifox.com/custom-mock.md;https://docs.apifox.com/mock-priority-rules.md;https://docs.apifox.com/mock-scripts.md;https://docs.apifox.com/runner-mock.md,https://learning.postman.com/docs/design-apis/mock-apis/overview;https://learning.postman.com/docs/design-apis/mock-apis/local-mock-servers;https://learning.postman.com/docs/design-apis/mock-apis/set-up-mock-servers;https://learning.postman.com/docs/design-apis/mock-apis/matching-algorithm;https://learning.postman.com/docs/design-apis/mock-apis/create-dynamic-responses,,"{""https://docs.apifox.com/mock.md"": [""- 本地 Mock 只能在 Apifox 客户端使用，网页版不支持""], ""https://docs.apifox.com/smart-mock.md"": [], ""https://docs.apifox.com/custom-mock.md"": [""- body 参数仅支持 JSON 格式，不支持 XML 格式。"", ""- 参数条件不支持使用 `{{变量}}`。""], ""https://docs.apifox.com/mock-priority-rules.md"": [], ""https://docs.apifox.com/mock-scripts.md"": [], ""https://docs.apifox.com/runner-mock.md"": [], ""https://learning.postman.com/docs/design-apis/mock-apis/overview"": [], ""https://learning.postman.com/docs/design-apis/mock-apis/local-mock-servers"": [], ""https://learning.postman.com/docs/design-apis/mock-apis/set-up-mock-servers"": [], ""https://learning.postman.com/docs/design-apis/mock-apis/matching-algorithm"": [], ""https://learning.postman.com/docs/design-apis/mock-apis/create-dynamic-responses"": []}"
mock-009,mock,本地 Mock 服务,桌面 + 服务端,pending,https://docs.apifox.com/mock.md;https://docs.apifox.com/smart-mock.md;https://docs.apifox.com/custom-mock.md;https://docs.apifox.com/mock-priority-rules.md;https://docs.apifox.com/mock-scripts.md;https://docs.apifox.com/runner-mock.md,https://learning.postman.com/docs/design-apis/mock-apis/overview;https://learning.postman.com/docs/design-apis/mock-apis/local-mock-servers;https://learning.postman.com/docs/design-apis/mock-apis/set-up-mock-servers;https://learning.postman.com/docs/design-apis/mock-apis/matching-algorithm;https://learning.postman.com/docs/design-apis/mock-apis/create-dynamic-responses,,"{""https://docs.apifox.com/mock.md"": [""- 本地 Mock 只能在 Apifox 客户端使用，网页版不支持""], ""https://docs.apifox.com/smart-mock.md"": [], ""https://docs.apifox.com/custom-mock.md"": [""- body 参数仅支持 JSON 格式，不支持 XML 格式。"", ""- 参数条件不支持使用 `{{变量}}`。""], ""https://docs.apifox.com/mock-priority-rules.md"": [], ""https://docs.apifox.com/mock-scripts.md"": [], ""https://docs.apifox.com/runner-mock.md"": [], ""https://learning.postman.com/docs/design-apis/mock-apis/overview"": [], ""https://learning.postman.com/docs/design-apis/mock-apis/local-mock-servers"": [], ""https://learning.postman.com/docs/design-apis/mock-apis/set-up-mock-servers"": [], ""https://learning.postman.com/docs/design-apis/mock-apis/matching-algorithm"": [], ""https://learning.postman.com/docs/design-apis/mock-apis/create-dynamic-responses"": []}"
mock-010,mock,自托管 Mock 服务,桌面 + 服务端,pending,https://docs.apifox.com/mock.md;https://docs.apifox.com/smart-mock.md;https://docs.apifox.com/custom-mock.md;https://docs.apifox.com/mock-priority-rules.md;https://docs.apifox.com/mock-scripts.md;https://docs.apifox.com/runner-mock.md,https://learning.postman.com/docs/design-apis/mock-apis/overview;https://learning.postman.com/docs/design-apis/mock-apis/local-mock-servers;https://learning.postman.com/docs/design-apis/mock-apis/set-up-mock-servers;https://learning.postman.com/docs/design-apis/mock-apis/matching-algorithm;https://learning.postman.com/docs/design-apis/mock-apis/create-dynamic-responses,,"{""https://docs.apifox.com/mock.md"": [""- 本地 Mock 只能在 Apifox 客户端使用，网页版不支持""], ""https://docs.apifox.com/smart-mock.md"": [], ""https://docs.apifox.com/custom-mock.md"": [""- body 参数仅支持 JSON 格式，不支持 XML 格式。"", ""- 参数条件不支持使用 `{{变量}}`。""], ""https://docs.apifox.com/mock-priority-rules.md"": [], ""https://docs.apifox.com/mock-scripts.md"": [], ""https://docs.apifox.com/runner-mock.md"": [], ""https://learning.postman.com/docs/design-apis/mock-apis/overview"": [], ""https://learning.postman.com/docs/design-apis/mock-apis/local-mock-servers"": [], ""https://learning.postman.com/docs/design-apis/mock-apis/set-up-mock-servers"": [], ""https://learning.postman.com/docs/design-apis/mock-apis/matching-algorithm"": [], ""https://learning.postman.com/docs/design-apis/mock-apis/create-dynamic-responses"": []}"
mock-011,mock,私有/公开 Mock 权限,桌面 + 服务端,pending,https://docs.apifox.com/mock.md;https://docs.apifox.com/smart-mock.md;https://docs.apifox.com/custom-mock.md;https://docs.apifox.com/mock-priority-rules.md;https://docs.apifox.com/mock-scripts.md;https://docs.apifox.com/runner-mock.md,https://learning.postman.com/docs/design-apis/mock-apis/overview;https://learning.postman.com/docs/design-apis/mock-apis/local-mock-servers;https://learning.postman.com/docs/design-apis/mock-apis/set-up-mock-servers;https://learning.postman.com/docs/design-apis/mock-apis/matching-algorithm;https://learning.postman.com/docs/design-apis/mock-apis/create-dynamic-responses,,"{""https://docs.apifox.com/mock.md"": [""- 本地 Mock 只能在 Apifox 客户端使用，网页版不支持""], ""https://docs.apifox.com/smart-mock.md"": [], ""https://docs.apifox.com/custom-mock.md"": [""- body 参数仅支持 JSON 格式，不支持 XML 格式。"", ""- 参数条件不支持使用 `{{变量}}`。""], ""https://docs.apifox.com/mock-priority-rules.md"": [], ""https://docs.apifox.com/mock-scripts.md"": [], ""https://docs.apifox.com/runner-mock.md"": [], ""https://learning.postman.com/docs/design-apis/mock-apis/overview"": [], ""https://learning.postman.com/docs/design-apis/mock-apis/local-mock-servers"": [], ""https://learning.postman.com/docs/design-apis/mock-apis/set-up-mock-servers"": [], ""https://learning.postman.com/docs/design-apis/mock-apis/matching-algorithm"": [], ""https://learning.postman.com/docs/design-apis/mock-apis/create-dynamic-responses"": []}"
mock-012,mock,数据驱动 Mock,桌面 + 服务端,pending,https://docs.apifox.com/mock.md;https://docs.apifox.com/smart-mock.md;https://docs.apifox.com/custom-mock.md;https://docs.apifox.com/mock-priority-rules.md;https://docs.apifox.com/mock-scripts.md;https://docs.apifox.com/runner-mock.md,https://learning.postman.com/docs/design-apis/mock-apis/overview;https://learning.postman.com/docs/design-apis/mock-apis/local-mock-servers;https://learning.postman.com/docs/design-apis/mock-apis/set-up-mock-servers;https://learning.postman.com/docs/design-apis/mock-apis/matching-algorithm;https://learning.postman.com/docs/design-apis/mock-apis/create-dynamic-responses,,"{""https://docs.apifox.com/mock.md"": [""- 本地 Mock 只能在 Apifox 客户端使用，网页版不支持""], ""https://docs.apifox.com/smart-mock.md"": [], ""https://docs.apifox.com/custom-mock.md"": [""- body 参数仅支持 JSON 格式，不支持 XML 格式。"", ""- 参数条件不支持使用 `{{变量}}`。""], ""https://docs.apifox.com/mock-priority-rules.md"": [], ""https://docs.apifox.com/mock-scripts.md"": [], ""https://docs.apifox.com/runner-mock.md"": [], ""https://learning.postman.com/docs/design-apis/mock-apis/overview"": [], ""https://learning.postman.com/docs/design-apis/mock-apis/local-mock-servers"": [], ""https://learning.postman.com/docs/design-apis/mock-apis/set-up-mock-servers"": [], ""https://learning.postman.com/docs/design-apis/mock-apis/matching-algorithm"": [], ""https://learning.postman.com/docs/design-apis/mock-apis/create-dynamic-responses"": []}"
mock-013,mock,模拟场景/失败/延迟配置与日志,桌面 + 服务端,pending,,https://learning.postman.com/docs/design-apis/simulate-conditions,,"{""https://learning.postman.com/docs/design-apis/simulate-conditions"": [""> Postman Simulator is available on Postman Solo, Team, and Enterprise plans. For more information, see the [pricing page](https://www.postman.com/pricing/).""]}"
testing-001,testing,单接口测试用例,桌面 + 服务端,pending,https://docs.apifox.com/assertions.md;https://docs.apifox.com/validate-response.md;https://docs.apifox.com/new-test-scenario.md;https://docs.apifox.com/flow-control-conditions.md;https://docs.apifox.com/data-driven-testing.md;https://docs.apifox.com/test-reports.md;https://docs.apifox.com/7927162m0.md,https://learning.postman.com/docs/tests-and-scripts/test-apis/test-apis;https://learning.postman.com/docs/tests-and-scripts/running-collections/intro-to-collection-runs;https://learning.postman.com/docs/tests-and-scripts/running-collections/building-workflows;https://learning.postman.com/docs/tests-and-scripts/datasets/overview,,"{""https://docs.apifox.com/assertions.md"": [], ""https://docs.apifox.com/validate-response.md"": [], ""https://docs.apifox.com/new-test-scenario.md"": [], ""https://docs.apifox.com/flow-control-conditions.md"": [], ""https://docs.apifox.com/data-driven-testing.md"": [], ""https://docs.apifox.com/test-reports.md"": [""性能测试报告不支持导出。""], ""https://docs.apifox.com/7927162m0.md"": [], ""https://learning.postman.com/docs/tests-and-scripts/test-apis/test-apis"": [], ""https://learning.postman.com/docs/tests-and-scripts/running-collections/intro-to-collection-runs"": [""> GraphQL and gRPC collection runs are available on Postman paid plans. For more information, see the [pricing page](https://www.postman.com/pricing/).""], ""https://learning.postman.com/docs/tests-and-scripts/running-collections/building-workflows"": [], ""https://learning.postman.com/docs/tests-and-scripts/datasets/overview"": [""> Datasets are available on Postman Solo, Team, and Enterprise plans. For more information, see the [pricing page](https://www.postman.com/pricing/).""]}"
testing-002,testing,响应 schema 自动校验,桌面 + 服务端,pending,https://docs.apifox.com/assertions.md;https://docs.apifox.com/validate-response.md;https://docs.apifox.com/new-test-scenario.md;https://docs.apifox.com/flow-control-conditions.md;https://docs.apifox.com/data-driven-testing.md;https://docs.apifox.com/test-reports.md;https://docs.apifox.com/7927162m0.md,https://learning.postman.com/docs/tests-and-scripts/test-apis/test-apis;https://learning.postman.com/docs/tests-and-scripts/running-collections/intro-to-collection-runs;https://learning.postman.com/docs/tests-and-scripts/running-collections/building-workflows;https://learning.postman.com/docs/tests-and-scripts/datasets/overview,,"{""https://docs.apifox.com/assertions.md"": [], ""https://docs.apifox.com/validate-response.md"": [], ""https://docs.apifox.com/new-test-scenario.md"": [], ""https://docs.apifox.com/flow-control-conditions.md"": [], ""https://docs.apifox.com/data-driven-testing.md"": [], ""https://docs.apifox.com/test-reports.md"": [""性能测试报告不支持导出。""], ""https://docs.apifox.com/7927162m0.md"": [], ""https://learning.postman.com/docs/tests-and-scripts/test-apis/test-apis"": [], ""https://learning.postman.com/docs/tests-and-scripts/running-collections/intro-to-collection-runs"": [""> GraphQL and gRPC collection runs are available on Postman paid plans. For more information, see the [pricing page](https://www.postman.com/pricing/).""], ""https://learning.postman.com/docs/tests-and-scripts/running-collections/building-workflows"": [], ""https://learning.postman.com/docs/tests-and-scripts/datasets/overview"": [""> Datasets are available on Postman Solo, Team, and Enterprise plans. For more information, see the [pricing page](https://www.postman.com/pricing/).""]}"
testing-003,testing,可视化断言,桌面 + 服务端,pending,https://docs.apifox.com/assertions.md;https://docs.apifox.com/validate-response.md;https://docs.apifox.com/new-test-scenario.md;https://docs.apifox.com/flow-control-conditions.md;https://docs.apifox.com/data-driven-testing.md;https://docs.apifox.com/test-reports.md;https://docs.apifox.com/7927162m0.md,https://learning.postman.com/docs/tests-and-scripts/test-apis/test-apis;https://learning.postman.com/docs/tests-and-scripts/running-collections/intro-to-collection-runs;https://learning.postman.com/docs/tests-and-scripts/running-collections/building-workflows;https://learning.postman.com/docs/tests-and-scripts/datasets/overview,,"{""https://docs.apifox.com/assertions.md"": [], ""https://docs.apifox.com/validate-response.md"": [], ""https://docs.apifox.com/new-test-scenario.md"": [], ""https://docs.apifox.com/flow-control-conditions.md"": [], ""https://docs.apifox.com/data-driven-testing.md"": [], ""https://docs.apifox.com/test-reports.md"": [""性能测试报告不支持导出。""], ""https://docs.apifox.com/7927162m0.md"": [], ""https://learning.postman.com/docs/tests-and-scripts/test-apis/test-apis"": [], ""https://learning.postman.com/docs/tests-and-scripts/running-collections/intro-to-collection-runs"": [""> GraphQL and gRPC collection runs are available on Postman paid plans. For more information, see the [pricing page](https://www.postman.com/pricing/).""], ""https://learning.postman.com/docs/tests-and-scripts/running-collections/building-workflows"": [], ""https://learning.postman.com/docs/tests-and-scripts/datasets/overview"": [""> Datasets are available on Postman Solo, Team, and Enterprise plans. For more information, see the [pricing page](https://www.postman.com/pricing/).""]}"
testing-004,testing,JSONPath/XPath/文本/正则断言,桌面 + 服务端,pending,https://docs.apifox.com/assertions.md;https://docs.apifox.com/validate-response.md;https://docs.apifox.com/new-test-scenario.md;https://docs.apifox.com/flow-control-conditions.md;https://docs.apifox.com/data-driven-testing.md;https://docs.apifox.com/test-reports.md;https://docs.apifox.com/7927162m0.md,https://learning.postman.com/docs/tests-and-scripts/test-apis/test-apis;https://learning.postman.com/docs/tests-and-scripts/running-collections/intro-to-collection-runs;https://learning.postman.com/docs/tests-and-scripts/running-collections/building-workflows;https://learning.postman.com/docs/tests-and-scripts/datasets/overview,,"{""https://docs.apifox.com/assertions.md"": [], ""https://docs.apifox.com/validate-response.md"": [], ""https://docs.apifox.com/new-test-scenario.md"": [], ""https://docs.apifox.com/flow-control-conditions.md"": [], ""https://docs.apifox.com/data-driven-testing.md"": [], ""https://docs.apifox.com/test-reports.md"": [""性能测试报告不支持导出。""], ""https://docs.apifox.com/7927162m0.md"": [], ""https://learning.postman.com/docs/tests-and-scripts/test-apis/test-apis"": [], ""https://learning.postman.com/docs/tests-and-scripts/running-collections/intro-to-collection-runs"": [""> GraphQL and gRPC collection runs are available on Postman paid plans. For more information, see the [pricing page](https://www.postman.com/pricing/).""], ""https://learning.postman.com/docs/tests-and-scripts/running-collections/building-workflows"": [], ""https://learning.postman.com/docs/tests-and-scripts/datasets/overview"": [""> Datasets are available on Postman Solo, Team, and Enterprise plans. For more information, see the [pricing page](https://www.postman.com/pricing/).""]}"
testing-005,testing,状态/Header/耗时断言,桌面 + 服务端,pending,https://docs.apifox.com/assertions.md;https://docs.apifox.com/validate-response.md;https://docs.apifox.com/new-test-scenario.md;https://docs.apifox.com/flow-control-conditions.md;https://docs.apifox.com/data-driven-testing.md;https://docs.apifox.com/test-reports.md;https://docs.apifox.com/7927162m0.md,https://learning.postman.com/docs/tests-and-scripts/test-apis/test-apis;https://learning.postman.com/docs/tests-and-scripts/running-collections/intro-to-collection-runs;https://learning.postman.com/docs/tests-and-scripts/running-collections/building-workflows;https://learning.postman.com/docs/tests-and-scripts/datasets/overview,,"{""https://docs.apifox.com/assertions.md"": [], ""https://docs.apifox.com/validate-response.md"": [], ""https://docs.apifox.com/new-test-scenario.md"": [], ""https://docs.apifox.com/flow-control-conditions.md"": [], ""https://docs.apifox.com/data-driven-testing.md"": [], ""https://docs.apifox.com/test-reports.md"": [""性能测试报告不支持导出。""], ""https://docs.apifox.com/7927162m0.md"": [], ""https://learning.postman.com/docs/tests-and-scripts/test-apis/test-apis"": [], ""https://learning.postman.com/docs/tests-and-scripts/running-collections/intro-to-collection-runs"": [""> GraphQL and gRPC collection runs are available on Postman paid plans. For more information, see the [pricing page](https://www.postman.com/pricing/).""], ""https://learning.postman.com/docs/tests-and-scripts/running-collections/building-workflows"": [], ""https://learning.postman.com/docs/tests-and-scripts/datasets/overview"": [""> Datasets are available on Postman Solo, Team, and Enterprise plans. For more information, see the [pricing page](https://www.postman.com/pricing/).""]}"
testing-006,testing,场景/集合运行,桌面 + 服务端,pending,https://docs.apifox.com/assertions.md;https://docs.apifox.com/validate-response.md;https://docs.apifox.com/new-test-scenario.md;https://docs.apifox.com/flow-control-conditions.md;https://docs.apifox.com/data-driven-testing.md;https://docs.apifox.com/test-reports.md;https://docs.apifox.com/7927162m0.md,https://learning.postman.com/docs/tests-and-scripts/test-apis/test-apis;https://learning.postman.com/docs/tests-and-scripts/running-collections/intro-to-collection-runs;https://learning.postman.com/docs/tests-and-scripts/running-collections/building-workflows;https://learning.postman.com/docs/tests-and-scripts/datasets/overview,,"{""https://docs.apifox.com/assertions.md"": [], ""https://docs.apifox.com/validate-response.md"": [], ""https://docs.apifox.com/new-test-scenario.md"": [], ""https://docs.apifox.com/flow-control-conditions.md"": [], ""https://docs.apifox.com/data-driven-testing.md"": [], ""https://docs.apifox.com/test-reports.md"": [""性能测试报告不支持导出。""], ""https://docs.apifox.com/7927162m0.md"": [], ""https://learning.postman.com/docs/tests-and-scripts/test-apis/test-apis"": [], ""https://learning.postman.com/docs/tests-and-scripts/running-collections/intro-to-collection-runs"": [""> GraphQL and gRPC collection runs are available on Postman paid plans. For more information, see the [pricing page](https://www.postman.com/pricing/).""], ""https://learning.postman.com/docs/tests-and-scripts/running-collections/building-workflows"": [], ""https://learning.postman.com/docs/tests-and-scripts/datasets/overview"": [""> Datasets are available on Postman Solo, Team, and Enterprise plans. For more information, see the [pricing page](https://www.postman.com/pricing/).""]}"
testing-007,testing,步骤排序与分组,桌面 + 服务端,pending,https://docs.apifox.com/assertions.md;https://docs.apifox.com/validate-response.md;https://docs.apifox.com/new-test-scenario.md;https://docs.apifox.com/flow-control-conditions.md;https://docs.apifox.com/data-driven-testing.md;https://docs.apifox.com/test-reports.md;https://docs.apifox.com/7927162m0.md,https://learning.postman.com/docs/tests-and-scripts/test-apis/test-apis;https://learning.postman.com/docs/tests-and-scripts/running-collections/intro-to-collection-runs;https://learning.postman.com/docs/tests-and-scripts/running-collections/building-workflows;https://learning.postman.com/docs/tests-and-scripts/datasets/overview,,"{""https://docs.apifox.com/assertions.md"": [], ""https://docs.apifox.com/validate-response.md"": [], ""https://docs.apifox.com/new-test-scenario.md"": [], ""https://docs.apifox.com/flow-control-conditions.md"": [], ""https://docs.apifox.com/data-driven-testing.md"": [], ""https://docs.apifox.com/test-reports.md"": [""性能测试报告不支持导出。""], ""https://docs.apifox.com/7927162m0.md"": [], ""https://learning.postman.com/docs/tests-and-scripts/test-apis/test-apis"": [], ""https://learning.postman.com/docs/tests-and-scripts/running-collections/intro-to-collection-runs"": [""> GraphQL and gRPC collection runs are available on Postman paid plans. For more information, see the [pricing page](https://www.postman.com/pricing/).""], ""https://learning.postman.com/docs/tests-and-scripts/running-collections/building-workflows"": [], ""https://learning.postman.com/docs/tests-and-scripts/datasets/overview"": [""> Datasets are available on Postman Solo, Team, and Enterprise plans. For more information, see the [pricing page](https://www.postman.com/pricing/).""]}"
testing-008,testing,步骤间数据传递,桌面 + 服务端,pending,https://docs.apifox.com/assertions.md;https://docs.apifox.com/validate-response.md;https://docs.apifox.com/new-test-scenario.md;https://docs.apifox.com/flow-control-conditions.md;https://docs.apifox.com/data-driven-testing.md;https://docs.apifox.com/test-reports.md;https://docs.apifox.com/7927162m0.md,https://learning.postman.com/docs/tests-and-scripts/test-apis/test-apis;https://learning.postman.com/docs/tests-and-scripts/running-collections/intro-to-collection-runs;https://learning.postman.com/docs/tests-and-scripts/running-collections/building-workflows;https://learning.postman.com/docs/tests-and-scripts/datasets/overview,,"{""https://docs.apifox.com/assertions.md"": [], ""https://docs.apifox.com/validate-response.md"": [], ""https://docs.apifox.com/new-test-scenario.md"": [], ""https://docs.apifox.com/flow-control-conditions.md"": [], ""https://docs.apifox.com/data-driven-testing.md"": [], ""https://docs.apifox.com/test-reports.md"": [""性能测试报告不支持导出。""], ""https://docs.apifox.com/7927162m0.md"": [], ""https://learning.postman.com/docs/tests-and-scripts/test-apis/test-apis"": [], ""https://learning.postman.com/docs/tests-and-scripts/running-collections/intro-to-collection-runs"": [""> GraphQL and gRPC collection runs are available on Postman paid plans. For more information, see the [pricing page](https://www.postman.com/pricing/).""], ""https://learning.postman.com/docs/tests-and-scripts/running-collections/building-workflows"": [], ""https://learning.postman.com/docs/tests-and-scripts/datasets/overview"": [""> Datasets are available on Postman Solo, Team, and Enterprise plans. For more information, see the [pricing page](https://www.postman.com/pricing/).""]}"
testing-009,testing,条件分支,桌面 + 服务端,pending,https://docs.apifox.com/assertions.md;https://docs.apifox.com/validate-response.md;https://docs.apifox.com/new-test-scenario.md;https://docs.apifox.com/flow-control-conditions.md;https://docs.apifox.com/data-driven-testing.md;https://docs.apifox.com/test-reports.md;https://docs.apifox.com/7927162m0.md,https://learning.postman.com/docs/tests-and-scripts/test-apis/test-apis;https://learning.postman.com/docs/tests-and-scripts/running-collections/intro-to-collection-runs;https://learning.postman.com/docs/tests-and-scripts/running-collections/building-workflows;https://learning.postman.com/docs/tests-and-scripts/datasets/overview,,"{""https://docs.apifox.com/assertions.md"": [], ""https://docs.apifox.com/validate-response.md"": [], ""https://docs.apifox.com/new-test-scenario.md"": [], ""https://docs.apifox.com/flow-control-conditions.md"": [], ""https://docs.apifox.com/data-driven-testing.md"": [], ""https://docs.apifox.com/test-reports.md"": [""性能测试报告不支持导出。""], ""https://docs.apifox.com/7927162m0.md"": [], ""https://learning.postman.com/docs/tests-and-scripts/test-apis/test-apis"": [], ""https://learning.postman.com/docs/tests-and-scripts/running-collections/intro-to-collection-runs"": [""> GraphQL and gRPC collection runs are available on Postman paid plans. For more information, see the [pricing page](https://www.postman.com/pricing/).""], ""https://learning.postman.com/docs/tests-and-scripts/running-collections/building-workflows"": [], ""https://learning.postman.com/docs/tests-and-scripts/datasets/overview"": [""> Datasets are available on Postman Solo, Team, and Enterprise plans. For more information, see the [pricing page](https://www.postman.com/pricing/).""]}"
testing-010,testing,For/ForEach 循环,桌面 + 服务端,pending,https://docs.apifox.com/assertions.md;https://docs.apifox.com/validate-response.md;https://docs.apifox.com/new-test-scenario.md;https://docs.apifox.com/flow-control-conditions.md;https://docs.apifox.com/data-driven-testing.md;https://docs.apifox.com/test-reports.md;https://docs.apifox.com/7927162m0.md,https://learning.postman.com/docs/tests-and-scripts/test-apis/test-apis;https://learning.postman.com/docs/tests-and-scripts/running-collections/intro-to-collection-runs;https://learning.postman.com/docs/tests-and-scripts/running-collections/building-workflows;https://learning.postman.com/docs/tests-and-scripts/datasets/overview,,"{""https://docs.apifox.com/assertions.md"": [], ""https://docs.apifox.com/validate-response.md"": [], ""https://docs.apifox.com/new-test-scenario.md"": [], ""https://docs.apifox.com/flow-control-conditions.md"": [], ""https://docs.apifox.com/data-driven-testing.md"": [], ""https://docs.apifox.com/test-reports.md"": [""性能测试报告不支持导出。""], ""https://docs.apifox.com/7927162m0.md"": [], ""https://learning.postman.com/docs/tests-and-scripts/test-apis/test-apis"": [], ""https://learning.postman.com/docs/tests-and-scripts/running-collections/intro-to-collection-runs"": [""> GraphQL and gRPC collection runs are available on Postman paid plans. For more information, see the [pricing page](https://www.postman.com/pricing/).""], ""https://learning.postman.com/docs/tests-and-scripts/running-collections/building-workflows"": [], ""https://learning.postman.com/docs/tests-and-scripts/datasets/overview"": [""> Datasets are available on Postman Solo, Team, and Enterprise plans. For more information, see the [pricing page](https://www.postman.com/pricing/).""]}"
testing-011,testing,等待与重试,桌面 + 服务端,pending,https://docs.apifox.com/assertions.md;https://docs.apifox.com/validate-response.md;https://docs.apifox.com/new-test-scenario.md;https://docs.apifox.com/flow-control-conditions.md;https://docs.apifox.com/data-driven-testing.md;https://docs.apifox.com/test-reports.md;https://docs.apifox.com/7927162m0.md,https://learning.postman.com/docs/tests-and-scripts/test-apis/test-apis;https://learning.postman.com/docs/tests-and-scripts/running-collections/intro-to-collection-runs;https://learning.postman.com/docs/tests-and-scripts/running-collections/building-workflows;https://learning.postman.com/docs/tests-and-scripts/datasets/overview,,"{""https://docs.apifox.com/assertions.md"": [], ""https://docs.apifox.com/validate-response.md"": [], ""https://docs.apifox.com/new-test-scenario.md"": [], ""https://docs.apifox.com/flow-control-conditions.md"": [], ""https://docs.apifox.com/data-driven-testing.md"": [], ""https://docs.apifox.com/test-reports.md"": [""性能测试报告不支持导出。""], ""https://docs.apifox.com/7927162m0.md"": [], ""https://learning.postman.com/docs/tests-and-scripts/test-apis/test-apis"": [], ""https://learning.postman.com/docs/tests-and-scripts/running-collections/intro-to-collection-runs"": [""> GraphQL and gRPC collection runs are available on Postman paid plans. For more information, see the [pricing page](https://www.postman.com/pricing/).""], ""https://learning.postman.com/docs/tests-and-scripts/running-collections/building-workflows"": [], ""https://learning.postman.com/docs/tests-and-scripts/datasets/overview"": [""> Datasets are available on Postman Solo, Team, and Enterprise plans. For more information, see the [pricing page](https://www.postman.com/pricing/).""]}"
testing-012,testing,跨场景/跨项目复用,桌面 + 服务端,pending,https://docs.apifox.com/assertions.md;https://docs.apifox.com/validate-response.md;https://docs.apifox.com/new-test-scenario.md;https://docs.apifox.com/flow-control-conditions.md;https://docs.apifox.com/data-driven-testing.md;https://docs.apifox.com/test-reports.md;https://docs.apifox.com/7927162m0.md,https://learning.postman.com/docs/tests-and-scripts/test-apis/test-apis;https://learning.postman.com/docs/tests-and-scripts/running-collections/intro-to-collection-runs;https://learning.postman.com/docs/tests-and-scripts/running-collections/building-workflows;https://learning.postman.com/docs/tests-and-scripts/datasets/overview,,"{""https://docs.apifox.com/assertions.md"": [], ""https://docs.apifox.com/validate-response.md"": [], ""https://docs.apifox.com/new-test-scenario.md"": [], ""https://docs.apifox.com/flow-control-conditions.md"": [], ""https://docs.apifox.com/data-driven-testing.md"": [], ""https://docs.apifox.com/test-reports.md"": [""性能测试报告不支持导出。""], ""https://docs.apifox.com/7927162m0.md"": [], ""https://learning.postman.com/docs/tests-and-scripts/test-apis/test-apis"": [], ""https://learning.postman.com/docs/tests-and-scripts/running-collections/intro-to-collection-runs"": [""> GraphQL and gRPC collection runs are available on Postman paid plans. For more information, see the [pricing page](https://www.postman.com/pricing/).""], ""https://learning.postman.com/docs/tests-and-scripts/running-collections/building-workflows"": [], ""https://learning.postman.com/docs/tests-and-scripts/datasets/overview"": [""> Datasets are available on Postman Solo, Team, and Enterprise plans. For more information, see the [pricing page](https://www.postman.com/pricing/).""]}"
testing-013,testing,从接口定义同步测试步骤,桌面 + 服务端,pending,https://docs.apifox.com/assertions.md;https://docs.apifox.com/validate-response.md;https://docs.apifox.com/new-test-scenario.md;https://docs.apifox.com/flow-control-conditions.md;https://docs.apifox.com/data-driven-testing.md;https://docs.apifox.com/test-reports.md;https://docs.apifox.com/7927162m0.md,https://learning.postman.com/docs/tests-and-scripts/test-apis/test-apis;https://learning.postman.com/docs/tests-and-scripts/running-collections/intro-to-collection-runs;https://learning.postman.com/docs/tests-and-scripts/running-collections/building-workflows;https://learning.postman.com/docs/tests-and-scripts/datasets/overview,,"{""https://docs.apifox.com/assertions.md"": [], ""https://docs.apifox.com/validate-response.md"": [], ""https://docs.apifox.com/new-test-scenario.md"": [], ""https://docs.apifox.com/flow-control-conditions.md"": [], ""https://docs.apifox.com/data-driven-testing.md"": [], ""https://docs.apifox.com/test-reports.md"": [""性能测试报告不支持导出。""], ""https://docs.apifox.com/7927162m0.md"": [], ""https://learning.postman.com/docs/tests-and-scripts/test-apis/test-apis"": [], ""https://learning.postman.com/docs/tests-and-scripts/running-collections/intro-to-collection-runs"": [""> GraphQL and gRPC collection runs are available on Postman paid plans. For more information, see the [pricing page](https://www.postman.com/pricing/).""], ""https://learning.postman.com/docs/tests-and-scripts/running-collections/building-workflows"": [], ""https://learning.postman.com/docs/tests-and-scripts/datasets/overview"": [""> Datasets are available on Postman Solo, Team, and Enterprise plans. For more information, see the [pricing page](https://www.postman.com/pricing/).""]}"
testing-014,testing,CSV/JSON 数据驱动,桌面 + 服务端,pending,https://docs.apifox.com/assertions.md;https://docs.apifox.com/validate-response.md;https://docs.apifox.com/new-test-scenario.md;https://docs.apifox.com/flow-control-conditions.md;https://docs.apifox.com/data-driven-testing.md;https://docs.apifox.com/test-reports.md;https://docs.apifox.com/7927162m0.md,https://learning.postman.com/docs/tests-and-scripts/test-apis/test-apis;https://learning.postman.com/docs/tests-and-scripts/running-collections/intro-to-collection-runs;https://learning.postman.com/docs/tests-and-scripts/running-collections/building-workflows;https://learning.postman.com/docs/tests-and-scripts/datasets/overview,,"{""https://docs.apifox.com/assertions.md"": [], ""https://docs.apifox.com/validate-response.md"": [], ""https://docs.apifox.com/new-test-scenario.md"": [], ""https://docs.apifox.com/flow-control-conditions.md"": [], ""https://docs.apifox.com/data-driven-testing.md"": [], ""https://docs.apifox.com/test-reports.md"": [""性能测试报告不支持导出。""], ""https://docs.apifox.com/7927162m0.md"": [], ""https://learning.postman.com/docs/tests-and-scripts/test-apis/test-apis"": [], ""https://learning.postman.com/docs/tests-and-scripts/running-collections/intro-to-collection-runs"": [""> GraphQL and gRPC collection runs are available on Postman paid plans. For more information, see the [pricing page](https://www.postman.com/pricing/).""], ""https://learning.postman.com/docs/tests-and-scripts/running-collections/building-workflows"": [], ""https://learning.postman.com/docs/tests-and-scripts/datasets/overview"": [""> Datasets are available on Postman Solo, Team, and Enterprise plans. For more information, see the [pricing page](https://www.postman.com/pricing/).""]}"
testing-015,testing,共享测试数据/数据集,桌面 + 服务端,pending,https://docs.apifox.com/assertions.md;https://docs.apifox.com/validate-response.md;https://docs.apifox.com/new-test-scenario.md;https://docs.apifox.com/flow-control-conditions.md;https://docs.apifox.com/data-driven-testing.md;https://docs.apifox.com/test-reports.md;https://docs.apifox.com/7927162m0.md,https://learning.postman.com/docs/tests-and-scripts/test-apis/test-apis;https://learning.postman.com/docs/tests-and-scripts/running-collections/intro-to-collection-runs;https://learning.postman.com/docs/tests-and-scripts/running-collections/building-workflows;https://learning.postman.com/docs/tests-and-scripts/datasets/overview,,"{""https://docs.apifox.com/assertions.md"": [], ""https://docs.apifox.com/validate-response.md"": [], ""https://docs.apifox.com/new-test-scenario.md"": [], ""https://docs.apifox.com/flow-control-conditions.md"": [], ""https://docs.apifox.com/data-driven-testing.md"": [], ""https://docs.apifox.com/test-reports.md"": [""性能测试报告不支持导出。""], ""https://docs.apifox.com/7927162m0.md"": [], ""https://learning.postman.com/docs/tests-and-scripts/test-apis/test-apis"": [], ""https://learning.postman.com/docs/tests-and-scripts/running-collections/intro-to-collection-runs"": [""> GraphQL and gRPC collection runs are available on Postman paid plans. For more information, see the [pricing page](https://www.postman.com/pricing/).""], ""https://learning.postman.com/docs/tests-and-scripts/running-collections/building-workflows"": [], ""https://learning.postman.com/docs/tests-and-scripts/datasets/overview"": [""> Datasets are available on Postman Solo, Team, and Enterprise plans. For more information, see the [pricing page](https://www.postman.com/pricing/).""]}"
testing-016,testing,数据库实时数据源,桌面 + 服务端,pending,https://docs.apifox.com/assertions.md;https://docs.apifox.com/validate-response.md;https://docs.apifox.com/new-test-scenario.md;https://docs.apifox.com/flow-control-conditions.md;https://docs.apifox.com/data-driven-testing.md;https://docs.apifox.com/test-reports.md;https://docs.apifox.com/7927162m0.md,https://learning.postman.com/docs/tests-and-scripts/test-apis/test-apis;https://learning.postman.com/docs/tests-and-scripts/running-collections/intro-to-collection-runs;https://learning.postman.com/docs/tests-and-scripts/running-collections/building-workflows;https://learning.postman.com/docs/tests-and-scripts/datasets/overview,,"{""https://docs.apifox.com/assertions.md"": [], ""https://docs.apifox.com/validate-response.md"": [], ""https://docs.apifox.com/new-test-scenario.md"": [], ""https://docs.apifox.com/flow-control-conditions.md"": [], ""https://docs.apifox.com/data-driven-testing.md"": [], ""https://docs.apifox.com/test-reports.md"": [""性能测试报告不支持导出。""], ""https://docs.apifox.com/7927162m0.md"": [], ""https://learning.postman.com/docs/tests-and-scripts/test-apis/test-apis"": [], ""https://learning.postman.com/docs/tests-and-scripts/running-collections/intro-to-collection-runs"": [""> GraphQL and gRPC collection runs are available on Postman paid plans. For more information, see the [pricing page](https://www.postman.com/pricing/).""], ""https://learning.postman.com/docs/tests-and-scripts/running-collections/building-workflows"": [], ""https://learning.postman.com/docs/tests-and-scripts/datasets/overview"": [""> Datasets are available on Postman Solo, Team, and Enterprise plans. For more information, see the [pricing page](https://www.postman.com/pricing/).""]}"
testing-017,testing,测试套件,桌面 + 服务端,pending,https://docs.apifox.com/assertions.md;https://docs.apifox.com/validate-response.md;https://docs.apifox.com/new-test-scenario.md;https://docs.apifox.com/flow-control-conditions.md;https://docs.apifox.com/data-driven-testing.md;https://docs.apifox.com/test-reports.md;https://docs.apifox.com/7927162m0.md,https://learning.postman.com/docs/tests-and-scripts/test-apis/test-apis;https://learning.postman.com/docs/tests-and-scripts/running-collections/intro-to-collection-runs;https://learning.postman.com/docs/tests-and-scripts/running-collections/building-workflows;https://learning.postman.com/docs/tests-and-scripts/datasets/overview,,"{""https://docs.apifox.com/assertions.md"": [], ""https://docs.apifox.com/validate-response.md"": [], ""https://docs.apifox.com/new-test-scenario.md"": [], ""https://docs.apifox.com/flow-control-conditions.md"": [], ""https://docs.apifox.com/data-driven-testing.md"": [], ""https://docs.apifox.com/test-reports.md"": [""性能测试报告不支持导出。""], ""https://docs.apifox.com/7927162m0.md"": [], ""https://learning.postman.com/docs/tests-and-scripts/test-apis/test-apis"": [], ""https://learning.postman.com/docs/tests-and-scripts/running-collections/intro-to-collection-runs"": [""> GraphQL and gRPC collection runs are available on Postman paid plans. For more information, see the [pricing page](https://www.postman.com/pricing/).""], ""https://learning.postman.com/docs/tests-and-scripts/running-collections/building-workflows"": [], ""https://learning.postman.com/docs/tests-and-scripts/datasets/overview"": [""> Datasets are available on Postman Solo, Team, and Enterprise plans. For more information, see the [pricing page](https://www.postman.com/pricing/).""]}"
testing-018,testing,批量运行,桌面 + 服务端,pending,https://docs.apifox.com/assertions.md;https://docs.apifox.com/validate-response.md;https://docs.apifox.com/new-test-scenario.md;https://docs.apifox.com/flow-control-conditions.md;https://docs.apifox.com/data-driven-testing.md;https://docs.apifox.com/test-reports.md;https://docs.apifox.com/7927162m0.md,https://learning.postman.com/docs/tests-and-scripts/test-apis/test-apis;https://learning.postman.com/docs/tests-and-scripts/running-collections/intro-to-collection-runs;https://learning.postman.com/docs/tests-and-scripts/running-collections/building-workflows;https://learning.postman.com/docs/tests-and-scripts/datasets/overview,,"{""https://docs.apifox.com/assertions.md"": [], ""https://docs.apifox.com/validate-response.md"": [], ""https://docs.apifox.com/new-test-scenario.md"": [], ""https://docs.apifox.com/flow-control-conditions.md"": [], ""https://docs.apifox.com/data-driven-testing.md"": [], ""https://docs.apifox.com/test-reports.md"": [""性能测试报告不支持导出。""], ""https://docs.apifox.com/7927162m0.md"": [], ""https://learning.postman.com/docs/tests-and-scripts/test-apis/test-apis"": [], ""https://learning.postman.com/docs/tests-and-scripts/running-collections/intro-to-collection-runs"": [""> GraphQL and gRPC collection runs are available on Postman paid plans. For more information, see the [pricing page](https://www.postman.com/pricing/).""], ""https://learning.postman.com/docs/tests-and-scripts/running-collections/building-workflows"": [], ""https://learning.postman.com/docs/tests-and-scripts/datasets/overview"": [""> Datasets are available on Postman Solo, Team, and Enterprise plans. For more information, see the [pricing page](https://www.postman.com/pricing/).""]}"
testing-019,testing,本地/Runner 执行,桌面 + 服务端,pending,https://docs.apifox.com/assertions.md;https://docs.apifox.com/validate-response.md;https://docs.apifox.com/new-test-scenario.md;https://docs.apifox.com/flow-control-conditions.md;https://docs.apifox.com/data-driven-testing.md;https://docs.apifox.com/test-reports.md;https://docs.apifox.com/7927162m0.md,https://learning.postman.com/docs/tests-and-scripts/test-apis/test-apis;https://learning.postman.com/docs/tests-and-scripts/running-collections/intro-to-collection-runs;https://learning.postman.com/docs/tests-and-scripts/running-collections/building-workflows;https://learning.postman.com/docs/tests-and-scripts/datasets/overview,,"{""https://docs.apifox.com/assertions.md"": [], ""https://docs.apifox.com/validate-response.md"": [], ""https://docs.apifox.com/new-test-scenario.md"": [], ""https://docs.apifox.com/flow-control-conditions.md"": [], ""https://docs.apifox.com/data-driven-testing.md"": [], ""https://docs.apifox.com/test-reports.md"": [""性能测试报告不支持导出。""], ""https://docs.apifox.com/7927162m0.md"": [], ""https://learning.postman.com/docs/tests-and-scripts/test-apis/test-apis"": [], ""https://learning.postman.com/docs/tests-and-scripts/running-collections/intro-to-collection-runs"": [""> GraphQL and gRPC collection runs are available on Postman paid plans. For more information, see the [pricing page](https://www.postman.com/pricing/).""], ""https://learning.postman.com/docs/tests-and-scripts/running-collections/building-workflows"": [], ""https://learning.postman.com/docs/tests-and-scripts/datasets/overview"": [""> Datasets are available on Postman Solo, Team, and Enterprise plans. For more information, see the [pricing page](https://www.postman.com/pricing/).""]}"
testing-020,testing,运行报告/失败定位/历史,桌面 + 服务端,pending,https://docs.apifox.com/assertions.md;https://docs.apifox.com/validate-response.md;https://docs.apifox.com/new-test-scenario.md;https://docs.apifox.com/flow-control-conditions.md;https://docs.apifox.com/data-driven-testing.md;https://docs.apifox.com/test-reports.md;https://docs.apifox.com/7927162m0.md,https://learning.postman.com/docs/tests-and-scripts/test-apis/test-apis;https://learning.postman.com/docs/tests-and-scripts/running-collections/intro-to-collection-runs;https://learning.postman.com/docs/tests-and-scripts/running-collections/building-workflows;https://learning.postman.com/docs/tests-and-scripts/datasets/overview,,"{""https://docs.apifox.com/assertions.md"": [], ""https://docs.apifox.com/validate-response.md"": [], ""https://docs.apifox.com/new-test-scenario.md"": [], ""https://docs.apifox.com/flow-control-conditions.md"": [], ""https://docs.apifox.com/data-driven-testing.md"": [], ""https://docs.apifox.com/test-reports.md"": [""性能测试报告不支持导出。""], ""https://docs.apifox.com/7927162m0.md"": [], ""https://learning.postman.com/docs/tests-and-scripts/test-apis/test-apis"": [], ""https://learning.postman.com/docs/tests-and-scripts/running-collections/intro-to-collection-runs"": [""> GraphQL and gRPC collection runs are available on Postman paid plans. For more information, see the [pricing page](https://www.postman.com/pricing/).""], ""https://learning.postman.com/docs/tests-and-scripts/running-collections/building-workflows"": [], ""https://learning.postman.com/docs/tests-and-scripts/datasets/overview"": [""> Datasets are available on Postman Solo, Team, and Enterprise plans. For more information, see the [pricing page](https://www.postman.com/pricing/).""]}"
testing-021,testing,报告导出,桌面 + 服务端,pending,https://docs.apifox.com/assertions.md;https://docs.apifox.com/validate-response.md;https://docs.apifox.com/new-test-scenario.md;https://docs.apifox.com/flow-control-conditions.md;https://docs.apifox.com/data-driven-testing.md;https://docs.apifox.com/test-reports.md;https://docs.apifox.com/7927162m0.md,https://learning.postman.com/docs/tests-and-scripts/test-apis/test-apis;https://learning.postman.com/docs/tests-and-scripts/running-collections/intro-to-collection-runs;https://learning.postman.com/docs/tests-and-scripts/running-collections/building-workflows;https://learning.postman.com/docs/tests-and-scripts/datasets/overview,,"{""https://docs.apifox.com/assertions.md"": [], ""https://docs.apifox.com/validate-response.md"": [], ""https://docs.apifox.com/new-test-scenario.md"": [], ""https://docs.apifox.com/flow-control-conditions.md"": [], ""https://docs.apifox.com/data-driven-testing.md"": [], ""https://docs.apifox.com/test-reports.md"": [""性能测试报告不支持导出。""], ""https://docs.apifox.com/7927162m0.md"": [], ""https://learning.postman.com/docs/tests-and-scripts/test-apis/test-apis"": [], ""https://learning.postman.com/docs/tests-and-scripts/running-collections/intro-to-collection-runs"": [""> GraphQL and gRPC collection runs are available on Postman paid plans. For more information, see the [pricing page](https://www.postman.com/pricing/).""], ""https://learning.postman.com/docs/tests-and-scripts/running-collections/building-workflows"": [], ""https://learning.postman.com/docs/tests-and-scripts/datasets/overview"": [""> Datasets are available on Postman Solo, Team, and Enterprise plans. For more information, see the [pricing page](https://www.postman.com/pricing/).""]}"
flows-001,flows,节点创建/连接/复制,桌面 + 服务端,pending,,https://learning.postman.com/flows/overview;https://learning.postman.com/flows/build-flows/overview;https://learning.postman.com/flows/reference/blocks/overview;https://learning.postman.com/flows/reference/flows-query-language/introduction-to-fql,Apifox 的场景树已归入 testing 模块；此处列 Postman Flows 的独立能力，不声称 Apifox 有所有对应节点。,"{""https://learning.postman.com/flows/overview"": [], ""https://learning.postman.com/flows/build-flows/overview"": [], ""https://learning.postman.com/flows/reference/blocks/overview"": [], ""https://learning.postman.com/flows/reference/flows-query-language/introduction-to-fql"": []}"
flows-002,flows,子流程模块复用,桌面 + 服务端,pending,,https://learning.postman.com/flows/overview;https://learning.postman.com/flows/build-flows/overview;https://learning.postman.com/flows/reference/blocks/overview;https://learning.postman.com/flows/reference/flows-query-language/introduction-to-fql,Apifox 的场景树已归入 testing 模块；此处列 Postman Flows 的独立能力，不声称 Apifox 有所有对应节点。,"{""https://learning.postman.com/flows/overview"": [], ""https://learning.postman.com/flows/build-flows/overview"": [], ""https://learning.postman.com/flows/reference/blocks/overview"": [], ""https://learning.postman.com/flows/reference/flows-query-language/introduction-to-fql"": []}"
flows-003,flows,条件/循环/等待节点,桌面 + 服务端,pending,,https://learning.postman.com/flows/overview;https://learning.postman.com/flows/build-flows/overview;https://learning.postman.com/flows/reference/blocks/overview;https://learning.postman.com/flows/reference/flows-query-language/introduction-to-fql,Apifox 的场景树已归入 testing 模块；此处列 Postman Flows 的独立能力，不声称 Apifox 有所有对应节点。,"{""https://learning.postman.com/flows/overview"": [], ""https://learning.postman.com/flows/build-flows/overview"": [], ""https://learning.postman.com/flows/reference/blocks/overview"": [], ""https://learning.postman.com/flows/reference/flows-query-language/introduction-to-fql"": []}"
flows-004,flows,请求/响应/触发器节点,桌面 + 服务端,pending,,https://learning.postman.com/flows/overview;https://learning.postman.com/flows/build-flows/overview;https://learning.postman.com/flows/reference/blocks/overview;https://learning.postman.com/flows/reference/flows-query-language/introduction-to-fql,Apifox 的场景树已归入 testing 模块；此处列 Postman Flows 的独立能力，不声称 Apifox 有所有对应节点。,"{""https://learning.postman.com/flows/overview"": [], ""https://learning.postman.com/flows/build-flows/overview"": [], ""https://learning.postman.com/flows/reference/blocks/overview"": [], ""https://learning.postman.com/flows/reference/flows-query-language/introduction-to-fql"": []}"
flows-005,flows,过滤/转换/SQL/FQL/TypeScript,桌面 + 服务端,pending,,https://learning.postman.com/flows/overview;https://learning.postman.com/flows/build-flows/overview;https://learning.postman.com/flows/reference/blocks/overview;https://learning.postman.com/flows/reference/flows-query-language/introduction-to-fql,Apifox 的场景树已归入 testing 模块；此处列 Postman Flows 的独立能力，不声称 Apifox 有所有对应节点。,"{""https://learning.postman.com/flows/overview"": [], ""https://learning.postman.com/flows/build-flows/overview"": [], ""https://learning.postman.com/flows/reference/blocks/overview"": [], ""https://learning.postman.com/flows/reference/flows-query-language/introduction-to-fql"": []}"
flows-006,flows,图表/表格可视化输出,桌面 + 服务端,pending,,https://learning.postman.com/flows/overview;https://learning.postman.com/flows/build-flows/overview;https://learning.postman.com/flows/reference/blocks/overview;https://learning.postman.com/flows/reference/flows-query-language/introduction-to-fql,Apifox 的场景树已归入 testing 模块；此处列 Postman Flows 的独立能力，不声称 Apifox 有所有对应节点。,"{""https://learning.postman.com/flows/overview"": [], ""https://learning.postman.com/flows/build-flows/overview"": [], ""https://learning.postman.com/flows/reference/blocks/overview"": [], ""https://learning.postman.com/flows/reference/flows-query-language/introduction-to-fql"": []}"
flows-007,flows,流程调试/快照/场景,桌面 + 服务端,pending,,https://learning.postman.com/flows/overview;https://learning.postman.com/flows/build-flows/overview;https://learning.postman.com/flows/reference/blocks/overview;https://learning.postman.com/flows/reference/flows-query-language/introduction-to-fql,Apifox 的场景树已归入 testing 模块；此处列 Postman Flows 的独立能力，不声称 Apifox 有所有对应节点。,"{""https://learning.postman.com/flows/overview"": [], ""https://learning.postman.com/flows/build-flows/overview"": [], ""https://learning.postman.com/flows/reference/blocks/overview"": [], ""https://learning.postman.com/flows/reference/flows-query-language/introduction-to-fql"": []}"
flows-008,flows,流程部署为 API,桌面 + 服务端,pending,,https://learning.postman.com/flows/overview;https://learning.postman.com/flows/build-flows/overview;https://learning.postman.com/flows/reference/blocks/overview;https://learning.postman.com/flows/reference/flows-query-language/introduction-to-fql,Apifox 的场景树已归入 testing 模块；此处列 Postman Flows 的独立能力，不声称 Apifox 有所有对应节点。,"{""https://learning.postman.com/flows/overview"": [], ""https://learning.postman.com/flows/build-flows/overview"": [], ""https://learning.postman.com/flows/reference/blocks/overview"": [], ""https://learning.postman.com/flows/reference/flows-query-language/introduction-to-fql"": []}"
flows-009,flows,定时/HTTP/MCP 触发,桌面 + 服务端,pending,,https://learning.postman.com/flows/overview;https://learning.postman.com/flows/build-flows/overview;https://learning.postman.com/flows/reference/blocks/overview;https://learning.postman.com/flows/reference/flows-query-language/introduction-to-fql,Apifox 的场景树已归入 testing 模块；此处列 Postman Flows 的独立能力，不声称 Apifox 有所有对应节点。,"{""https://learning.postman.com/flows/overview"": [], ""https://learning.postman.com/flows/build-flows/overview"": [], ""https://learning.postman.com/flows/reference/blocks/overview"": [], ""https://learning.postman.com/flows/reference/flows-query-language/introduction-to-fql"": []}"
flows-010,flows,AI/Agent 节点,桌面 + 服务端,pending,,https://learning.postman.com/flows/overview;https://learning.postman.com/flows/build-flows/overview;https://learning.postman.com/flows/reference/blocks/overview;https://learning.postman.com/flows/reference/flows-query-language/introduction-to-fql,Apifox 的场景树已归入 testing 模块；此处列 Postman Flows 的独立能力，不声称 Apifox 有所有对应节点。,"{""https://learning.postman.com/flows/overview"": [], ""https://learning.postman.com/flows/build-flows/overview"": [], ""https://learning.postman.com/flows/reference/blocks/overview"": [], ""https://learning.postman.com/flows/reference/flows-query-language/introduction-to-fql"": []}"
flows-011,flows,AI 评估节点,桌面 + 服务端,pending,,https://learning.postman.com/flows/overview;https://learning.postman.com/flows/build-flows/overview;https://learning.postman.com/flows/reference/blocks/overview;https://learning.postman.com/flows/reference/flows-query-language/introduction-to-fql,Apifox 的场景树已归入 testing 模块；此处列 Postman Flows 的独立能力，不声称 Apifox 有所有对应节点。,"{""https://learning.postman.com/flows/overview"": [], ""https://learning.postman.com/flows/build-flows/overview"": [], ""https://learning.postman.com/flows/reference/blocks/overview"": [], ""https://learning.postman.com/flows/reference/flows-query-language/introduction-to-fql"": []}"
flows-012,flows,第三方 Connector 节点,桌面 + 服务端,pending,,https://learning.postman.com/flows/overview;https://learning.postman.com/flows/build-flows/overview;https://learning.postman.com/flows/reference/blocks/overview;https://learning.postman.com/flows/reference/flows-query-language/introduction-to-fql,Apifox 的场景树已归入 testing 模块；此处列 Postman Flows 的独立能力，不声称 Apifox 有所有对应节点。,"{""https://learning.postman.com/flows/overview"": [], ""https://learning.postman.com/flows/build-flows/overview"": [], ""https://learning.postman.com/flows/reference/blocks/overview"": [], ""https://learning.postman.com/flows/reference/flows-query-language/introduction-to-fql"": []}"
flows-013,flows,分享/嵌入/Native Git,桌面 + 服务端,pending,,https://learning.postman.com/flows/overview;https://learning.postman.com/flows/build-flows/overview;https://learning.postman.com/flows/reference/blocks/overview;https://learning.postman.com/flows/reference/flows-query-language/introduction-to-fql,Apifox 的场景树已归入 testing 模块；此处列 Postman Flows 的独立能力，不声称 Apifox 有所有对应节点。,"{""https://learning.postman.com/flows/overview"": [], ""https://learning.postman.com/flows/build-flows/overview"": [], ""https://learning.postman.com/flows/reference/blocks/overview"": [], ""https://learning.postman.com/flows/reference/flows-query-language/introduction-to-fql"": []}"
performance-001,performance,虚拟用户/并发,桌面 + 服务端,pending,https://docs.apifox.com/performance-testing.md,https://learning.postman.com/docs/tests-and-scripts/test-apis/performance-testing;https://learning.postman.com/docs/tests-and-scripts/performance-testing/testing-api-performance;https://learning.postman.com/docs/postman-cli/postman-cli-run-performance-test,,"{""https://docs.apifox.com/performance-testing.md"": [""目前性能测试功能处于 Beta 阶段，可能存在预期之外的问题。如果您发现任何问题，欢迎加入[技术服务支持群](https://docs.apifox.com/contact-us.md)并提供反馈。""], ""https://learning.postman.com/docs/tests-and-scripts/test-apis/performance-testing"": [], ""https://learning.postman.com/docs/tests-and-scripts/performance-testing/testing-api-performance"": [], ""https://learning.postman.com/docs/postman-cli/postman-cli-run-performance-test"": [""> You can configure a performance test and copy the `postman performance run` command in either the [Postman desktop app](/docs/getting-started/installation/install-app/) or the [Postman web app](/docs/getting-started/installation/install-app/#use-the-postman-web-app). The **App** run method, which generates load from the machine running Postman, is available in the desktop app only. Learn more about [where to run a performance test](/docs/tests-and-scripts/performance-testing/performance-test-configuration/#where-to-run-a-performance-test)."", ""> With `--runner postman-cloud`, the environment runs on Postman's cloud infrastructure. For sensitive values, use a [Shared Vault](/docs/use/postman-vault/postman-vault-key/#postman-shared-vault) secret and [share the variable](/docs/use/send-requests/variables/share-variables/#share-a-secure-variable-value). Local Vault secrets aren't available to a cloud run.""]}"
performance-002,performance,固定/递增/阶梯负载,桌面 + 服务端,pending,https://docs.apifox.com/performance-testing.md,https://learning.postman.com/docs/tests-and-scripts/test-apis/performance-testing;https://learning.postman.com/docs/tests-and-scripts/performance-testing/testing-api-performance;https://learning.postman.com/docs/postman-cli/postman-cli-run-performance-test,,"{""https://docs.apifox.com/performance-testing.md"": [""目前性能测试功能处于 Beta 阶段，可能存在预期之外的问题。如果您发现任何问题，欢迎加入[技术服务支持群](https://docs.apifox.com/contact-us.md)并提供反馈。""], ""https://learning.postman.com/docs/tests-and-scripts/test-apis/performance-testing"": [], ""https://learning.postman.com/docs/tests-and-scripts/performance-testing/testing-api-performance"": [], ""https://learning.postman.com/docs/postman-cli/postman-cli-run-performance-test"": [""> You can configure a performance test and copy the `postman performance run` command in either the [Postman desktop app](/docs/getting-started/installation/install-app/) or the [Postman web app](/docs/getting-started/installation/install-app/#use-the-postman-web-app). The **App** run method, which generates load from the machine running Postman, is available in the desktop app only. Learn more about [where to run a performance test](/docs/tests-and-scripts/performance-testing/performance-test-configuration/#where-to-run-a-performance-test)."", ""> With `--runner postman-cloud`, the environment runs on Postman's cloud infrastructure. For sensitive values, use a [Shared Vault](/docs/use/postman-vault/postman-vault-key/#postman-shared-vault) secret and [share the variable](/docs/use/send-requests/variables/share-variables/#share-a-secure-variable-value). Local Vault secrets aren't available to a cloud run.""]}"
performance-003,performance,运行时长与停止控制,桌面 + 服务端,pending,https://docs.apifox.com/performance-testing.md,https://learning.postman.com/docs/tests-and-scripts/test-apis/performance-testing;https://learning.postman.com/docs/tests-and-scripts/performance-testing/testing-api-performance;https://learning.postman.com/docs/postman-cli/postman-cli-run-performance-test,,"{""https://docs.apifox.com/performance-testing.md"": [""目前性能测试功能处于 Beta 阶段，可能存在预期之外的问题。如果您发现任何问题，欢迎加入[技术服务支持群](https://docs.apifox.com/contact-us.md)并提供反馈。""], ""https://learning.postman.com/docs/tests-and-scripts/test-apis/performance-testing"": [], ""https://learning.postman.com/docs/tests-and-scripts/performance-testing/testing-api-performance"": [], ""https://learning.postman.com/docs/postman-cli/postman-cli-run-performance-test"": [""> You can configure a performance test and copy the `postman performance run` command in either the [Postman desktop app](/docs/getting-started/installation/install-app/) or the [Postman web app](/docs/getting-started/installation/install-app/#use-the-postman-web-app). The **App** run method, which generates load from the machine running Postman, is available in the desktop app only. Learn more about [where to run a performance test](/docs/tests-and-scripts/performance-testing/performance-test-configuration/#where-to-run-a-performance-test)."", ""> With `--runner postman-cloud`, the environment runs on Postman's cloud infrastructure. For sensitive values, use a [Shared Vault](/docs/use/postman-vault/postman-vault-key/#postman-shared-vault) secret and [share the variable](/docs/use/send-requests/variables/share-variables/#share-a-secure-variable-value). Local Vault secrets aren't available to a cloud run.""]}"
performance-004,performance,随机/顺序测试数据分配,桌面 + 服务端,pending,https://docs.apifox.com/performance-testing.md,https://learning.postman.com/docs/tests-and-scripts/test-apis/performance-testing;https://learning.postman.com/docs/tests-and-scripts/performance-testing/testing-api-performance;https://learning.postman.com/docs/postman-cli/postman-cli-run-performance-test,,"{""https://docs.apifox.com/performance-testing.md"": [""目前性能测试功能处于 Beta 阶段，可能存在预期之外的问题。如果您发现任何问题，欢迎加入[技术服务支持群](https://docs.apifox.com/contact-us.md)并提供反馈。""], ""https://learning.postman.com/docs/tests-and-scripts/test-apis/performance-testing"": [], ""https://learning.postman.com/docs/tests-and-scripts/performance-testing/testing-api-performance"": [], ""https://learning.postman.com/docs/postman-cli/postman-cli-run-performance-test"": [""> You can configure a performance test and copy the `postman performance run` command in either the [Postman desktop app](/docs/getting-started/installation/install-app/) or the [Postman web app](/docs/getting-started/installation/install-app/#use-the-postman-web-app). The **App** run method, which generates load from the machine running Postman, is available in the desktop app only. Learn more about [where to run a performance test](/docs/tests-and-scripts/performance-testing/performance-test-configuration/#where-to-run-a-performance-test)."", ""> With `--runner postman-cloud`, the environment runs on Postman's cloud infrastructure. For sensitive values, use a [Shared Vault](/docs/use/postman-vault/postman-vault-key/#postman-shared-vault) secret and [share the variable](/docs/use/send-requests/variables/share-variables/#share-a-secure-variable-value). Local Vault secrets aren't available to a cloud run.""]}"
performance-005,performance,延迟与吞吐量图表,桌面 + 服务端,pending,https://docs.apifox.com/performance-testing.md,https://learning.postman.com/docs/tests-and-scripts/test-apis/performance-testing;https://learning.postman.com/docs/tests-and-scripts/performance-testing/testing-api-performance;https://learning.postman.com/docs/postman-cli/postman-cli-run-performance-test,,"{""https://docs.apifox.com/performance-testing.md"": [""目前性能测试功能处于 Beta 阶段，可能存在预期之外的问题。如果您发现任何问题，欢迎加入[技术服务支持群](https://docs.apifox.com/contact-us.md)并提供反馈。""], ""https://learning.postman.com/docs/tests-and-scripts/test-apis/performance-testing"": [], ""https://learning.postman.com/docs/tests-and-scripts/performance-testing/testing-api-performance"": [], ""https://learning.postman.com/docs/postman-cli/postman-cli-run-performance-test"": [""> You can configure a performance test and copy the `postman performance run` command in either the [Postman desktop app](/docs/getting-started/installation/install-app/) or the [Postman web app](/docs/getting-started/installation/install-app/#use-the-postman-web-app). The **App** run method, which generates load from the machine running Postman, is available in the desktop app only. Learn more about [where to run a performance test](/docs/tests-and-scripts/performance-testing/performance-test-configuration/#where-to-run-a-performance-test)."", ""> With `--runner postman-cloud`, the environment runs on Postman's cloud infrastructure. For sensitive values, use a [Shared Vault](/docs/use/postman-vault/postman-vault-key/#postman-shared-vault) secret and [share the variable](/docs/use/send-requests/variables/share-variables/#share-a-secure-variable-value). Local Vault secrets aren't available to a cloud run.""]}"
performance-006,performance,错误率/失败断言,桌面 + 服务端,pending,https://docs.apifox.com/performance-testing.md,https://learning.postman.com/docs/tests-and-scripts/test-apis/performance-testing;https://learning.postman.com/docs/tests-and-scripts/performance-testing/testing-api-performance;https://learning.postman.com/docs/postman-cli/postman-cli-run-performance-test,,"{""https://docs.apifox.com/performance-testing.md"": [""目前性能测试功能处于 Beta 阶段，可能存在预期之外的问题。如果您发现任何问题，欢迎加入[技术服务支持群](https://docs.apifox.com/contact-us.md)并提供反馈。""], ""https://learning.postman.com/docs/tests-and-scripts/test-apis/performance-testing"": [], ""https://learning.postman.com/docs/tests-and-scripts/performance-testing/testing-api-performance"": [], ""https://learning.postman.com/docs/postman-cli/postman-cli-run-performance-test"": [""> You can configure a performance test and copy the `postman performance run` command in either the [Postman desktop app](/docs/getting-started/installation/install-app/) or the [Postman web app](/docs/getting-started/installation/install-app/#use-the-postman-web-app). The **App** run method, which generates load from the machine running Postman, is available in the desktop app only. Learn more about [where to run a performance test](/docs/tests-and-scripts/performance-testing/performance-test-configuration/#where-to-run-a-performance-test)."", ""> With `--runner postman-cloud`, the environment runs on Postman's cloud infrastructure. For sensitive values, use a [Shared Vault](/docs/use/postman-vault/postman-vault-key/#postman-shared-vault) secret and [share the variable](/docs/use/send-requests/variables/share-variables/#share-a-secure-variable-value). Local Vault secrets aren't available to a cloud run.""]}"
performance-007,performance,测试报告与导出,桌面 + 服务端,pending,https://docs.apifox.com/performance-testing.md,https://learning.postman.com/docs/tests-and-scripts/test-apis/performance-testing;https://learning.postman.com/docs/tests-and-scripts/performance-testing/testing-api-performance;https://learning.postman.com/docs/postman-cli/postman-cli-run-performance-test,,"{""https://docs.apifox.com/performance-testing.md"": [""目前性能测试功能处于 Beta 阶段，可能存在预期之外的问题。如果您发现任何问题，欢迎加入[技术服务支持群](https://docs.apifox.com/contact-us.md)并提供反馈。""], ""https://learning.postman.com/docs/tests-and-scripts/test-apis/performance-testing"": [], ""https://learning.postman.com/docs/tests-and-scripts/performance-testing/testing-api-performance"": [], ""https://learning.postman.com/docs/postman-cli/postman-cli-run-performance-test"": [""> You can configure a performance test and copy the `postman performance run` command in either the [Postman desktop app](/docs/getting-started/installation/install-app/) or the [Postman web app](/docs/getting-started/installation/install-app/#use-the-postman-web-app). The **App** run method, which generates load from the machine running Postman, is available in the desktop app only. Learn more about [where to run a performance test](/docs/tests-and-scripts/performance-testing/performance-test-configuration/#where-to-run-a-performance-test)."", ""> With `--runner postman-cloud`, the environment runs on Postman's cloud infrastructure. For sensitive values, use a [Shared Vault](/docs/use/postman-vault/postman-vault-key/#postman-shared-vault) secret and [share the variable](/docs/use/send-requests/variables/share-variables/#share-a-secure-variable-value). Local Vault secrets aren't available to a cloud run.""]}"
performance-008,performance,CLI 性能测试,桌面 + 服务端,pending,https://docs.apifox.com/performance-testing.md,https://learning.postman.com/docs/tests-and-scripts/test-apis/performance-testing;https://learning.postman.com/docs/tests-and-scripts/performance-testing/testing-api-performance;https://learning.postman.com/docs/postman-cli/postman-cli-run-performance-test,,"{""https://docs.apifox.com/performance-testing.md"": [""目前性能测试功能处于 Beta 阶段，可能存在预期之外的问题。如果您发现任何问题，欢迎加入[技术服务支持群](https://docs.apifox.com/contact-us.md)并提供反馈。""], ""https://learning.postman.com/docs/tests-and-scripts/test-apis/performance-testing"": [], ""https://learning.postman.com/docs/tests-and-scripts/performance-testing/testing-api-performance"": [], ""https://learning.postman.com/docs/postman-cli/postman-cli-run-performance-test"": [""> You can configure a performance test and copy the `postman performance run` command in either the [Postman desktop app](/docs/getting-started/installation/install-app/) or the [Postman web app](/docs/getting-started/installation/install-app/#use-the-postman-web-app). The **App** run method, which generates load from the machine running Postman, is available in the desktop app only. Learn more about [where to run a performance test](/docs/tests-and-scripts/performance-testing/performance-test-configuration/#where-to-run-a-performance-test)."", ""> With `--runner postman-cloud`, the environment runs on Postman's cloud infrastructure. For sensitive values, use a [Shared Vault](/docs/use/postman-vault/postman-vault-key/#postman-shared-vault) secret and [share the variable](/docs/use/send-requests/variables/share-variables/#share-a-secure-variable-value). Local Vault secrets aren't available to a cloud run.""]}"
monitoring-001,monitoring,定时场景/集合任务,服务端 + 桌面管理,pending,https://docs.apifox.com/scheduled-tasks.md;https://docs.apifox.com/universal-runner.md;https://docs.apifox.com/self-hosted-runner.md,https://learning.postman.com/docs/monitoring-your-api/intro-monitors;https://learning.postman.com/docs/monitoring-your-api/runners/overview;https://learning.postman.com/docs/tests-and-scripts/running-collections/scheduling-collection-runs,,"{""https://docs.apifox.com/scheduled-tasks.md"": [""- 定时任务目前处于 Beta 阶段。""], ""https://docs.apifox.com/universal-runner.md"": [], ""https://docs.apifox.com/self-hosted-runner.md"": [], ""https://learning.postman.com/docs/monitoring-your-api/intro-monitors"": [], ""https://learning.postman.com/docs/monitoring-your-api/runners/overview"": [""> This feature is available on Postman Enterprise plans. For more information, see the [pricing page](https://www.postman.com/pricing/).""], ""https://learning.postman.com/docs/tests-and-scripts/running-collections/scheduling-collection-runs"": []}"
monitoring-002,monitoring,时区与调度,服务端 + 桌面管理,pending,https://docs.apifox.com/scheduled-tasks.md;https://docs.apifox.com/universal-runner.md;https://docs.apifox.com/self-hosted-runner.md,https://learning.postman.com/docs/monitoring-your-api/intro-monitors;https://learning.postman.com/docs/monitoring-your-api/runners/overview;https://learning.postman.com/docs/tests-and-scripts/running-collections/scheduling-collection-runs,,"{""https://docs.apifox.com/scheduled-tasks.md"": [""- 定时任务目前处于 Beta 阶段。""], ""https://docs.apifox.com/universal-runner.md"": [], ""https://docs.apifox.com/self-hosted-runner.md"": [], ""https://learning.postman.com/docs/monitoring-your-api/intro-monitors"": [], ""https://learning.postman.com/docs/monitoring-your-api/runners/overview"": [""> This feature is available on Postman Enterprise plans. For more information, see the [pricing page](https://www.postman.com/pricing/).""], ""https://learning.postman.com/docs/tests-and-scripts/running-collections/scheduling-collection-runs"": []}"
monitoring-003,monitoring,运行环境/数据集,服务端 + 桌面管理,pending,https://docs.apifox.com/scheduled-tasks.md;https://docs.apifox.com/universal-runner.md;https://docs.apifox.com/self-hosted-runner.md,https://learning.postman.com/docs/monitoring-your-api/intro-monitors;https://learning.postman.com/docs/monitoring-your-api/runners/overview;https://learning.postman.com/docs/tests-and-scripts/running-collections/scheduling-collection-runs,,"{""https://docs.apifox.com/scheduled-tasks.md"": [""- 定时任务目前处于 Beta 阶段。""], ""https://docs.apifox.com/universal-runner.md"": [], ""https://docs.apifox.com/self-hosted-runner.md"": [], ""https://learning.postman.com/docs/monitoring-your-api/intro-monitors"": [], ""https://learning.postman.com/docs/monitoring-your-api/runners/overview"": [""> This feature is available on Postman Enterprise plans. For more information, see the [pricing page](https://www.postman.com/pricing/).""], ""https://learning.postman.com/docs/tests-and-scripts/running-collections/scheduling-collection-runs"": []}"
monitoring-004,monitoring,周期监控与断言,服务端 + 桌面管理,pending,https://docs.apifox.com/scheduled-tasks.md;https://docs.apifox.com/universal-runner.md;https://docs.apifox.com/self-hosted-runner.md,https://learning.postman.com/docs/monitoring-your-api/intro-monitors;https://learning.postman.com/docs/monitoring-your-api/runners/overview;https://learning.postman.com/docs/tests-and-scripts/running-collections/scheduling-collection-runs,,"{""https://docs.apifox.com/scheduled-tasks.md"": [""- 定时任务目前处于 Beta 阶段。""], ""https://docs.apifox.com/universal-runner.md"": [], ""https://docs.apifox.com/self-hosted-runner.md"": [], ""https://learning.postman.com/docs/monitoring-your-api/intro-monitors"": [], ""https://learning.postman.com/docs/monitoring-your-api/runners/overview"": [""> This feature is available on Postman Enterprise plans. For more information, see the [pricing page](https://www.postman.com/pricing/).""], ""https://learning.postman.com/docs/tests-and-scripts/running-collections/scheduling-collection-runs"": []}"
monitoring-005,monitoring,结果/历史/通知,服务端 + 桌面管理,pending,https://docs.apifox.com/scheduled-tasks.md;https://docs.apifox.com/universal-runner.md;https://docs.apifox.com/self-hosted-runner.md,https://learning.postman.com/docs/monitoring-your-api/intro-monitors;https://learning.postman.com/docs/monitoring-your-api/runners/overview;https://learning.postman.com/docs/tests-and-scripts/running-collections/scheduling-collection-runs,,"{""https://docs.apifox.com/scheduled-tasks.md"": [""- 定时任务目前处于 Beta 阶段。""], ""https://docs.apifox.com/universal-runner.md"": [], ""https://docs.apifox.com/self-hosted-runner.md"": [], ""https://learning.postman.com/docs/monitoring-your-api/intro-monitors"": [], ""https://learning.postman.com/docs/monitoring-your-api/runners/overview"": [""> This feature is available on Postman Enterprise plans. For more information, see the [pricing page](https://www.postman.com/pricing/).""], ""https://learning.postman.com/docs/tests-and-scripts/running-collections/scheduling-collection-runs"": []}"
monitoring-006,monitoring,自托管 Runner/网络内执行,服务端 + 桌面管理,pending,https://docs.apifox.com/scheduled-tasks.md;https://docs.apifox.com/universal-runner.md;https://docs.apifox.com/self-hosted-runner.md,https://learning.postman.com/docs/monitoring-your-api/intro-monitors;https://learning.postman.com/docs/monitoring-your-api/runners/overview;https://learning.postman.com/docs/tests-and-scripts/running-collections/scheduling-collection-runs,,"{""https://docs.apifox.com/scheduled-tasks.md"": [""- 定时任务目前处于 Beta 阶段。""], ""https://docs.apifox.com/universal-runner.md"": [], ""https://docs.apifox.com/self-hosted-runner.md"": [], ""https://learning.postman.com/docs/monitoring-your-api/intro-monitors"": [], ""https://learning.postman.com/docs/monitoring-your-api/runners/overview"": [""> This feature is available on Postman Enterprise plans. For more information, see the [pricing page](https://www.postman.com/pricing/).""], ""https://learning.postman.com/docs/tests-and-scripts/running-collections/scheduling-collection-runs"": []}"
monitoring-007,monitoring,Runner 配置/扩缩容,服务端 + 桌面管理,pending,https://docs.apifox.com/scheduled-tasks.md;https://docs.apifox.com/universal-runner.md;https://docs.apifox.com/self-hosted-runner.md,https://learning.postman.com/docs/monitoring-your-api/intro-monitors;https://learning.postman.com/docs/monitoring-your-api/runners/overview;https://learning.postman.com/docs/tests-and-scripts/running-collections/scheduling-collection-runs,,"{""https://docs.apifox.com/scheduled-tasks.md"": [""- 定时任务目前处于 Beta 阶段。""], ""https://docs.apifox.com/universal-runner.md"": [], ""https://docs.apifox.com/self-hosted-runner.md"": [], ""https://learning.postman.com/docs/monitoring-your-api/intro-monitors"": [], ""https://learning.postman.com/docs/monitoring-your-api/runners/overview"": [""> This feature is available on Postman Enterprise plans. For more information, see the [pricing page](https://www.postman.com/pricing/).""], ""https://learning.postman.com/docs/tests-and-scripts/running-collections/scheduling-collection-runs"": []}"
documentation-001,documentation,Markdown 文档资源,桌面编辑/预览 + 服务端发布,pending,https://docs.apifox.com/publish-documentation-site.md;https://docs.apifox.com/quick-share.md;https://docs.apifox.com/custom-domain.md;https://docs.apifox.com/page-layout-settings.md;https://docs.apifox.com/documentation-visibility-settings.md;https://docs.apifox.com/api-version.md,https://learning.postman.com/docs/publishing-your-api/api-documentation-overview;https://learning.postman.com/docs/publishing-your-api/publishing-your-docs;https://learning.postman.com/docs/publishing-your-api/custom-doc-domains;https://learning.postman.com/docs/publishing-your-api/viewing-documentation,,"{""https://docs.apifox.com/publish-documentation-site.md"": [], ""https://docs.apifox.com/quick-share.md"": [], ""https://docs.apifox.com/custom-domain.md"": [], ""https://docs.apifox.com/page-layout-settings.md"": [], ""https://docs.apifox.com/documentation-visibility-settings.md"": [], ""https://docs.apifox.com/api-version.md"": [], ""https://learning.postman.com/docs/publishing-your-api/api-documentation-overview"": [], ""https://learning.postman.com/docs/publishing-your-api/publishing-your-docs"": [""> Publishing is only supported for collections with HTTP requests.""], ""https://learning.postman.com/docs/publishing-your-api/custom-doc-domains"": [""> This feature is available on Postman paid plans. For more information, see the [pricing page](https://www.postman.com/pricing/).""], ""https://learning.postman.com/docs/publishing-your-api/viewing-documentation"": []}"
documentation-002,documentation,自动生成 API 文档,桌面编辑/预览 + 服务端发布,pending,https://docs.apifox.com/publish-documentation-site.md;https://docs.apifox.com/quick-share.md;https://docs.apifox.com/custom-domain.md;https://docs.apifox.com/page-layout-settings.md;https://docs.apifox.com/documentation-visibility-settings.md;https://docs.apifox.com/api-version.md,https://learning.postman.com/docs/publishing-your-api/api-documentation-overview;https://learning.postman.com/docs/publishing-your-api/publishing-your-docs;https://learning.postman.com/docs/publishing-your-api/custom-doc-domains;https://learning.postman.com/docs/publishing-your-api/viewing-documentation,,"{""https://docs.apifox.com/publish-documentation-site.md"": [], ""https://docs.apifox.com/quick-share.md"": [], ""https://docs.apifox.com/custom-domain.md"": [], ""https://docs.apifox.com/page-layout-settings.md"": [], ""https://docs.apifox.com/documentation-visibility-settings.md"": [], ""https://docs.apifox.com/api-version.md"": [], ""https://learning.postman.com/docs/publishing-your-api/api-documentation-overview"": [], ""https://learning.postman.com/docs/publishing-your-api/publishing-your-docs"": [""> Publishing is only supported for collections with HTTP requests.""], ""https://learning.postman.com/docs/publishing-your-api/custom-doc-domains"": [""> This feature is available on Postman paid plans. For more information, see the [pricing page](https://www.postman.com/pricing/).""], ""https://learning.postman.com/docs/publishing-your-api/viewing-documentation"": []}"
documentation-003,documentation,在线调试文档,桌面编辑/预览 + 服务端发布,pending,https://docs.apifox.com/publish-documentation-site.md;https://docs.apifox.com/quick-share.md;https://docs.apifox.com/custom-domain.md;https://docs.apifox.com/page-layout-settings.md;https://docs.apifox.com/documentation-visibility-settings.md;https://docs.apifox.com/api-version.md,https://learning.postman.com/docs/publishing-your-api/api-documentation-overview;https://learning.postman.com/docs/publishing-your-api/publishing-your-docs;https://learning.postman.com/docs/publishing-your-api/custom-doc-domains;https://learning.postman.com/docs/publishing-your-api/viewing-documentation,,"{""https://docs.apifox.com/publish-documentation-site.md"": [], ""https://docs.apifox.com/quick-share.md"": [], ""https://docs.apifox.com/custom-domain.md"": [], ""https://docs.apifox.com/page-layout-settings.md"": [], ""https://docs.apifox.com/documentation-visibility-settings.md"": [], ""https://docs.apifox.com/api-version.md"": [], ""https://learning.postman.com/docs/publishing-your-api/api-documentation-overview"": [], ""https://learning.postman.com/docs/publishing-your-api/publishing-your-docs"": [""> Publishing is only supported for collections with HTTP requests.""], ""https://learning.postman.com/docs/publishing-your-api/custom-doc-domains"": [""> This feature is available on Postman paid plans. For more information, see the [pricing page](https://www.postman.com/pricing/).""], ""https://learning.postman.com/docs/publishing-your-api/viewing-documentation"": []}"
documentation-004,documentation,私有/公开/密码分享,桌面编辑/预览 + 服务端发布,pending,https://docs.apifox.com/publish-documentation-site.md;https://docs.apifox.com/quick-share.md;https://docs.apifox.com/custom-domain.md;https://docs.apifox.com/page-layout-settings.md;https://docs.apifox.com/documentation-visibility-settings.md;https://docs.apifox.com/api-version.md,https://learning.postman.com/docs/publishing-your-api/api-documentation-overview;https://learning.postman.com/docs/publishing-your-api/publishing-your-docs;https://learning.postman.com/docs/publishing-your-api/custom-doc-domains;https://learning.postman.com/docs/publishing-your-api/viewing-documentation,,"{""https://docs.apifox.com/publish-documentation-site.md"": [], ""https://docs.apifox.com/quick-share.md"": [], ""https://docs.apifox.com/custom-domain.md"": [], ""https://docs.apifox.com/page-layout-settings.md"": [], ""https://docs.apifox.com/documentation-visibility-settings.md"": [], ""https://docs.apifox.com/api-version.md"": [], ""https://learning.postman.com/docs/publishing-your-api/api-documentation-overview"": [], ""https://learning.postman.com/docs/publishing-your-api/publishing-your-docs"": [""> Publishing is only supported for collections with HTTP requests.""], ""https://learning.postman.com/docs/publishing-your-api/custom-doc-domains"": [""> This feature is available on Postman paid plans. For more information, see the [pricing page](https://www.postman.com/pricing/).""], ""https://learning.postman.com/docs/publishing-your-api/viewing-documentation"": []}"
documentation-005,documentation,文档站发布,桌面编辑/预览 + 服务端发布,pending,https://docs.apifox.com/publish-documentation-site.md;https://docs.apifox.com/quick-share.md;https://docs.apifox.com/custom-domain.md;https://docs.apifox.com/page-layout-settings.md;https://docs.apifox.com/documentation-visibility-settings.md;https://docs.apifox.com/api-version.md,https://learning.postman.com/docs/publishing-your-api/api-documentation-overview;https://learning.postman.com/docs/publishing-your-api/publishing-your-docs;https://learning.postman.com/docs/publishing-your-api/custom-doc-domains;https://learning.postman.com/docs/publishing-your-api/viewing-documentation,,"{""https://docs.apifox.com/publish-documentation-site.md"": [], ""https://docs.apifox.com/quick-share.md"": [], ""https://docs.apifox.com/custom-domain.md"": [], ""https://docs.apifox.com/page-layout-settings.md"": [], ""https://docs.apifox.com/documentation-visibility-settings.md"": [], ""https://docs.apifox.com/api-version.md"": [], ""https://learning.postman.com/docs/publishing-your-api/api-documentation-overview"": [], ""https://learning.postman.com/docs/publishing-your-api/publishing-your-docs"": [""> Publishing is only supported for collections with HTTP requests.""], ""https://learning.postman.com/docs/publishing-your-api/custom-doc-domains"": [""> This feature is available on Postman paid plans. For more information, see the [pricing page](https://www.postman.com/pricing/).""], ""https://learning.postman.com/docs/publishing-your-api/viewing-documentation"": []}"
documentation-006,documentation,发布版本与历史,桌面编辑/预览 + 服务端发布,pending,https://docs.apifox.com/publish-documentation-site.md;https://docs.apifox.com/quick-share.md;https://docs.apifox.com/custom-domain.md;https://docs.apifox.com/page-layout-settings.md;https://docs.apifox.com/documentation-visibility-settings.md;https://docs.apifox.com/api-version.md,https://learning.postman.com/docs/publishing-your-api/api-documentation-overview;https://learning.postman.com/docs/publishing-your-api/publishing-your-docs;https://learning.postman.com/docs/publishing-your-api/custom-doc-domains;https://learning.postman.com/docs/publishing-your-api/viewing-documentation,,"{""https://docs.apifox.com/publish-documentation-site.md"": [], ""https://docs.apifox.com/quick-share.md"": [], ""https://docs.apifox.com/custom-domain.md"": [], ""https://docs.apifox.com/page-layout-settings.md"": [], ""https://docs.apifox.com/documentation-visibility-settings.md"": [], ""https://docs.apifox.com/api-version.md"": [], ""https://learning.postman.com/docs/publishing-your-api/api-documentation-overview"": [], ""https://learning.postman.com/docs/publishing-your-api/publishing-your-docs"": [""> Publishing is only supported for collections with HTTP requests.""], ""https://learning.postman.com/docs/publishing-your-api/custom-doc-domains"": [""> This feature is available on Postman paid plans. For more information, see the [pricing page](https://www.postman.com/pricing/).""], ""https://learning.postman.com/docs/publishing-your-api/viewing-documentation"": []}"
documentation-007,documentation,自定义域名,桌面编辑/预览 + 服务端发布,pending,https://docs.apifox.com/publish-documentation-site.md;https://docs.apifox.com/quick-share.md;https://docs.apifox.com/custom-domain.md;https://docs.apifox.com/page-layout-settings.md;https://docs.apifox.com/documentation-visibility-settings.md;https://docs.apifox.com/api-version.md,https://learning.postman.com/docs/publishing-your-api/api-documentation-overview;https://learning.postman.com/docs/publishing-your-api/publishing-your-docs;https://learning.postman.com/docs/publishing-your-api/custom-doc-domains;https://learning.postman.com/docs/publishing-your-api/viewing-documentation,,"{""https://docs.apifox.com/publish-documentation-site.md"": [], ""https://docs.apifox.com/quick-share.md"": [], ""https://docs.apifox.com/custom-domain.md"": [], ""https://docs.apifox.com/page-layout-settings.md"": [], ""https://docs.apifox.com/documentation-visibility-settings.md"": [], ""https://docs.apifox.com/api-version.md"": [], ""https://learning.postman.com/docs/publishing-your-api/api-documentation-overview"": [], ""https://learning.postman.com/docs/publishing-your-api/publishing-your-docs"": [""> Publishing is only supported for collections with HTTP requests.""], ""https://learning.postman.com/docs/publishing-your-api/custom-doc-domains"": [""> This feature is available on Postman paid plans. For more information, see the [pricing page](https://www.postman.com/pricing/).""], ""https://learning.postman.com/docs/publishing-your-api/viewing-documentation"": []}"
documentation-008,documentation,文档主题/布局/Logo,桌面编辑/预览 + 服务端发布,pending,https://docs.apifox.com/publish-documentation-site.md;https://docs.apifox.com/quick-share.md;https://docs.apifox.com/custom-domain.md;https://docs.apifox.com/page-layout-settings.md;https://docs.apifox.com/documentation-visibility-settings.md;https://docs.apifox.com/api-version.md,https://learning.postman.com/docs/publishing-your-api/api-documentation-overview;https://learning.postman.com/docs/publishing-your-api/publishing-your-docs;https://learning.postman.com/docs/publishing-your-api/custom-doc-domains;https://learning.postman.com/docs/publishing-your-api/viewing-documentation,,"{""https://docs.apifox.com/publish-documentation-site.md"": [], ""https://docs.apifox.com/quick-share.md"": [], ""https://docs.apifox.com/custom-domain.md"": [], ""https://docs.apifox.com/page-layout-settings.md"": [], ""https://docs.apifox.com/documentation-visibility-settings.md"": [], ""https://docs.apifox.com/api-version.md"": [], ""https://learning.postman.com/docs/publishing-your-api/api-documentation-overview"": [], ""https://learning.postman.com/docs/publishing-your-api/publishing-your-docs"": [""> Publishing is only supported for collections with HTTP requests.""], ""https://learning.postman.com/docs/publishing-your-api/custom-doc-domains"": [""> This feature is available on Postman paid plans. For more information, see the [pricing page](https://www.postman.com/pricing/).""], ""https://learning.postman.com/docs/publishing-your-api/viewing-documentation"": []}"
documentation-009,documentation,目录/顶部导航/搜索,桌面编辑/预览 + 服务端发布,pending,https://docs.apifox.com/publish-documentation-site.md;https://docs.apifox.com/quick-share.md;https://docs.apifox.com/custom-domain.md;https://docs.apifox.com/page-layout-settings.md;https://docs.apifox.com/documentation-visibility-settings.md;https://docs.apifox.com/api-version.md,https://learning.postman.com/docs/publishing-your-api/api-documentation-overview;https://learning.postman.com/docs/publishing-your-api/publishing-your-docs;https://learning.postman.com/docs/publishing-your-api/custom-doc-domains;https://learning.postman.com/docs/publishing-your-api/viewing-documentation,,"{""https://docs.apifox.com/publish-documentation-site.md"": [], ""https://docs.apifox.com/quick-share.md"": [], ""https://docs.apifox.com/custom-domain.md"": [], ""https://docs.apifox.com/page-layout-settings.md"": [], ""https://docs.apifox.com/documentation-visibility-settings.md"": [], ""https://docs.apifox.com/api-version.md"": [], ""https://learning.postman.com/docs/publishing-your-api/api-documentation-overview"": [], ""https://learning.postman.com/docs/publishing-your-api/publishing-your-docs"": [""> Publishing is only supported for collections with HTTP requests.""], ""https://learning.postman.com/docs/publishing-your-api/custom-doc-domains"": [""> This feature is available on Postman paid plans. For more information, see the [pricing page](https://www.postman.com/pricing/).""], ""https://learning.postman.com/docs/publishing-your-api/viewing-documentation"": []}"
documentation-010,documentation,示例与代码片段,桌面编辑/预览 + 服务端发布,pending,https://docs.apifox.com/publish-documentation-site.md;https://docs.apifox.com/quick-share.md;https://docs.apifox.com/custom-domain.md;https://docs.apifox.com/page-layout-settings.md;https://docs.apifox.com/documentation-visibility-settings.md;https://docs.apifox.com/api-version.md,https://learning.postman.com/docs/publishing-your-api/api-documentation-overview;https://learning.postman.com/docs/publishing-your-api/publishing-your-docs;https://learning.postman.com/docs/publishing-your-api/custom-doc-domains;https://learning.postman.com/docs/publishing-your-api/viewing-documentation,,"{""https://docs.apifox.com/publish-documentation-site.md"": [], ""https://docs.apifox.com/quick-share.md"": [], ""https://docs.apifox.com/custom-domain.md"": [], ""https://docs.apifox.com/page-layout-settings.md"": [], ""https://docs.apifox.com/documentation-visibility-settings.md"": [], ""https://docs.apifox.com/api-version.md"": [], ""https://learning.postman.com/docs/publishing-your-api/api-documentation-overview"": [], ""https://learning.postman.com/docs/publishing-your-api/publishing-your-docs"": [""> Publishing is only supported for collections with HTTP requests.""], ""https://learning.postman.com/docs/publishing-your-api/custom-doc-domains"": [""> This feature is available on Postman paid plans. For more information, see the [pricing page](https://www.postman.com/pricing/).""], ""https://learning.postman.com/docs/publishing-your-api/viewing-documentation"": []}"
documentation-011,documentation,可见性与权限,桌面编辑/预览 + 服务端发布,pending,https://docs.apifox.com/publish-documentation-site.md;https://docs.apifox.com/quick-share.md;https://docs.apifox.com/custom-domain.md;https://docs.apifox.com/page-layout-settings.md;https://docs.apifox.com/documentation-visibility-settings.md;https://docs.apifox.com/api-version.md,https://learning.postman.com/docs/publishing-your-api/api-documentation-overview;https://learning.postman.com/docs/publishing-your-api/publishing-your-docs;https://learning.postman.com/docs/publishing-your-api/custom-doc-domains;https://learning.postman.com/docs/publishing-your-api/viewing-documentation,,"{""https://docs.apifox.com/publish-documentation-site.md"": [], ""https://docs.apifox.com/quick-share.md"": [], ""https://docs.apifox.com/custom-domain.md"": [], ""https://docs.apifox.com/page-layout-settings.md"": [], ""https://docs.apifox.com/documentation-visibility-settings.md"": [], ""https://docs.apifox.com/api-version.md"": [], ""https://learning.postman.com/docs/publishing-your-api/api-documentation-overview"": [], ""https://learning.postman.com/docs/publishing-your-api/publishing-your-docs"": [""> Publishing is only supported for collections with HTTP requests.""], ""https://learning.postman.com/docs/publishing-your-api/custom-doc-domains"": [""> This feature is available on Postman paid plans. For more information, see the [pricing page](https://www.postman.com/pricing/).""], ""https://learning.postman.com/docs/publishing-your-api/viewing-documentation"": []}"
documentation-012,documentation,SEO/分析统计,桌面编辑/预览 + 服务端发布,pending,https://docs.apifox.com/publish-documentation-site.md;https://docs.apifox.com/quick-share.md;https://docs.apifox.com/custom-domain.md;https://docs.apifox.com/page-layout-settings.md;https://docs.apifox.com/documentation-visibility-settings.md;https://docs.apifox.com/api-version.md,https://learning.postman.com/docs/publishing-your-api/api-documentation-overview;https://learning.postman.com/docs/publishing-your-api/publishing-your-docs;https://learning.postman.com/docs/publishing-your-api/custom-doc-domains;https://learning.postman.com/docs/publishing-your-api/viewing-documentation,,"{""https://docs.apifox.com/publish-documentation-site.md"": [], ""https://docs.apifox.com/quick-share.md"": [], ""https://docs.apifox.com/custom-domain.md"": [], ""https://docs.apifox.com/page-layout-settings.md"": [], ""https://docs.apifox.com/documentation-visibility-settings.md"": [], ""https://docs.apifox.com/api-version.md"": [], ""https://learning.postman.com/docs/publishing-your-api/api-documentation-overview"": [], ""https://learning.postman.com/docs/publishing-your-api/publishing-your-docs"": [""> Publishing is only supported for collections with HTTP requests.""], ""https://learning.postman.com/docs/publishing-your-api/custom-doc-domains"": [""> This feature is available on Postman paid plans. For more information, see the [pricing page](https://www.postman.com/pricing/).""], ""https://learning.postman.com/docs/publishing-your-api/viewing-documentation"": []}"
documentation-013,documentation,Run in client 按钮,桌面编辑/预览 + 服务端发布,pending,https://docs.apifox.com/publish-documentation-site.md;https://docs.apifox.com/quick-share.md;https://docs.apifox.com/custom-domain.md;https://docs.apifox.com/page-layout-settings.md;https://docs.apifox.com/documentation-visibility-settings.md;https://docs.apifox.com/api-version.md,https://learning.postman.com/docs/publishing-your-api/api-documentation-overview;https://learning.postman.com/docs/publishing-your-api/publishing-your-docs;https://learning.postman.com/docs/publishing-your-api/custom-doc-domains;https://learning.postman.com/docs/publishing-your-api/viewing-documentation,,"{""https://docs.apifox.com/publish-documentation-site.md"": [], ""https://docs.apifox.com/quick-share.md"": [], ""https://docs.apifox.com/custom-domain.md"": [], ""https://docs.apifox.com/page-layout-settings.md"": [], ""https://docs.apifox.com/documentation-visibility-settings.md"": [], ""https://docs.apifox.com/api-version.md"": [], ""https://learning.postman.com/docs/publishing-your-api/api-documentation-overview"": [], ""https://learning.postman.com/docs/publishing-your-api/publishing-your-docs"": [""> Publishing is only supported for collections with HTTP requests.""], ""https://learning.postman.com/docs/publishing-your-api/custom-doc-domains"": [""> This feature is available on Postman paid plans. For more information, see the [pricing page](https://www.postman.com/pricing/).""], ""https://learning.postman.com/docs/publishing-your-api/viewing-documentation"": []}"
documentation-014,documentation,分享链接/嵌入,桌面编辑/预览 + 服务端发布,pending,https://docs.apifox.com/publish-documentation-site.md;https://docs.apifox.com/quick-share.md;https://docs.apifox.com/custom-domain.md;https://docs.apifox.com/page-layout-settings.md;https://docs.apifox.com/documentation-visibility-settings.md;https://docs.apifox.com/api-version.md,https://learning.postman.com/docs/publishing-your-api/api-documentation-overview;https://learning.postman.com/docs/publishing-your-api/publishing-your-docs;https://learning.postman.com/docs/publishing-your-api/custom-doc-domains;https://learning.postman.com/docs/publishing-your-api/viewing-documentation,,"{""https://docs.apifox.com/publish-documentation-site.md"": [], ""https://docs.apifox.com/quick-share.md"": [], ""https://docs.apifox.com/custom-domain.md"": [], ""https://docs.apifox.com/page-layout-settings.md"": [], ""https://docs.apifox.com/documentation-visibility-settings.md"": [], ""https://docs.apifox.com/api-version.md"": [], ""https://learning.postman.com/docs/publishing-your-api/api-documentation-overview"": [], ""https://learning.postman.com/docs/publishing-your-api/publishing-your-docs"": [""> Publishing is only supported for collections with HTTP requests.""], ""https://learning.postman.com/docs/publishing-your-api/custom-doc-domains"": [""> This feature is available on Postman paid plans. For more information, see the [pricing page](https://www.postman.com/pricing/).""], ""https://learning.postman.com/docs/publishing-your-api/viewing-documentation"": []}"
documentation-015,documentation,自定义 CSS/JS/HTML,桌面 + 服务端,pending,https://docs.apifox.com/custom-css-js-html.md,,用户自定义站点内容的隔离与许可需在实现规格中明确。,"{""https://docs.apifox.com/custom-css-js-html.md"": [""自定义 JavaScript 适用于嵌入第三方服务的需求（如 AI 助手、客服面板等），请注意 Apifox 的自定义 JavaScript 区域不支持直接写 `<script>` 和 `<style>` 标签。你需要将这些内容改写为纯 JavaScript 实现，例如：""]}"
collaboration-001,collaboration,用户/团队/组织/项目,服务端 + 桌面同步客户端,pending,https://docs.apifox.com/management-center.md;https://docs.apifox.com/project-member-management.md;https://docs.apifox.com/team-member-management.md;https://docs.apifox.com/member-roles-and-permissions.md;https://docs.apifox.com/team-collaboration.md;https://docs.apifox.com/api-comments.md,https://learning.postman.com/docs/collaborating-in-postman/collaborate-in-postman-overview;https://learning.postman.com/docs/administration/roles-and-permissions;https://learning.postman.com/docs/collaborating-in-postman/using-workspaces/overview,,"{""https://docs.apifox.com/management-center.md"": [], ""https://docs.apifox.com/project-member-management.md"": [], ""https://docs.apifox.com/team-member-management.md"": [], ""https://docs.apifox.com/member-roles-and-permissions.md"": [""团队角色暂不支持自定义。"", ""“角色与权限”功能可以根据不同协作场景配置更精细的角色权限。目前仅支持自定义项目角色，团队角色和组织角色暂不支持自定义。"", ""自定义项目角色仅在[商业旗舰版](https://apifox.com/pricing)中提供。""], ""https://docs.apifox.com/team-collaboration.md"": [], ""https://docs.apifox.com/api-comments.md"": [""合理使用 `@` 功能可以确保团队成员及时关注到重要问题。目前评论的通知只支持邮件以及站内信，暂不支持通过飞书、企业微信等第三方渠道发送通知。""], ""https://learning.postman.com/docs/collaborating-in-postman/collaborate-in-postman-overview"": [], ""https://learning.postman.com/docs/administration/roles-and-permissions"": [""> Certain team options are only available with [paid plans](https://www.postman.com/pricing/). To learn which roles are available with your plan, go to your [web dashboard](https://go.postman.co/settings/team/roles).""], ""https://learning.postman.com/docs/collaborating-in-postman/using-workspaces/overview"": []}"
collaboration-002,collaboration,成员邀请/移除,服务端 + 桌面同步客户端,pending,https://docs.apifox.com/management-center.md;https://docs.apifox.com/project-member-management.md;https://docs.apifox.com/team-member-management.md;https://docs.apifox.com/member-roles-and-permissions.md;https://docs.apifox.com/team-collaboration.md;https://docs.apifox.com/api-comments.md,https://learning.postman.com/docs/collaborating-in-postman/collaborate-in-postman-overview;https://learning.postman.com/docs/administration/roles-and-permissions;https://learning.postman.com/docs/collaborating-in-postman/using-workspaces/overview,,"{""https://docs.apifox.com/management-center.md"": [], ""https://docs.apifox.com/project-member-management.md"": [], ""https://docs.apifox.com/team-member-management.md"": [], ""https://docs.apifox.com/member-roles-and-permissions.md"": [""团队角色暂不支持自定义。"", ""“角色与权限”功能可以根据不同协作场景配置更精细的角色权限。目前仅支持自定义项目角色，团队角色和组织角色暂不支持自定义。"", ""自定义项目角色仅在[商业旗舰版](https://apifox.com/pricing)中提供。""], ""https://docs.apifox.com/team-collaboration.md"": [], ""https://docs.apifox.com/api-comments.md"": [""合理使用 `@` 功能可以确保团队成员及时关注到重要问题。目前评论的通知只支持邮件以及站内信，暂不支持通过飞书、企业微信等第三方渠道发送通知。""], ""https://learning.postman.com/docs/collaborating-in-postman/collaborate-in-postman-overview"": [], ""https://learning.postman.com/docs/administration/roles-and-permissions"": [""> Certain team options are only available with [paid plans](https://www.postman.com/pricing/). To learn which roles are available with your plan, go to your [web dashboard](https://go.postman.co/settings/team/roles).""], ""https://learning.postman.com/docs/collaborating-in-postman/using-workspaces/overview"": []}"
collaboration-003,collaboration,项目/资源权限,服务端 + 桌面同步客户端,pending,https://docs.apifox.com/management-center.md;https://docs.apifox.com/project-member-management.md;https://docs.apifox.com/team-member-management.md;https://docs.apifox.com/member-roles-and-permissions.md;https://docs.apifox.com/team-collaboration.md;https://docs.apifox.com/api-comments.md,https://learning.postman.com/docs/collaborating-in-postman/collaborate-in-postman-overview;https://learning.postman.com/docs/administration/roles-and-permissions;https://learning.postman.com/docs/collaborating-in-postman/using-workspaces/overview,,"{""https://docs.apifox.com/management-center.md"": [], ""https://docs.apifox.com/project-member-management.md"": [], ""https://docs.apifox.com/team-member-management.md"": [], ""https://docs.apifox.com/member-roles-and-permissions.md"": [""团队角色暂不支持自定义。"", ""“角色与权限”功能可以根据不同协作场景配置更精细的角色权限。目前仅支持自定义项目角色，团队角色和组织角色暂不支持自定义。"", ""自定义项目角色仅在[商业旗舰版](https://apifox.com/pricing)中提供。""], ""https://docs.apifox.com/team-collaboration.md"": [], ""https://docs.apifox.com/api-comments.md"": [""合理使用 `@` 功能可以确保团队成员及时关注到重要问题。目前评论的通知只支持邮件以及站内信，暂不支持通过飞书、企业微信等第三方渠道发送通知。""], ""https://learning.postman.com/docs/collaborating-in-postman/collaborate-in-postman-overview"": [], ""https://learning.postman.com/docs/administration/roles-and-permissions"": [""> Certain team options are only available with [paid plans](https://www.postman.com/pricing/). To learn which roles are available with your plan, go to your [web dashboard](https://go.postman.co/settings/team/roles).""], ""https://learning.postman.com/docs/collaborating-in-postman/using-workspaces/overview"": []}"
collaboration-004,collaboration,管理员/编辑/查看角色,服务端 + 桌面同步客户端,pending,https://docs.apifox.com/management-center.md;https://docs.apifox.com/project-member-management.md;https://docs.apifox.com/team-member-management.md;https://docs.apifox.com/member-roles-and-permissions.md;https://docs.apifox.com/team-collaboration.md;https://docs.apifox.com/api-comments.md,https://learning.postman.com/docs/collaborating-in-postman/collaborate-in-postman-overview;https://learning.postman.com/docs/administration/roles-and-permissions;https://learning.postman.com/docs/collaborating-in-postman/using-workspaces/overview,,"{""https://docs.apifox.com/management-center.md"": [], ""https://docs.apifox.com/project-member-management.md"": [], ""https://docs.apifox.com/team-member-management.md"": [], ""https://docs.apifox.com/member-roles-and-permissions.md"": [""团队角色暂不支持自定义。"", ""“角色与权限”功能可以根据不同协作场景配置更精细的角色权限。目前仅支持自定义项目角色，团队角色和组织角色暂不支持自定义。"", ""自定义项目角色仅在[商业旗舰版](https://apifox.com/pricing)中提供。""], ""https://docs.apifox.com/team-collaboration.md"": [], ""https://docs.apifox.com/api-comments.md"": [""合理使用 `@` 功能可以确保团队成员及时关注到重要问题。目前评论的通知只支持邮件以及站内信，暂不支持通过飞书、企业微信等第三方渠道发送通知。""], ""https://learning.postman.com/docs/collaborating-in-postman/collaborate-in-postman-overview"": [], ""https://learning.postman.com/docs/administration/roles-and-permissions"": [""> Certain team options are only available with [paid plans](https://www.postman.com/pricing/). To learn which roles are available with your plan, go to your [web dashboard](https://go.postman.co/settings/team/roles).""], ""https://learning.postman.com/docs/collaborating-in-postman/using-workspaces/overview"": []}"
collaboration-005,collaboration,实时同步与在线状态,服务端 + 桌面同步客户端,pending,https://docs.apifox.com/management-center.md;https://docs.apifox.com/project-member-management.md;https://docs.apifox.com/team-member-management.md;https://docs.apifox.com/member-roles-and-permissions.md;https://docs.apifox.com/team-collaboration.md;https://docs.apifox.com/api-comments.md,https://learning.postman.com/docs/collaborating-in-postman/collaborate-in-postman-overview;https://learning.postman.com/docs/administration/roles-and-permissions;https://learning.postman.com/docs/collaborating-in-postman/using-workspaces/overview,,"{""https://docs.apifox.com/management-center.md"": [], ""https://docs.apifox.com/project-member-management.md"": [], ""https://docs.apifox.com/team-member-management.md"": [], ""https://docs.apifox.com/member-roles-and-permissions.md"": [""团队角色暂不支持自定义。"", ""“角色与权限”功能可以根据不同协作场景配置更精细的角色权限。目前仅支持自定义项目角色，团队角色和组织角色暂不支持自定义。"", ""自定义项目角色仅在[商业旗舰版](https://apifox.com/pricing)中提供。""], ""https://docs.apifox.com/team-collaboration.md"": [], ""https://docs.apifox.com/api-comments.md"": [""合理使用 `@` 功能可以确保团队成员及时关注到重要问题。目前评论的通知只支持邮件以及站内信，暂不支持通过飞书、企业微信等第三方渠道发送通知。""], ""https://learning.postman.com/docs/collaborating-in-postman/collaborate-in-postman-overview"": [], ""https://learning.postman.com/docs/administration/roles-and-permissions"": [""> Certain team options are only available with [paid plans](https://www.postman.com/pricing/). To learn which roles are available with your plan, go to your [web dashboard](https://go.postman.co/settings/team/roles).""], ""https://learning.postman.com/docs/collaborating-in-postman/using-workspaces/overview"": []}"
collaboration-006,collaboration,本地离线改动再同步,服务端 + 桌面同步客户端,pending,https://docs.apifox.com/management-center.md;https://docs.apifox.com/project-member-management.md;https://docs.apifox.com/team-member-management.md;https://docs.apifox.com/member-roles-and-permissions.md;https://docs.apifox.com/team-collaboration.md;https://docs.apifox.com/api-comments.md,https://learning.postman.com/docs/collaborating-in-postman/collaborate-in-postman-overview;https://learning.postman.com/docs/administration/roles-and-permissions;https://learning.postman.com/docs/collaborating-in-postman/using-workspaces/overview,,"{""https://docs.apifox.com/management-center.md"": [], ""https://docs.apifox.com/project-member-management.md"": [], ""https://docs.apifox.com/team-member-management.md"": [], ""https://docs.apifox.com/member-roles-and-permissions.md"": [""团队角色暂不支持自定义。"", ""“角色与权限”功能可以根据不同协作场景配置更精细的角色权限。目前仅支持自定义项目角色，团队角色和组织角色暂不支持自定义。"", ""自定义项目角色仅在[商业旗舰版](https://apifox.com/pricing)中提供。""], ""https://docs.apifox.com/team-collaboration.md"": [], ""https://docs.apifox.com/api-comments.md"": [""合理使用 `@` 功能可以确保团队成员及时关注到重要问题。目前评论的通知只支持邮件以及站内信，暂不支持通过飞书、企业微信等第三方渠道发送通知。""], ""https://learning.postman.com/docs/collaborating-in-postman/collaborate-in-postman-overview"": [], ""https://learning.postman.com/docs/administration/roles-and-permissions"": [""> Certain team options are only available with [paid plans](https://www.postman.com/pricing/). To learn which roles are available with your plan, go to your [web dashboard](https://go.postman.co/settings/team/roles).""], ""https://learning.postman.com/docs/collaborating-in-postman/using-workspaces/overview"": []}"
collaboration-007,collaboration,修订冲突与差异,服务端 + 桌面同步客户端,pending,https://docs.apifox.com/management-center.md;https://docs.apifox.com/project-member-management.md;https://docs.apifox.com/team-member-management.md;https://docs.apifox.com/member-roles-and-permissions.md;https://docs.apifox.com/team-collaboration.md;https://docs.apifox.com/api-comments.md,https://learning.postman.com/docs/collaborating-in-postman/collaborate-in-postman-overview;https://learning.postman.com/docs/administration/roles-and-permissions;https://learning.postman.com/docs/collaborating-in-postman/using-workspaces/overview,,"{""https://docs.apifox.com/management-center.md"": [], ""https://docs.apifox.com/project-member-management.md"": [], ""https://docs.apifox.com/team-member-management.md"": [], ""https://docs.apifox.com/member-roles-and-permissions.md"": [""团队角色暂不支持自定义。"", ""“角色与权限”功能可以根据不同协作场景配置更精细的角色权限。目前仅支持自定义项目角色，团队角色和组织角色暂不支持自定义。"", ""自定义项目角色仅在[商业旗舰版](https://apifox.com/pricing)中提供。""], ""https://docs.apifox.com/team-collaboration.md"": [], ""https://docs.apifox.com/api-comments.md"": [""合理使用 `@` 功能可以确保团队成员及时关注到重要问题。目前评论的通知只支持邮件以及站内信，暂不支持通过飞书、企业微信等第三方渠道发送通知。""], ""https://learning.postman.com/docs/collaborating-in-postman/collaborate-in-postman-overview"": [], ""https://learning.postman.com/docs/administration/roles-and-permissions"": [""> Certain team options are only available with [paid plans](https://www.postman.com/pricing/). To learn which roles are available with your plan, go to your [web dashboard](https://go.postman.co/settings/team/roles).""], ""https://learning.postman.com/docs/collaborating-in-postman/using-workspaces/overview"": []}"
collaboration-008,collaboration,评论/讨论,服务端 + 桌面同步客户端,pending,https://docs.apifox.com/management-center.md;https://docs.apifox.com/project-member-management.md;https://docs.apifox.com/team-member-management.md;https://docs.apifox.com/member-roles-and-permissions.md;https://docs.apifox.com/team-collaboration.md;https://docs.apifox.com/api-comments.md,https://learning.postman.com/docs/collaborating-in-postman/collaborate-in-postman-overview;https://learning.postman.com/docs/administration/roles-and-permissions;https://learning.postman.com/docs/collaborating-in-postman/using-workspaces/overview,,"{""https://docs.apifox.com/management-center.md"": [], ""https://docs.apifox.com/project-member-management.md"": [], ""https://docs.apifox.com/team-member-management.md"": [], ""https://docs.apifox.com/member-roles-and-permissions.md"": [""团队角色暂不支持自定义。"", ""“角色与权限”功能可以根据不同协作场景配置更精细的角色权限。目前仅支持自定义项目角色，团队角色和组织角色暂不支持自定义。"", ""自定义项目角色仅在[商业旗舰版](https://apifox.com/pricing)中提供。""], ""https://docs.apifox.com/team-collaboration.md"": [], ""https://docs.apifox.com/api-comments.md"": [""合理使用 `@` 功能可以确保团队成员及时关注到重要问题。目前评论的通知只支持邮件以及站内信，暂不支持通过飞书、企业微信等第三方渠道发送通知。""], ""https://learning.postman.com/docs/collaborating-in-postman/collaborate-in-postman-overview"": [], ""https://learning.postman.com/docs/administration/roles-and-permissions"": [""> Certain team options are only available with [paid plans](https://www.postman.com/pricing/). To learn which roles are available with your plan, go to your [web dashboard](https://go.postman.co/settings/team/roles).""], ""https://learning.postman.com/docs/collaborating-in-postman/using-workspaces/overview"": []}"
collaboration-009,collaboration,活动与通知,服务端 + 桌面同步客户端,pending,https://docs.apifox.com/management-center.md;https://docs.apifox.com/project-member-management.md;https://docs.apifox.com/team-member-management.md;https://docs.apifox.com/member-roles-and-permissions.md;https://docs.apifox.com/team-collaboration.md;https://docs.apifox.com/api-comments.md,https://learning.postman.com/docs/collaborating-in-postman/collaborate-in-postman-overview;https://learning.postman.com/docs/administration/roles-and-permissions;https://learning.postman.com/docs/collaborating-in-postman/using-workspaces/overview,,"{""https://docs.apifox.com/management-center.md"": [], ""https://docs.apifox.com/project-member-management.md"": [], ""https://docs.apifox.com/team-member-management.md"": [], ""https://docs.apifox.com/member-roles-and-permissions.md"": [""团队角色暂不支持自定义。"", ""“角色与权限”功能可以根据不同协作场景配置更精细的角色权限。目前仅支持自定义项目角色，团队角色和组织角色暂不支持自定义。"", ""自定义项目角色仅在[商业旗舰版](https://apifox.com/pricing)中提供。""], ""https://docs.apifox.com/team-collaboration.md"": [], ""https://docs.apifox.com/api-comments.md"": [""合理使用 `@` 功能可以确保团队成员及时关注到重要问题。目前评论的通知只支持邮件以及站内信，暂不支持通过飞书、企业微信等第三方渠道发送通知。""], ""https://learning.postman.com/docs/collaborating-in-postman/collaborate-in-postman-overview"": [], ""https://learning.postman.com/docs/administration/roles-and-permissions"": [""> Certain team options are only available with [paid plans](https://www.postman.com/pricing/). To learn which roles are available with your plan, go to your [web dashboard](https://go.postman.co/settings/team/roles).""], ""https://learning.postman.com/docs/collaborating-in-postman/using-workspaces/overview"": []}"
collaboration-010,collaboration,团队共享环境,服务端 + 桌面同步客户端,pending,https://docs.apifox.com/management-center.md;https://docs.apifox.com/project-member-management.md;https://docs.apifox.com/team-member-management.md;https://docs.apifox.com/member-roles-and-permissions.md;https://docs.apifox.com/team-collaboration.md;https://docs.apifox.com/api-comments.md,https://learning.postman.com/docs/collaborating-in-postman/collaborate-in-postman-overview;https://learning.postman.com/docs/administration/roles-and-permissions;https://learning.postman.com/docs/collaborating-in-postman/using-workspaces/overview,,"{""https://docs.apifox.com/management-center.md"": [], ""https://docs.apifox.com/project-member-management.md"": [], ""https://docs.apifox.com/team-member-management.md"": [], ""https://docs.apifox.com/member-roles-and-permissions.md"": [""团队角色暂不支持自定义。"", ""“角色与权限”功能可以根据不同协作场景配置更精细的角色权限。目前仅支持自定义项目角色，团队角色和组织角色暂不支持自定义。"", ""自定义项目角色仅在[商业旗舰版](https://apifox.com/pricing)中提供。""], ""https://docs.apifox.com/team-collaboration.md"": [], ""https://docs.apifox.com/api-comments.md"": [""合理使用 `@` 功能可以确保团队成员及时关注到重要问题。目前评论的通知只支持邮件以及站内信，暂不支持通过飞书、企业微信等第三方渠道发送通知。""], ""https://learning.postman.com/docs/collaborating-in-postman/collaborate-in-postman-overview"": [], ""https://learning.postman.com/docs/administration/roles-and-permissions"": [""> Certain team options are only available with [paid plans](https://www.postman.com/pricing/). To learn which roles are available with your plan, go to your [web dashboard](https://go.postman.co/settings/team/roles).""], ""https://learning.postman.com/docs/collaborating-in-postman/using-workspaces/overview"": []}"
collaboration-011,collaboration,资源转移/归档,服务端 + 桌面同步客户端,pending,https://docs.apifox.com/management-center.md;https://docs.apifox.com/project-member-management.md;https://docs.apifox.com/team-member-management.md;https://docs.apifox.com/member-roles-and-permissions.md;https://docs.apifox.com/team-collaboration.md;https://docs.apifox.com/api-comments.md,https://learning.postman.com/docs/collaborating-in-postman/collaborate-in-postman-overview;https://learning.postman.com/docs/administration/roles-and-permissions;https://learning.postman.com/docs/collaborating-in-postman/using-workspaces/overview,,"{""https://docs.apifox.com/management-center.md"": [], ""https://docs.apifox.com/project-member-management.md"": [], ""https://docs.apifox.com/team-member-management.md"": [], ""https://docs.apifox.com/member-roles-and-permissions.md"": [""团队角色暂不支持自定义。"", ""“角色与权限”功能可以根据不同协作场景配置更精细的角色权限。目前仅支持自定义项目角色，团队角色和组织角色暂不支持自定义。"", ""自定义项目角色仅在[商业旗舰版](https://apifox.com/pricing)中提供。""], ""https://docs.apifox.com/team-collaboration.md"": [], ""https://docs.apifox.com/api-comments.md"": [""合理使用 `@` 功能可以确保团队成员及时关注到重要问题。目前评论的通知只支持邮件以及站内信，暂不支持通过飞书、企业微信等第三方渠道发送通知。""], ""https://learning.postman.com/docs/collaborating-in-postman/collaborate-in-postman-overview"": [], ""https://learning.postman.com/docs/administration/roles-and-permissions"": [""> Certain team options are only available with [paid plans](https://www.postman.com/pricing/). To learn which roles are available with your plan, go to your [web dashboard](https://go.postman.co/settings/team/roles).""], ""https://learning.postman.com/docs/collaborating-in-postman/using-workspaces/overview"": []}"
collaboration-012,collaboration,公共/内部/伙伴工作区,服务端 + 桌面同步客户端,pending,https://docs.apifox.com/management-center.md;https://docs.apifox.com/project-member-management.md;https://docs.apifox.com/team-member-management.md;https://docs.apifox.com/member-roles-and-permissions.md;https://docs.apifox.com/team-collaboration.md;https://docs.apifox.com/api-comments.md,https://learning.postman.com/docs/collaborating-in-postman/collaborate-in-postman-overview;https://learning.postman.com/docs/administration/roles-and-permissions;https://learning.postman.com/docs/collaborating-in-postman/using-workspaces/overview,,"{""https://docs.apifox.com/management-center.md"": [], ""https://docs.apifox.com/project-member-management.md"": [], ""https://docs.apifox.com/team-member-management.md"": [], ""https://docs.apifox.com/member-roles-and-permissions.md"": [""团队角色暂不支持自定义。"", ""“角色与权限”功能可以根据不同协作场景配置更精细的角色权限。目前仅支持自定义项目角色，团队角色和组织角色暂不支持自定义。"", ""自定义项目角色仅在[商业旗舰版](https://apifox.com/pricing)中提供。""], ""https://docs.apifox.com/team-collaboration.md"": [], ""https://docs.apifox.com/api-comments.md"": [""合理使用 `@` 功能可以确保团队成员及时关注到重要问题。目前评论的通知只支持邮件以及站内信，暂不支持通过飞书、企业微信等第三方渠道发送通知。""], ""https://learning.postman.com/docs/collaborating-in-postman/collaborate-in-postman-overview"": [], ""https://learning.postman.com/docs/administration/roles-and-permissions"": [""> Certain team options are only available with [paid plans](https://www.postman.com/pricing/). To learn which roles are available with your plan, go to your [web dashboard](https://go.postman.co/settings/team/roles).""], ""https://learning.postman.com/docs/collaborating-in-postman/using-workspaces/overview"": []}"
versioning-001,versioning,创建/切换/管理分支,桌面 + 服务端,pending,https://docs.apifox.com/sprint-branch.md;https://docs.apifox.com/merge-sprint-branch.md;https://docs.apifox.com/api-history.md;https://docs.apifox.com/api-version.md;https://docs.apifox.com/7230090m0.md,https://learning.postman.com/docs/collaborating-in-postman/using-version-control/version-control-overview;https://learning.postman.com/docs/use/native-git/overview;https://learning.postman.com/docs/use/native-git/develop-locally;https://learning.postman.com/docs/use/native-git/collaborate,,"{""https://docs.apifox.com/sprint-branch.md"": [], ""https://docs.apifox.com/merge-sprint-branch.md"": [], ""https://docs.apifox.com/api-history.md"": [], ""https://docs.apifox.com/api-version.md"": [], ""https://docs.apifox.com/7230090m0.md"": [], ""https://learning.postman.com/docs/collaborating-in-postman/using-version-control/version-control-overview"": [], ""https://learning.postman.com/docs/use/native-git/overview"": [""> The Git-connected experience is available on the Postman desktop app only. If you don't see the option to connect to a Git repository, you're in the web app. Switch to the Postman desktop app to access this feature.""], ""https://learning.postman.com/docs/use/native-git/develop-locally"": [], ""https://learning.postman.com/docs/use/native-git/collaborate"": []}"
versioning-002,versioning,在分支编辑与测试,桌面 + 服务端,pending,https://docs.apifox.com/sprint-branch.md;https://docs.apifox.com/merge-sprint-branch.md;https://docs.apifox.com/api-history.md;https://docs.apifox.com/api-version.md;https://docs.apifox.com/7230090m0.md,https://learning.postman.com/docs/collaborating-in-postman/using-version-control/version-control-overview;https://learning.postman.com/docs/use/native-git/overview;https://learning.postman.com/docs/use/native-git/develop-locally;https://learning.postman.com/docs/use/native-git/collaborate,,"{""https://docs.apifox.com/sprint-branch.md"": [], ""https://docs.apifox.com/merge-sprint-branch.md"": [], ""https://docs.apifox.com/api-history.md"": [], ""https://docs.apifox.com/api-version.md"": [], ""https://docs.apifox.com/7230090m0.md"": [], ""https://learning.postman.com/docs/collaborating-in-postman/using-version-control/version-control-overview"": [], ""https://learning.postman.com/docs/use/native-git/overview"": [""> The Git-connected experience is available on the Postman desktop app only. If you don't see the option to connect to a Git repository, you're in the web app. Switch to the Postman desktop app to access this feature.""], ""https://learning.postman.com/docs/use/native-git/develop-locally"": [], ""https://learning.postman.com/docs/use/native-git/collaborate"": []}"
versioning-003,versioning,Diff 对比与合并冲突,桌面 + 服务端,pending,https://docs.apifox.com/sprint-branch.md;https://docs.apifox.com/merge-sprint-branch.md;https://docs.apifox.com/api-history.md;https://docs.apifox.com/api-version.md;https://docs.apifox.com/7230090m0.md,https://learning.postman.com/docs/collaborating-in-postman/using-version-control/version-control-overview;https://learning.postman.com/docs/use/native-git/overview;https://learning.postman.com/docs/use/native-git/develop-locally;https://learning.postman.com/docs/use/native-git/collaborate,,"{""https://docs.apifox.com/sprint-branch.md"": [], ""https://docs.apifox.com/merge-sprint-branch.md"": [], ""https://docs.apifox.com/api-history.md"": [], ""https://docs.apifox.com/api-version.md"": [], ""https://docs.apifox.com/7230090m0.md"": [], ""https://learning.postman.com/docs/collaborating-in-postman/using-version-control/version-control-overview"": [], ""https://learning.postman.com/docs/use/native-git/overview"": [""> The Git-connected experience is available on the Postman desktop app only. If you don't see the option to connect to a Git repository, you're in the web app. Switch to the Postman desktop app to access this feature.""], ""https://learning.postman.com/docs/use/native-git/develop-locally"": [], ""https://learning.postman.com/docs/use/native-git/collaborate"": []}"
versioning-004,versioning,合并审查/Pull Request,桌面 + 服务端,pending,https://docs.apifox.com/sprint-branch.md;https://docs.apifox.com/merge-sprint-branch.md;https://docs.apifox.com/api-history.md;https://docs.apifox.com/api-version.md;https://docs.apifox.com/7230090m0.md,https://learning.postman.com/docs/collaborating-in-postman/using-version-control/version-control-overview;https://learning.postman.com/docs/use/native-git/overview;https://learning.postman.com/docs/use/native-git/develop-locally;https://learning.postman.com/docs/use/native-git/collaborate,,"{""https://docs.apifox.com/sprint-branch.md"": [], ""https://docs.apifox.com/merge-sprint-branch.md"": [], ""https://docs.apifox.com/api-history.md"": [], ""https://docs.apifox.com/api-version.md"": [], ""https://docs.apifox.com/7230090m0.md"": [], ""https://learning.postman.com/docs/collaborating-in-postman/using-version-control/version-control-overview"": [], ""https://learning.postman.com/docs/use/native-git/overview"": [""> The Git-connected experience is available on the Postman desktop app only. If you don't see the option to connect to a Git repository, you're in the web app. Switch to the Postman desktop app to access this feature.""], ""https://learning.postman.com/docs/use/native-git/develop-locally"": [], ""https://learning.postman.com/docs/use/native-git/collaborate"": []}"
versioning-005,versioning,Fork/拉取上游,桌面 + 服务端,pending,https://docs.apifox.com/sprint-branch.md;https://docs.apifox.com/merge-sprint-branch.md;https://docs.apifox.com/api-history.md;https://docs.apifox.com/api-version.md;https://docs.apifox.com/7230090m0.md,https://learning.postman.com/docs/collaborating-in-postman/using-version-control/version-control-overview;https://learning.postman.com/docs/use/native-git/overview;https://learning.postman.com/docs/use/native-git/develop-locally;https://learning.postman.com/docs/use/native-git/collaborate,,"{""https://docs.apifox.com/sprint-branch.md"": [], ""https://docs.apifox.com/merge-sprint-branch.md"": [], ""https://docs.apifox.com/api-history.md"": [], ""https://docs.apifox.com/api-version.md"": [], ""https://docs.apifox.com/7230090m0.md"": [], ""https://learning.postman.com/docs/collaborating-in-postman/using-version-control/version-control-overview"": [], ""https://learning.postman.com/docs/use/native-git/overview"": [""> The Git-connected experience is available on the Postman desktop app only. If you don't see the option to connect to a Git repository, you're in the web app. Switch to the Postman desktop app to access this feature.""], ""https://learning.postman.com/docs/use/native-git/develop-locally"": [], ""https://learning.postman.com/docs/use/native-git/collaborate"": []}"
versioning-006,versioning,资源版本历史与恢复,桌面 + 服务端,pending,https://docs.apifox.com/sprint-branch.md;https://docs.apifox.com/merge-sprint-branch.md;https://docs.apifox.com/api-history.md;https://docs.apifox.com/api-version.md;https://docs.apifox.com/7230090m0.md,https://learning.postman.com/docs/collaborating-in-postman/using-version-control/version-control-overview;https://learning.postman.com/docs/use/native-git/overview;https://learning.postman.com/docs/use/native-git/develop-locally;https://learning.postman.com/docs/use/native-git/collaborate,,"{""https://docs.apifox.com/sprint-branch.md"": [], ""https://docs.apifox.com/merge-sprint-branch.md"": [], ""https://docs.apifox.com/api-history.md"": [], ""https://docs.apifox.com/api-version.md"": [], ""https://docs.apifox.com/7230090m0.md"": [], ""https://learning.postman.com/docs/collaborating-in-postman/using-version-control/version-control-overview"": [], ""https://learning.postman.com/docs/use/native-git/overview"": [""> The Git-connected experience is available on the Postman desktop app only. If you don't see the option to connect to a Git repository, you're in the web app. Switch to the Postman desktop app to access this feature.""], ""https://learning.postman.com/docs/use/native-git/develop-locally"": [], ""https://learning.postman.com/docs/use/native-git/collaborate"": []}"
versioning-007,versioning,API 发布版本标签,桌面 + 服务端,pending,https://docs.apifox.com/sprint-branch.md;https://docs.apifox.com/merge-sprint-branch.md;https://docs.apifox.com/api-history.md;https://docs.apifox.com/api-version.md;https://docs.apifox.com/7230090m0.md,https://learning.postman.com/docs/collaborating-in-postman/using-version-control/version-control-overview;https://learning.postman.com/docs/use/native-git/overview;https://learning.postman.com/docs/use/native-git/develop-locally;https://learning.postman.com/docs/use/native-git/collaborate,,"{""https://docs.apifox.com/sprint-branch.md"": [], ""https://docs.apifox.com/merge-sprint-branch.md"": [], ""https://docs.apifox.com/api-history.md"": [], ""https://docs.apifox.com/api-version.md"": [], ""https://docs.apifox.com/7230090m0.md"": [], ""https://learning.postman.com/docs/collaborating-in-postman/using-version-control/version-control-overview"": [], ""https://learning.postman.com/docs/use/native-git/overview"": [""> The Git-connected experience is available on the Postman desktop app only. If you don't see the option to connect to a Git repository, you're in the web app. Switch to the Postman desktop app to access this feature.""], ""https://learning.postman.com/docs/use/native-git/develop-locally"": [], ""https://learning.postman.com/docs/use/native-git/collaborate"": []}"
versioning-008,versioning,Git 连接/提交/拉取/推送,桌面 + 服务端,pending,https://docs.apifox.com/sprint-branch.md;https://docs.apifox.com/merge-sprint-branch.md;https://docs.apifox.com/api-history.md;https://docs.apifox.com/api-version.md;https://docs.apifox.com/7230090m0.md,https://learning.postman.com/docs/collaborating-in-postman/using-version-control/version-control-overview;https://learning.postman.com/docs/use/native-git/overview;https://learning.postman.com/docs/use/native-git/develop-locally;https://learning.postman.com/docs/use/native-git/collaborate,,"{""https://docs.apifox.com/sprint-branch.md"": [], ""https://docs.apifox.com/merge-sprint-branch.md"": [], ""https://docs.apifox.com/api-history.md"": [], ""https://docs.apifox.com/api-version.md"": [], ""https://docs.apifox.com/7230090m0.md"": [], ""https://learning.postman.com/docs/collaborating-in-postman/using-version-control/version-control-overview"": [], ""https://learning.postman.com/docs/use/native-git/overview"": [""> The Git-connected experience is available on the Postman desktop app only. If you don't see the option to connect to a Git repository, you're in the web app. Switch to the Postman desktop app to access this feature.""], ""https://learning.postman.com/docs/use/native-git/develop-locally"": [], ""https://learning.postman.com/docs/use/native-git/collaborate"": []}"
versioning-009,versioning,本地 Git 目录与云同步边界,桌面 + 服务端,pending,https://docs.apifox.com/sprint-branch.md;https://docs.apifox.com/merge-sprint-branch.md;https://docs.apifox.com/api-history.md;https://docs.apifox.com/api-version.md;https://docs.apifox.com/7230090m0.md,https://learning.postman.com/docs/collaborating-in-postman/using-version-control/version-control-overview;https://learning.postman.com/docs/use/native-git/overview;https://learning.postman.com/docs/use/native-git/develop-locally;https://learning.postman.com/docs/use/native-git/collaborate,,"{""https://docs.apifox.com/sprint-branch.md"": [], ""https://docs.apifox.com/merge-sprint-branch.md"": [], ""https://docs.apifox.com/api-history.md"": [], ""https://docs.apifox.com/api-version.md"": [], ""https://docs.apifox.com/7230090m0.md"": [], ""https://learning.postman.com/docs/collaborating-in-postman/using-version-control/version-control-overview"": [], ""https://learning.postman.com/docs/use/native-git/overview"": [""> The Git-connected experience is available on the Postman desktop app only. If you don't see the option to connect to a Git repository, you're in the web app. Switch to the Postman desktop app to access this feature.""], ""https://learning.postman.com/docs/use/native-git/develop-locally"": [], ""https://learning.postman.com/docs/use/native-git/collaborate"": []}"
interchange-001,interchange,OpenAPI/Swagger JSON/YAML,桌面 + 服务端,pending,https://docs.apifox.com/import-and-export.md;https://docs.apifox.com/manual-import.md;https://docs.apifox.com/export-data.md;https://docs.apifox.com/scheduled-import.md,https://learning.postman.com/docs/getting-started/importing-and-exporting/importing-data;https://learning.postman.com/docs/getting-started/importing-and-exporting/exporting-data,,"{""https://docs.apifox.com/import-and-export.md"": [""Apifox 支持批量导入 Markdown 文档，但不支持将 Markdown 识别为 API 定义 *（<Tooltip tip=\""也称 OpenAPI/Swagger 规范，在 Apifox 中表示接口文档。\"">API specification</Tooltip>）* 。了解更多关于[导入 Markdown](https://docs.apifox.com/import-markdown.md) 的信息。""], ""https://docs.apifox.com/manual-import.md"": [], ""https://docs.apifox.com/export-data.md"": [""当多个 API 使用相同的方法和路径时，可能会发生这种情况。HTML 和 Markdown 是通过 OpenAPI 数据转换导出的，OpenAPI 不支持多个 API 共享相同的方法和路径。"", ""Apifox 目前不支持直接导出为 PDF 或 Word 格式，但你可以先导出为 Markdown 格式，然后使用外部工具进行转换。比如，Typora 可以将 Markdown 转换为 PDF、Word、Epub 等格式。""], ""https://docs.apifox.com/scheduled-import.md"": [], ""https://learning.postman.com/docs/getting-started/importing-and-exporting/importing-data"": [], ""https://learning.postman.com/docs/getting-started/importing-and-exporting/exporting-data"": []}"
interchange-002,interchange,Postman Collection 2.0/2.1 JSON,桌面 + 服务端,pending,https://docs.apifox.com/import-and-export.md;https://docs.apifox.com/manual-import.md;https://docs.apifox.com/export-data.md;https://docs.apifox.com/scheduled-import.md,https://learning.postman.com/docs/getting-started/importing-and-exporting/importing-data;https://learning.postman.com/docs/getting-started/importing-and-exporting/exporting-data,,"{""https://docs.apifox.com/import-and-export.md"": [""Apifox 支持批量导入 Markdown 文档，但不支持将 Markdown 识别为 API 定义 *（<Tooltip tip=\""也称 OpenAPI/Swagger 规范，在 Apifox 中表示接口文档。\"">API specification</Tooltip>）* 。了解更多关于[导入 Markdown](https://docs.apifox.com/import-markdown.md) 的信息。""], ""https://docs.apifox.com/manual-import.md"": [], ""https://docs.apifox.com/export-data.md"": [""当多个 API 使用相同的方法和路径时，可能会发生这种情况。HTML 和 Markdown 是通过 OpenAPI 数据转换导出的，OpenAPI 不支持多个 API 共享相同的方法和路径。"", ""Apifox 目前不支持直接导出为 PDF 或 Word 格式，但你可以先导出为 Markdown 格式，然后使用外部工具进行转换。比如，Typora 可以将 Markdown 转换为 PDF、Word、Epub 等格式。""], ""https://docs.apifox.com/scheduled-import.md"": [], ""https://learning.postman.com/docs/getting-started/importing-and-exporting/importing-data"": [], ""https://learning.postman.com/docs/getting-started/importing-and-exporting/exporting-data"": []}"
interchange-003,interchange,Postman Collection 3.0 多文件 YAML,桌面 + 服务端,pending,https://docs.apifox.com/import-and-export.md;https://docs.apifox.com/manual-import.md;https://docs.apifox.com/export-data.md;https://docs.apifox.com/scheduled-import.md,https://learning.postman.com/docs/getting-started/importing-and-exporting/importing-data;https://learning.postman.com/docs/getting-started/importing-and-exporting/exporting-data,,"{""https://docs.apifox.com/import-and-export.md"": [""Apifox 支持批量导入 Markdown 文档，但不支持将 Markdown 识别为 API 定义 *（<Tooltip tip=\""也称 OpenAPI/Swagger 规范，在 Apifox 中表示接口文档。\"">API specification</Tooltip>）* 。了解更多关于[导入 Markdown](https://docs.apifox.com/import-markdown.md) 的信息。""], ""https://docs.apifox.com/manual-import.md"": [], ""https://docs.apifox.com/export-data.md"": [""当多个 API 使用相同的方法和路径时，可能会发生这种情况。HTML 和 Markdown 是通过 OpenAPI 数据转换导出的，OpenAPI 不支持多个 API 共享相同的方法和路径。"", ""Apifox 目前不支持直接导出为 PDF 或 Word 格式，但你可以先导出为 Markdown 格式，然后使用外部工具进行转换。比如，Typora 可以将 Markdown 转换为 PDF、Word、Epub 等格式。""], ""https://docs.apifox.com/scheduled-import.md"": [], ""https://learning.postman.com/docs/getting-started/importing-and-exporting/importing-data"": [], ""https://learning.postman.com/docs/getting-started/importing-and-exporting/exporting-data"": []}"
interchange-004,interchange,环境/全局变量导入导出,桌面 + 服务端,pending,https://docs.apifox.com/import-and-export.md;https://docs.apifox.com/manual-import.md;https://docs.apifox.com/export-data.md;https://docs.apifox.com/scheduled-import.md,https://learning.postman.com/docs/getting-started/importing-and-exporting/importing-data;https://learning.postman.com/docs/getting-started/importing-and-exporting/exporting-data,,"{""https://docs.apifox.com/import-and-export.md"": [""Apifox 支持批量导入 Markdown 文档，但不支持将 Markdown 识别为 API 定义 *（<Tooltip tip=\""也称 OpenAPI/Swagger 规范，在 Apifox 中表示接口文档。\"">API specification</Tooltip>）* 。了解更多关于[导入 Markdown](https://docs.apifox.com/import-markdown.md) 的信息。""], ""https://docs.apifox.com/manual-import.md"": [], ""https://docs.apifox.com/export-data.md"": [""当多个 API 使用相同的方法和路径时，可能会发生这种情况。HTML 和 Markdown 是通过 OpenAPI 数据转换导出的，OpenAPI 不支持多个 API 共享相同的方法和路径。"", ""Apifox 目前不支持直接导出为 PDF 或 Word 格式，但你可以先导出为 Markdown 格式，然后使用外部工具进行转换。比如，Typora 可以将 Markdown 转换为 PDF、Word、Epub 等格式。""], ""https://docs.apifox.com/scheduled-import.md"": [], ""https://learning.postman.com/docs/getting-started/importing-and-exporting/importing-data"": [], ""https://learning.postman.com/docs/getting-started/importing-and-exporting/exporting-data"": []}"
interchange-005,interchange,cURL 导入,桌面 + 服务端,pending,https://docs.apifox.com/import-and-export.md;https://docs.apifox.com/manual-import.md;https://docs.apifox.com/export-data.md;https://docs.apifox.com/scheduled-import.md,https://learning.postman.com/docs/getting-started/importing-and-exporting/importing-data;https://learning.postman.com/docs/getting-started/importing-and-exporting/exporting-data,,"{""https://docs.apifox.com/import-and-export.md"": [""Apifox 支持批量导入 Markdown 文档，但不支持将 Markdown 识别为 API 定义 *（<Tooltip tip=\""也称 OpenAPI/Swagger 规范，在 Apifox 中表示接口文档。\"">API specification</Tooltip>）* 。了解更多关于[导入 Markdown](https://docs.apifox.com/import-markdown.md) 的信息。""], ""https://docs.apifox.com/manual-import.md"": [], ""https://docs.apifox.com/export-data.md"": [""当多个 API 使用相同的方法和路径时，可能会发生这种情况。HTML 和 Markdown 是通过 OpenAPI 数据转换导出的，OpenAPI 不支持多个 API 共享相同的方法和路径。"", ""Apifox 目前不支持直接导出为 PDF 或 Word 格式，但你可以先导出为 Markdown 格式，然后使用外部工具进行转换。比如，Typora 可以将 Markdown 转换为 PDF、Word、Epub 等格式。""], ""https://docs.apifox.com/scheduled-import.md"": [], ""https://learning.postman.com/docs/getting-started/importing-and-exporting/importing-data"": [], ""https://learning.postman.com/docs/getting-started/importing-and-exporting/exporting-data"": []}"
interchange-006,interchange,HAR 导入,桌面 + 服务端,pending,https://docs.apifox.com/import-and-export.md;https://docs.apifox.com/manual-import.md;https://docs.apifox.com/export-data.md;https://docs.apifox.com/scheduled-import.md,https://learning.postman.com/docs/getting-started/importing-and-exporting/importing-data;https://learning.postman.com/docs/getting-started/importing-and-exporting/exporting-data,,"{""https://docs.apifox.com/import-and-export.md"": [""Apifox 支持批量导入 Markdown 文档，但不支持将 Markdown 识别为 API 定义 *（<Tooltip tip=\""也称 OpenAPI/Swagger 规范，在 Apifox 中表示接口文档。\"">API specification</Tooltip>）* 。了解更多关于[导入 Markdown](https://docs.apifox.com/import-markdown.md) 的信息。""], ""https://docs.apifox.com/manual-import.md"": [], ""https://docs.apifox.com/export-data.md"": [""当多个 API 使用相同的方法和路径时，可能会发生这种情况。HTML 和 Markdown 是通过 OpenAPI 数据转换导出的，OpenAPI 不支持多个 API 共享相同的方法和路径。"", ""Apifox 目前不支持直接导出为 PDF 或 Word 格式，但你可以先导出为 Markdown 格式，然后使用外部工具进行转换。比如，Typora 可以将 Markdown 转换为 PDF、Word、Epub 等格式。""], ""https://docs.apifox.com/scheduled-import.md"": [], ""https://learning.postman.com/docs/getting-started/importing-and-exporting/importing-data"": [], ""https://learning.postman.com/docs/getting-started/importing-and-exporting/exporting-data"": []}"
interchange-007,interchange,文件/文件夹/URL 数据源,桌面 + 服务端,pending,https://docs.apifox.com/import-and-export.md;https://docs.apifox.com/manual-import.md;https://docs.apifox.com/export-data.md;https://docs.apifox.com/scheduled-import.md,https://learning.postman.com/docs/getting-started/importing-and-exporting/importing-data;https://learning.postman.com/docs/getting-started/importing-and-exporting/exporting-data,,"{""https://docs.apifox.com/import-and-export.md"": [""Apifox 支持批量导入 Markdown 文档，但不支持将 Markdown 识别为 API 定义 *（<Tooltip tip=\""也称 OpenAPI/Swagger 规范，在 Apifox 中表示接口文档。\"">API specification</Tooltip>）* 。了解更多关于[导入 Markdown](https://docs.apifox.com/import-markdown.md) 的信息。""], ""https://docs.apifox.com/manual-import.md"": [], ""https://docs.apifox.com/export-data.md"": [""当多个 API 使用相同的方法和路径时，可能会发生这种情况。HTML 和 Markdown 是通过 OpenAPI 数据转换导出的，OpenAPI 不支持多个 API 共享相同的方法和路径。"", ""Apifox 目前不支持直接导出为 PDF 或 Word 格式，但你可以先导出为 Markdown 格式，然后使用外部工具进行转换。比如，Typora 可以将 Markdown 转换为 PDF、Word、Epub 等格式。""], ""https://docs.apifox.com/scheduled-import.md"": [], ""https://learning.postman.com/docs/getting-started/importing-and-exporting/importing-data"": [], ""https://learning.postman.com/docs/getting-started/importing-and-exporting/exporting-data"": []}"
interchange-008,interchange,Git 数据源,桌面 + 服务端,pending,https://docs.apifox.com/import-and-export.md;https://docs.apifox.com/manual-import.md;https://docs.apifox.com/export-data.md;https://docs.apifox.com/scheduled-import.md,https://learning.postman.com/docs/getting-started/importing-and-exporting/importing-data;https://learning.postman.com/docs/getting-started/importing-and-exporting/exporting-data,,"{""https://docs.apifox.com/import-and-export.md"": [""Apifox 支持批量导入 Markdown 文档，但不支持将 Markdown 识别为 API 定义 *（<Tooltip tip=\""也称 OpenAPI/Swagger 规范，在 Apifox 中表示接口文档。\"">API specification</Tooltip>）* 。了解更多关于[导入 Markdown](https://docs.apifox.com/import-markdown.md) 的信息。""], ""https://docs.apifox.com/manual-import.md"": [], ""https://docs.apifox.com/export-data.md"": [""当多个 API 使用相同的方法和路径时，可能会发生这种情况。HTML 和 Markdown 是通过 OpenAPI 数据转换导出的，OpenAPI 不支持多个 API 共享相同的方法和路径。"", ""Apifox 目前不支持直接导出为 PDF 或 Word 格式，但你可以先导出为 Markdown 格式，然后使用外部工具进行转换。比如，Typora 可以将 Markdown 转换为 PDF、Word、Epub 等格式。""], ""https://docs.apifox.com/scheduled-import.md"": [], ""https://learning.postman.com/docs/getting-started/importing-and-exporting/importing-data"": [], ""https://learning.postman.com/docs/getting-started/importing-and-exporting/exporting-data"": []}"
interchange-009,interchange,定时导入/绑定规范源,桌面 + 服务端,pending,https://docs.apifox.com/import-and-export.md;https://docs.apifox.com/manual-import.md;https://docs.apifox.com/export-data.md;https://docs.apifox.com/scheduled-import.md,https://learning.postman.com/docs/getting-started/importing-and-exporting/importing-data;https://learning.postman.com/docs/getting-started/importing-and-exporting/exporting-data,,"{""https://docs.apifox.com/import-and-export.md"": [""Apifox 支持批量导入 Markdown 文档，但不支持将 Markdown 识别为 API 定义 *（<Tooltip tip=\""也称 OpenAPI/Swagger 规范，在 Apifox 中表示接口文档。\"">API specification</Tooltip>）* 。了解更多关于[导入 Markdown](https://docs.apifox.com/import-markdown.md) 的信息。""], ""https://docs.apifox.com/manual-import.md"": [], ""https://docs.apifox.com/export-data.md"": [""当多个 API 使用相同的方法和路径时，可能会发生这种情况。HTML 和 Markdown 是通过 OpenAPI 数据转换导出的，OpenAPI 不支持多个 API 共享相同的方法和路径。"", ""Apifox 目前不支持直接导出为 PDF 或 Word 格式，但你可以先导出为 Markdown 格式，然后使用外部工具进行转换。比如，Typora 可以将 Markdown 转换为 PDF、Word、Epub 等格式。""], ""https://docs.apifox.com/scheduled-import.md"": [], ""https://learning.postman.com/docs/getting-started/importing-and-exporting/importing-data"": [], ""https://learning.postman.com/docs/getting-started/importing-and-exporting/exporting-data"": []}"
interchange-010,interchange,导入合并/覆盖规则,桌面 + 服务端,pending,https://docs.apifox.com/import-and-export.md;https://docs.apifox.com/manual-import.md;https://docs.apifox.com/export-data.md;https://docs.apifox.com/scheduled-import.md,https://learning.postman.com/docs/getting-started/importing-and-exporting/importing-data;https://learning.postman.com/docs/getting-started/importing-and-exporting/exporting-data,,"{""https://docs.apifox.com/import-and-export.md"": [""Apifox 支持批量导入 Markdown 文档，但不支持将 Markdown 识别为 API 定义 *（<Tooltip tip=\""也称 OpenAPI/Swagger 规范，在 Apifox 中表示接口文档。\"">API specification</Tooltip>）* 。了解更多关于[导入 Markdown](https://docs.apifox.com/import-markdown.md) 的信息。""], ""https://docs.apifox.com/manual-import.md"": [], ""https://docs.apifox.com/export-data.md"": [""当多个 API 使用相同的方法和路径时，可能会发生这种情况。HTML 和 Markdown 是通过 OpenAPI 数据转换导出的，OpenAPI 不支持多个 API 共享相同的方法和路径。"", ""Apifox 目前不支持直接导出为 PDF 或 Word 格式，但你可以先导出为 Markdown 格式，然后使用外部工具进行转换。比如，Typora 可以将 Markdown 转换为 PDF、Word、Epub 等格式。""], ""https://docs.apifox.com/scheduled-import.md"": [], ""https://learning.postman.com/docs/getting-started/importing-and-exporting/importing-data"": [], ""https://learning.postman.com/docs/getting-started/importing-and-exporting/exporting-data"": []}"
interchange-011,interchange,规范/用例/示例/脚本保真,桌面 + 服务端,pending,https://docs.apifox.com/import-and-export.md;https://docs.apifox.com/manual-import.md;https://docs.apifox.com/export-data.md;https://docs.apifox.com/scheduled-import.md,https://learning.postman.com/docs/getting-started/importing-and-exporting/importing-data;https://learning.postman.com/docs/getting-started/importing-and-exporting/exporting-data,,"{""https://docs.apifox.com/import-and-export.md"": [""Apifox 支持批量导入 Markdown 文档，但不支持将 Markdown 识别为 API 定义 *（<Tooltip tip=\""也称 OpenAPI/Swagger 规范，在 Apifox 中表示接口文档。\"">API specification</Tooltip>）* 。了解更多关于[导入 Markdown](https://docs.apifox.com/import-markdown.md) 的信息。""], ""https://docs.apifox.com/manual-import.md"": [], ""https://docs.apifox.com/export-data.md"": [""当多个 API 使用相同的方法和路径时，可能会发生这种情况。HTML 和 Markdown 是通过 OpenAPI 数据转换导出的，OpenAPI 不支持多个 API 共享相同的方法和路径。"", ""Apifox 目前不支持直接导出为 PDF 或 Word 格式，但你可以先导出为 Markdown 格式，然后使用外部工具进行转换。比如，Typora 可以将 Markdown 转换为 PDF、Word、Epub 等格式。""], ""https://docs.apifox.com/scheduled-import.md"": [], ""https://learning.postman.com/docs/getting-started/importing-and-exporting/importing-data"": [], ""https://learning.postman.com/docs/getting-started/importing-and-exporting/exporting-data"": []}"
interchange-012,interchange,敏感值导出选择,桌面 + 服务端,pending,https://docs.apifox.com/import-and-export.md;https://docs.apifox.com/manual-import.md;https://docs.apifox.com/export-data.md;https://docs.apifox.com/scheduled-import.md,https://learning.postman.com/docs/getting-started/importing-and-exporting/importing-data;https://learning.postman.com/docs/getting-started/importing-and-exporting/exporting-data,,"{""https://docs.apifox.com/import-and-export.md"": [""Apifox 支持批量导入 Markdown 文档，但不支持将 Markdown 识别为 API 定义 *（<Tooltip tip=\""也称 OpenAPI/Swagger 规范，在 Apifox 中表示接口文档。\"">API specification</Tooltip>）* 。了解更多关于[导入 Markdown](https://docs.apifox.com/import-markdown.md) 的信息。""], ""https://docs.apifox.com/manual-import.md"": [], ""https://docs.apifox.com/export-data.md"": [""当多个 API 使用相同的方法和路径时，可能会发生这种情况。HTML 和 Markdown 是通过 OpenAPI 数据转换导出的，OpenAPI 不支持多个 API 共享相同的方法和路径。"", ""Apifox 目前不支持直接导出为 PDF 或 Word 格式，但你可以先导出为 Markdown 格式，然后使用外部工具进行转换。比如，Typora 可以将 Markdown 转换为 PDF、Word、Epub 等格式。""], ""https://docs.apifox.com/scheduled-import.md"": [], ""https://learning.postman.com/docs/getting-started/importing-and-exporting/importing-data"": [], ""https://learning.postman.com/docs/getting-started/importing-and-exporting/exporting-data"": []}"
interchange-013,interchange,数据备份与恢复,桌面 + 服务端,pending,https://docs.apifox.com/import-and-export.md;https://docs.apifox.com/manual-import.md;https://docs.apifox.com/export-data.md;https://docs.apifox.com/scheduled-import.md,https://learning.postman.com/docs/getting-started/importing-and-exporting/importing-data;https://learning.postman.com/docs/getting-started/importing-and-exporting/exporting-data,,"{""https://docs.apifox.com/import-and-export.md"": [""Apifox 支持批量导入 Markdown 文档，但不支持将 Markdown 识别为 API 定义 *（<Tooltip tip=\""也称 OpenAPI/Swagger 规范，在 Apifox 中表示接口文档。\"">API specification</Tooltip>）* 。了解更多关于[导入 Markdown](https://docs.apifox.com/import-markdown.md) 的信息。""], ""https://docs.apifox.com/manual-import.md"": [], ""https://docs.apifox.com/export-data.md"": [""当多个 API 使用相同的方法和路径时，可能会发生这种情况。HTML 和 Markdown 是通过 OpenAPI 数据转换导出的，OpenAPI 不支持多个 API 共享相同的方法和路径。"", ""Apifox 目前不支持直接导出为 PDF 或 Word 格式，但你可以先导出为 Markdown 格式，然后使用外部工具进行转换。比如，Typora 可以将 Markdown 转换为 PDF、Word、Epub 等格式。""], ""https://docs.apifox.com/scheduled-import.md"": [], ""https://learning.postman.com/docs/getting-started/importing-and-exporting/importing-data"": [], ""https://learning.postman.com/docs/getting-started/importing-and-exporting/exporting-data"": []}"
interchange-014,interchange,Insomnia,桌面 + 服务端,pending,https://docs.apifox.com/import-insomnia.md;https://docs.apifox.com/import-markdown.md;https://docs.apifox.com/import-apidoc.md;https://docs.apifox.com/import-apipost.md;https://docs.apifox.com/import-eolink.md;https://docs.apifox.com/import-knife4j.md;https://docs.apifox.com/import-nei.md;https://docs.apifox.com/import-docway.md;https://docs.apifox.com/import-apizza.md;https://docs.apifox.com/import-wsdl.md,,,"{""https://docs.apifox.com/import-insomnia.md"": [], ""https://docs.apifox.com/import-markdown.md"": [], ""https://docs.apifox.com/import-apidoc.md"": [], ""https://docs.apifox.com/import-apipost.md"": [], ""https://docs.apifox.com/import-eolink.md"": [], ""https://docs.apifox.com/import-knife4j.md"": [], ""https://docs.apifox.com/import-nei.md"": [], ""https://docs.apifox.com/import-docway.md"": [], ""https://docs.apifox.com/import-apizza.md"": [], ""https://docs.apifox.com/import-wsdl.md"": []}"
interchange-015,interchange,Markdown/apiDoc,桌面 + 服务端,pending,https://docs.apifox.com/import-insomnia.md;https://docs.apifox.com/import-markdown.md;https://docs.apifox.com/import-apidoc.md;https://docs.apifox.com/import-apipost.md;https://docs.apifox.com/import-eolink.md;https://docs.apifox.com/import-knife4j.md;https://docs.apifox.com/import-nei.md;https://docs.apifox.com/import-docway.md;https://docs.apifox.com/import-apizza.md;https://docs.apifox.com/import-wsdl.md,,,"{""https://docs.apifox.com/import-insomnia.md"": [], ""https://docs.apifox.com/import-markdown.md"": [], ""https://docs.apifox.com/import-apidoc.md"": [], ""https://docs.apifox.com/import-apipost.md"": [], ""https://docs.apifox.com/import-eolink.md"": [], ""https://docs.apifox.com/import-knife4j.md"": [], ""https://docs.apifox.com/import-nei.md"": [], ""https://docs.apifox.com/import-docway.md"": [], ""https://docs.apifox.com/import-apizza.md"": [], ""https://docs.apifox.com/import-wsdl.md"": []}"
interchange-016,interchange,Apipost/Eolink/Knife4j,桌面 + 服务端,pending,https://docs.apifox.com/import-insomnia.md;https://docs.apifox.com/import-markdown.md;https://docs.apifox.com/import-apidoc.md;https://docs.apifox.com/import-apipost.md;https://docs.apifox.com/import-eolink.md;https://docs.apifox.com/import-knife4j.md;https://docs.apifox.com/import-nei.md;https://docs.apifox.com/import-docway.md;https://docs.apifox.com/import-apizza.md;https://docs.apifox.com/import-wsdl.md,,,"{""https://docs.apifox.com/import-insomnia.md"": [], ""https://docs.apifox.com/import-markdown.md"": [], ""https://docs.apifox.com/import-apidoc.md"": [], ""https://docs.apifox.com/import-apipost.md"": [], ""https://docs.apifox.com/import-eolink.md"": [], ""https://docs.apifox.com/import-knife4j.md"": [], ""https://docs.apifox.com/import-nei.md"": [], ""https://docs.apifox.com/import-docway.md"": [], ""https://docs.apifox.com/import-apizza.md"": [], ""https://docs.apifox.com/import-wsdl.md"": []}"
interchange-017,interchange,NEI/docway/Apizza,桌面 + 服务端,pending,https://docs.apifox.com/import-insomnia.md;https://docs.apifox.com/import-markdown.md;https://docs.apifox.com/import-apidoc.md;https://docs.apifox.com/import-apipost.md;https://docs.apifox.com/import-eolink.md;https://docs.apifox.com/import-knife4j.md;https://docs.apifox.com/import-nei.md;https://docs.apifox.com/import-docway.md;https://docs.apifox.com/import-apizza.md;https://docs.apifox.com/import-wsdl.md,,,"{""https://docs.apifox.com/import-insomnia.md"": [], ""https://docs.apifox.com/import-markdown.md"": [], ""https://docs.apifox.com/import-apidoc.md"": [], ""https://docs.apifox.com/import-apipost.md"": [], ""https://docs.apifox.com/import-eolink.md"": [], ""https://docs.apifox.com/import-knife4j.md"": [], ""https://docs.apifox.com/import-nei.md"": [], ""https://docs.apifox.com/import-docway.md"": [], ""https://docs.apifox.com/import-apizza.md"": [], ""https://docs.apifox.com/import-wsdl.md"": []}"
interchange-018,interchange,WSDL,桌面 + 服务端,pending,https://docs.apifox.com/import-insomnia.md;https://docs.apifox.com/import-markdown.md;https://docs.apifox.com/import-apidoc.md;https://docs.apifox.com/import-apipost.md;https://docs.apifox.com/import-eolink.md;https://docs.apifox.com/import-knife4j.md;https://docs.apifox.com/import-nei.md;https://docs.apifox.com/import-docway.md;https://docs.apifox.com/import-apizza.md;https://docs.apifox.com/import-wsdl.md,,,"{""https://docs.apifox.com/import-insomnia.md"": [], ""https://docs.apifox.com/import-markdown.md"": [], ""https://docs.apifox.com/import-apidoc.md"": [], ""https://docs.apifox.com/import-apipost.md"": [], ""https://docs.apifox.com/import-eolink.md"": [], ""https://docs.apifox.com/import-knife4j.md"": [], ""https://docs.apifox.com/import-nei.md"": [], ""https://docs.apifox.com/import-docway.md"": [], ""https://docs.apifox.com/import-apizza.md"": [], ""https://docs.apifox.com/import-wsdl.md"": []}"
cli-001,cli,命令行登录与资源管理,桌面 + 服务端,pending,https://docs.apifox.com/apifox-cli.md;https://docs.apifox.com/cli-command-options.md;https://docs.apifox.com/cicd.md;https://docs.apifox.com/git-commit-triggered-testing.md;https://docs.apifox.com/api-access-token.md;https://docs.apifox.com/9212297m0.md,https://learning.postman.com/docs/postman-cli/postman-cli-overview;https://learning.postman.com/docs/postman-cli/postman-cli-options;https://learning.postman.com/docs/postman-cli/postman-cli-reporters;https://learning.postman.com/docs/postman-cli/postman-cli-github-actions;https://learning.postman.com/docs/postman-cli/postman-cli-skills;https://learning.postman.com/api-docs/api-reference,,"{""https://docs.apifox.com/apifox-cli.md"": [], ""https://docs.apifox.com/cli-command-options.md"": [""`--type` 用于选择资源目录类型，不是目录名称。`description` 字段仅支持 `endpoint` 和 `test-scenario` 目录；其他目录类型只支持更新名称或父目录。"", ""| `common-script create` | 创建脚本库公共脚本。简单脚本可用 `--name/--content`；需要 description 或 runMode 时使用 `--file`，runMode 仅支持 `independent` / `merge`。 | `apifox common-script create --project <projectId> --file ./common-script.json` |"", ""1. `\""HTTP/2\""` - HTTP/2 应用层协议协商（ALPN），仅支持 HTTPS 请求"", ""3. 为 HTTPS 和 HTTP 设置 HTTP/2（不支持的值会自动忽略）：""], ""https://docs.apifox.com/cicd.md"": [], ""https://docs.apifox.com/git-commit-triggered-testing.md"": [], ""https://docs.apifox.com/api-access-token.md"": [], ""https://docs.apifox.com/9212297m0.md"": [], ""https://learning.postman.com/docs/postman-cli/postman-cli-overview"": [], ""https://learning.postman.com/docs/postman-cli/postman-cli-options"": [], ""https://learning.postman.com/docs/postman-cli/postman-cli-reporters"": [], ""https://learning.postman.com/docs/postman-cli/postman-cli-github-actions"": [], ""https://learning.postman.com/docs/postman-cli/postman-cli-skills"": [], ""https://learning.postman.com/api-docs/api-reference"": []}"
cli-002,cli,本地集合/测试套件运行,桌面 + 服务端,pending,https://docs.apifox.com/apifox-cli.md;https://docs.apifox.com/cli-command-options.md;https://docs.apifox.com/cicd.md;https://docs.apifox.com/git-commit-triggered-testing.md;https://docs.apifox.com/api-access-token.md;https://docs.apifox.com/9212297m0.md,https://learning.postman.com/docs/postman-cli/postman-cli-overview;https://learning.postman.com/docs/postman-cli/postman-cli-options;https://learning.postman.com/docs/postman-cli/postman-cli-reporters;https://learning.postman.com/docs/postman-cli/postman-cli-github-actions;https://learning.postman.com/docs/postman-cli/postman-cli-skills;https://learning.postman.com/api-docs/api-reference,,"{""https://docs.apifox.com/apifox-cli.md"": [], ""https://docs.apifox.com/cli-command-options.md"": [""`--type` 用于选择资源目录类型，不是目录名称。`description` 字段仅支持 `endpoint` 和 `test-scenario` 目录；其他目录类型只支持更新名称或父目录。"", ""| `common-script create` | 创建脚本库公共脚本。简单脚本可用 `--name/--content`；需要 description 或 runMode 时使用 `--file`，runMode 仅支持 `independent` / `merge`。 | `apifox common-script create --project <projectId> --file ./common-script.json` |"", ""1. `\""HTTP/2\""` - HTTP/2 应用层协议协商（ALPN），仅支持 HTTPS 请求"", ""3. 为 HTTPS 和 HTTP 设置 HTTP/2（不支持的值会自动忽略）：""], ""https://docs.apifox.com/cicd.md"": [], ""https://docs.apifox.com/git-commit-triggered-testing.md"": [], ""https://docs.apifox.com/api-access-token.md"": [], ""https://docs.apifox.com/9212297m0.md"": [], ""https://learning.postman.com/docs/postman-cli/postman-cli-overview"": [], ""https://learning.postman.com/docs/postman-cli/postman-cli-options"": [], ""https://learning.postman.com/docs/postman-cli/postman-cli-reporters"": [], ""https://learning.postman.com/docs/postman-cli/postman-cli-github-actions"": [], ""https://learning.postman.com/docs/postman-cli/postman-cli-skills"": [], ""https://learning.postman.com/api-docs/api-reference"": []}"
cli-003,cli,环境/数据/过滤/失败退出码,桌面 + 服务端,pending,https://docs.apifox.com/apifox-cli.md;https://docs.apifox.com/cli-command-options.md;https://docs.apifox.com/cicd.md;https://docs.apifox.com/git-commit-triggered-testing.md;https://docs.apifox.com/api-access-token.md;https://docs.apifox.com/9212297m0.md,https://learning.postman.com/docs/postman-cli/postman-cli-overview;https://learning.postman.com/docs/postman-cli/postman-cli-options;https://learning.postman.com/docs/postman-cli/postman-cli-reporters;https://learning.postman.com/docs/postman-cli/postman-cli-github-actions;https://learning.postman.com/docs/postman-cli/postman-cli-skills;https://learning.postman.com/api-docs/api-reference,,"{""https://docs.apifox.com/apifox-cli.md"": [], ""https://docs.apifox.com/cli-command-options.md"": [""`--type` 用于选择资源目录类型，不是目录名称。`description` 字段仅支持 `endpoint` 和 `test-scenario` 目录；其他目录类型只支持更新名称或父目录。"", ""| `common-script create` | 创建脚本库公共脚本。简单脚本可用 `--name/--content`；需要 description 或 runMode 时使用 `--file`，runMode 仅支持 `independent` / `merge`。 | `apifox common-script create --project <projectId> --file ./common-script.json` |"", ""1. `\""HTTP/2\""` - HTTP/2 应用层协议协商（ALPN），仅支持 HTTPS 请求"", ""3. 为 HTTPS 和 HTTP 设置 HTTP/2（不支持的值会自动忽略）：""], ""https://docs.apifox.com/cicd.md"": [], ""https://docs.apifox.com/git-commit-triggered-testing.md"": [], ""https://docs.apifox.com/api-access-token.md"": [], ""https://docs.apifox.com/9212297m0.md"": [], ""https://learning.postman.com/docs/postman-cli/postman-cli-overview"": [], ""https://learning.postman.com/docs/postman-cli/postman-cli-options"": [], ""https://learning.postman.com/docs/postman-cli/postman-cli-reporters"": [], ""https://learning.postman.com/docs/postman-cli/postman-cli-github-actions"": [], ""https://learning.postman.com/docs/postman-cli/postman-cli-skills"": [], ""https://learning.postman.com/api-docs/api-reference"": []}"
cli-004,cli,JSON/JUnit/HTML 报告,桌面 + 服务端,pending,https://docs.apifox.com/apifox-cli.md;https://docs.apifox.com/cli-command-options.md;https://docs.apifox.com/cicd.md;https://docs.apifox.com/git-commit-triggered-testing.md;https://docs.apifox.com/api-access-token.md;https://docs.apifox.com/9212297m0.md,https://learning.postman.com/docs/postman-cli/postman-cli-overview;https://learning.postman.com/docs/postman-cli/postman-cli-options;https://learning.postman.com/docs/postman-cli/postman-cli-reporters;https://learning.postman.com/docs/postman-cli/postman-cli-github-actions;https://learning.postman.com/docs/postman-cli/postman-cli-skills;https://learning.postman.com/api-docs/api-reference,,"{""https://docs.apifox.com/apifox-cli.md"": [], ""https://docs.apifox.com/cli-command-options.md"": [""`--type` 用于选择资源目录类型，不是目录名称。`description` 字段仅支持 `endpoint` 和 `test-scenario` 目录；其他目录类型只支持更新名称或父目录。"", ""| `common-script create` | 创建脚本库公共脚本。简单脚本可用 `--name/--content`；需要 description 或 runMode 时使用 `--file`，runMode 仅支持 `independent` / `merge`。 | `apifox common-script create --project <projectId> --file ./common-script.json` |"", ""1. `\""HTTP/2\""` - HTTP/2 应用层协议协商（ALPN），仅支持 HTTPS 请求"", ""3. 为 HTTPS 和 HTTP 设置 HTTP/2（不支持的值会自动忽略）：""], ""https://docs.apifox.com/cicd.md"": [], ""https://docs.apifox.com/git-commit-triggered-testing.md"": [], ""https://docs.apifox.com/api-access-token.md"": [], ""https://docs.apifox.com/9212297m0.md"": [], ""https://learning.postman.com/docs/postman-cli/postman-cli-overview"": [], ""https://learning.postman.com/docs/postman-cli/postman-cli-options"": [], ""https://learning.postman.com/docs/postman-cli/postman-cli-reporters"": [], ""https://learning.postman.com/docs/postman-cli/postman-cli-github-actions"": [], ""https://learning.postman.com/docs/postman-cli/postman-cli-skills"": [], ""https://learning.postman.com/api-docs/api-reference"": []}"
cli-005,cli,GitHub Actions 集成,桌面 + 服务端,pending,https://docs.apifox.com/apifox-cli.md;https://docs.apifox.com/cli-command-options.md;https://docs.apifox.com/cicd.md;https://docs.apifox.com/git-commit-triggered-testing.md;https://docs.apifox.com/api-access-token.md;https://docs.apifox.com/9212297m0.md,https://learning.postman.com/docs/postman-cli/postman-cli-overview;https://learning.postman.com/docs/postman-cli/postman-cli-options;https://learning.postman.com/docs/postman-cli/postman-cli-reporters;https://learning.postman.com/docs/postman-cli/postman-cli-github-actions;https://learning.postman.com/docs/postman-cli/postman-cli-skills;https://learning.postman.com/api-docs/api-reference,,"{""https://docs.apifox.com/apifox-cli.md"": [], ""https://docs.apifox.com/cli-command-options.md"": [""`--type` 用于选择资源目录类型，不是目录名称。`description` 字段仅支持 `endpoint` 和 `test-scenario` 目录；其他目录类型只支持更新名称或父目录。"", ""| `common-script create` | 创建脚本库公共脚本。简单脚本可用 `--name/--content`；需要 description 或 runMode 时使用 `--file`，runMode 仅支持 `independent` / `merge`。 | `apifox common-script create --project <projectId> --file ./common-script.json` |"", ""1. `\""HTTP/2\""` - HTTP/2 应用层协议协商（ALPN），仅支持 HTTPS 请求"", ""3. 为 HTTPS 和 HTTP 设置 HTTP/2（不支持的值会自动忽略）：""], ""https://docs.apifox.com/cicd.md"": [], ""https://docs.apifox.com/git-commit-triggered-testing.md"": [], ""https://docs.apifox.com/api-access-token.md"": [], ""https://docs.apifox.com/9212297m0.md"": [], ""https://learning.postman.com/docs/postman-cli/postman-cli-overview"": [], ""https://learning.postman.com/docs/postman-cli/postman-cli-options"": [], ""https://learning.postman.com/docs/postman-cli/postman-cli-reporters"": [], ""https://learning.postman.com/docs/postman-cli/postman-cli-github-actions"": [], ""https://learning.postman.com/docs/postman-cli/postman-cli-skills"": [], ""https://learning.postman.com/api-docs/api-reference"": []}"
cli-006,cli,GitLab/Jenkins 等 CI 集成,桌面 + 服务端,pending,https://docs.apifox.com/apifox-cli.md;https://docs.apifox.com/cli-command-options.md;https://docs.apifox.com/cicd.md;https://docs.apifox.com/git-commit-triggered-testing.md;https://docs.apifox.com/api-access-token.md;https://docs.apifox.com/9212297m0.md,https://learning.postman.com/docs/postman-cli/postman-cli-overview;https://learning.postman.com/docs/postman-cli/postman-cli-options;https://learning.postman.com/docs/postman-cli/postman-cli-reporters;https://learning.postman.com/docs/postman-cli/postman-cli-github-actions;https://learning.postman.com/docs/postman-cli/postman-cli-skills;https://learning.postman.com/api-docs/api-reference,,"{""https://docs.apifox.com/apifox-cli.md"": [], ""https://docs.apifox.com/cli-command-options.md"": [""`--type` 用于选择资源目录类型，不是目录名称。`description` 字段仅支持 `endpoint` 和 `test-scenario` 目录；其他目录类型只支持更新名称或父目录。"", ""| `common-script create` | 创建脚本库公共脚本。简单脚本可用 `--name/--content`；需要 description 或 runMode 时使用 `--file`，runMode 仅支持 `independent` / `merge`。 | `apifox common-script create --project <projectId> --file ./common-script.json` |"", ""1. `\""HTTP/2\""` - HTTP/2 应用层协议协商（ALPN），仅支持 HTTPS 请求"", ""3. 为 HTTPS 和 HTTP 设置 HTTP/2（不支持的值会自动忽略）：""], ""https://docs.apifox.com/cicd.md"": [], ""https://docs.apifox.com/git-commit-triggered-testing.md"": [], ""https://docs.apifox.com/api-access-token.md"": [], ""https://docs.apifox.com/9212297m0.md"": [], ""https://learning.postman.com/docs/postman-cli/postman-cli-overview"": [], ""https://learning.postman.com/docs/postman-cli/postman-cli-options"": [], ""https://learning.postman.com/docs/postman-cli/postman-cli-reporters"": [], ""https://learning.postman.com/docs/postman-cli/postman-cli-github-actions"": [], ""https://learning.postman.com/docs/postman-cli/postman-cli-skills"": [], ""https://learning.postman.com/api-docs/api-reference"": []}"
cli-007,cli,Git 提交触发测试,桌面 + 服务端,pending,https://docs.apifox.com/apifox-cli.md;https://docs.apifox.com/cli-command-options.md;https://docs.apifox.com/cicd.md;https://docs.apifox.com/git-commit-triggered-testing.md;https://docs.apifox.com/api-access-token.md;https://docs.apifox.com/9212297m0.md,https://learning.postman.com/docs/postman-cli/postman-cli-overview;https://learning.postman.com/docs/postman-cli/postman-cli-options;https://learning.postman.com/docs/postman-cli/postman-cli-reporters;https://learning.postman.com/docs/postman-cli/postman-cli-github-actions;https://learning.postman.com/docs/postman-cli/postman-cli-skills;https://learning.postman.com/api-docs/api-reference,,"{""https://docs.apifox.com/apifox-cli.md"": [], ""https://docs.apifox.com/cli-command-options.md"": [""`--type` 用于选择资源目录类型，不是目录名称。`description` 字段仅支持 `endpoint` 和 `test-scenario` 目录；其他目录类型只支持更新名称或父目录。"", ""| `common-script create` | 创建脚本库公共脚本。简单脚本可用 `--name/--content`；需要 description 或 runMode 时使用 `--file`，runMode 仅支持 `independent` / `merge`。 | `apifox common-script create --project <projectId> --file ./common-script.json` |"", ""1. `\""HTTP/2\""` - HTTP/2 应用层协议协商（ALPN），仅支持 HTTPS 请求"", ""3. 为 HTTPS 和 HTTP 设置 HTTP/2（不支持的值会自动忽略）：""], ""https://docs.apifox.com/cicd.md"": [], ""https://docs.apifox.com/git-commit-triggered-testing.md"": [], ""https://docs.apifox.com/api-access-token.md"": [], ""https://docs.apifox.com/9212297m0.md"": [], ""https://learning.postman.com/docs/postman-cli/postman-cli-overview"": [], ""https://learning.postman.com/docs/postman-cli/postman-cli-options"": [], ""https://learning.postman.com/docs/postman-cli/postman-cli-reporters"": [], ""https://learning.postman.com/docs/postman-cli/postman-cli-github-actions"": [], ""https://learning.postman.com/docs/postman-cli/postman-cli-skills"": [], ""https://learning.postman.com/api-docs/api-reference"": []}"
cli-008,cli,开放 API/访问令牌,桌面 + 服务端,pending,https://docs.apifox.com/apifox-cli.md;https://docs.apifox.com/cli-command-options.md;https://docs.apifox.com/cicd.md;https://docs.apifox.com/git-commit-triggered-testing.md;https://docs.apifox.com/api-access-token.md;https://docs.apifox.com/9212297m0.md,https://learning.postman.com/docs/postman-cli/postman-cli-overview;https://learning.postman.com/docs/postman-cli/postman-cli-options;https://learning.postman.com/docs/postman-cli/postman-cli-reporters;https://learning.postman.com/docs/postman-cli/postman-cli-github-actions;https://learning.postman.com/docs/postman-cli/postman-cli-skills;https://learning.postman.com/api-docs/api-reference,,"{""https://docs.apifox.com/apifox-cli.md"": [], ""https://docs.apifox.com/cli-command-options.md"": [""`--type` 用于选择资源目录类型，不是目录名称。`description` 字段仅支持 `endpoint` 和 `test-scenario` 目录；其他目录类型只支持更新名称或父目录。"", ""| `common-script create` | 创建脚本库公共脚本。简单脚本可用 `--name/--content`；需要 description 或 runMode 时使用 `--file`，runMode 仅支持 `independent` / `merge`。 | `apifox common-script create --project <projectId> --file ./common-script.json` |"", ""1. `\""HTTP/2\""` - HTTP/2 应用层协议协商（ALPN），仅支持 HTTPS 请求"", ""3. 为 HTTPS 和 HTTP 设置 HTTP/2（不支持的值会自动忽略）：""], ""https://docs.apifox.com/cicd.md"": [], ""https://docs.apifox.com/git-commit-triggered-testing.md"": [], ""https://docs.apifox.com/api-access-token.md"": [], ""https://docs.apifox.com/9212297m0.md"": [], ""https://learning.postman.com/docs/postman-cli/postman-cli-overview"": [], ""https://learning.postman.com/docs/postman-cli/postman-cli-options"": [], ""https://learning.postman.com/docs/postman-cli/postman-cli-reporters"": [], ""https://learning.postman.com/docs/postman-cli/postman-cli-github-actions"": [], ""https://learning.postman.com/docs/postman-cli/postman-cli-skills"": [], ""https://learning.postman.com/api-docs/api-reference"": []}"
cli-009,cli,CLI schema/参数与命令发现,桌面 + 服务端,pending,https://docs.apifox.com/apifox-cli.md;https://docs.apifox.com/cli-command-options.md;https://docs.apifox.com/cicd.md;https://docs.apifox.com/git-commit-triggered-testing.md;https://docs.apifox.com/api-access-token.md;https://docs.apifox.com/9212297m0.md,https://learning.postman.com/docs/postman-cli/postman-cli-overview;https://learning.postman.com/docs/postman-cli/postman-cli-options;https://learning.postman.com/docs/postman-cli/postman-cli-reporters;https://learning.postman.com/docs/postman-cli/postman-cli-github-actions;https://learning.postman.com/docs/postman-cli/postman-cli-skills;https://learning.postman.com/api-docs/api-reference,,"{""https://docs.apifox.com/apifox-cli.md"": [], ""https://docs.apifox.com/cli-command-options.md"": [""`--type` 用于选择资源目录类型，不是目录名称。`description` 字段仅支持 `endpoint` 和 `test-scenario` 目录；其他目录类型只支持更新名称或父目录。"", ""| `common-script create` | 创建脚本库公共脚本。简单脚本可用 `--name/--content`；需要 description 或 runMode 时使用 `--file`，runMode 仅支持 `independent` / `merge`。 | `apifox common-script create --project <projectId> --file ./common-script.json` |"", ""1. `\""HTTP/2\""` - HTTP/2 应用层协议协商（ALPN），仅支持 HTTPS 请求"", ""3. 为 HTTPS 和 HTTP 设置 HTTP/2（不支持的值会自动忽略）：""], ""https://docs.apifox.com/cicd.md"": [], ""https://docs.apifox.com/git-commit-triggered-testing.md"": [], ""https://docs.apifox.com/api-access-token.md"": [], ""https://docs.apifox.com/9212297m0.md"": [], ""https://learning.postman.com/docs/postman-cli/postman-cli-overview"": [], ""https://learning.postman.com/docs/postman-cli/postman-cli-options"": [], ""https://learning.postman.com/docs/postman-cli/postman-cli-reporters"": [], ""https://learning.postman.com/docs/postman-cli/postman-cli-github-actions"": [], ""https://learning.postman.com/docs/postman-cli/postman-cli-skills"": [], ""https://learning.postman.com/api-docs/api-reference"": []}"
cli-010,cli,给编码 Agent 使用的 Skills,桌面 + 服务端,pending,https://docs.apifox.com/apifox-cli.md;https://docs.apifox.com/cli-command-options.md;https://docs.apifox.com/cicd.md;https://docs.apifox.com/git-commit-triggered-testing.md;https://docs.apifox.com/api-access-token.md;https://docs.apifox.com/9212297m0.md,https://learning.postman.com/docs/postman-cli/postman-cli-overview;https://learning.postman.com/docs/postman-cli/postman-cli-options;https://learning.postman.com/docs/postman-cli/postman-cli-reporters;https://learning.postman.com/docs/postman-cli/postman-cli-github-actions;https://learning.postman.com/docs/postman-cli/postman-cli-skills;https://learning.postman.com/api-docs/api-reference,,"{""https://docs.apifox.com/apifox-cli.md"": [], ""https://docs.apifox.com/cli-command-options.md"": [""`--type` 用于选择资源目录类型，不是目录名称。`description` 字段仅支持 `endpoint` 和 `test-scenario` 目录；其他目录类型只支持更新名称或父目录。"", ""| `common-script create` | 创建脚本库公共脚本。简单脚本可用 `--name/--content`；需要 description 或 runMode 时使用 `--file`，runMode 仅支持 `independent` / `merge`。 | `apifox common-script create --project <projectId> --file ./common-script.json` |"", ""1. `\""HTTP/2\""` - HTTP/2 应用层协议协商（ALPN），仅支持 HTTPS 请求"", ""3. 为 HTTPS 和 HTTP 设置 HTTP/2（不支持的值会自动忽略）：""], ""https://docs.apifox.com/cicd.md"": [], ""https://docs.apifox.com/git-commit-triggered-testing.md"": [], ""https://docs.apifox.com/api-access-token.md"": [], ""https://docs.apifox.com/9212297m0.md"": [], ""https://learning.postman.com/docs/postman-cli/postman-cli-overview"": [], ""https://learning.postman.com/docs/postman-cli/postman-cli-options"": [], ""https://learning.postman.com/docs/postman-cli/postman-cli-reporters"": [], ""https://learning.postman.com/docs/postman-cli/postman-cli-github-actions"": [], ""https://learning.postman.com/docs/postman-cli/postman-cli-skills"": [], ""https://learning.postman.com/api-docs/api-reference"": []}"
integrations-001,integrations,Webhook/测试通知,桌面 + 服务端,pending,https://docs.apifox.com/notification-targets.md;https://docs.apifox.com/notification-events.md;https://docs.apifox.com/self-hosted-runner.md;https://docs.apifox.com/request-proxy-agent.md;https://docs.apifox.com/apifox-idea-plugin.md,https://learning.postman.com/docs/integrations/intro-integrations;https://learning.postman.com/docs/integrations/installed-apps;https://learning.postman.com/docs/integrations/webhooks;https://learning.postman.com/docs/integrations/ci-integrations,,"{""https://docs.apifox.com/notification-targets.md"": [""支持通过邮件方式发送通知邮件到指定邮箱中。目前通知对象中为邮件渠道的，仅支持 自动化测试运行完成、持续集成运行完成、定时任务运行完成 这三种类型的操作使用。""], ""https://docs.apifox.com/notification-events.md"": [""当触发事件被触发后，通知到的具体对象设置。直接选择项目中已经设置好的通知对象，可以同时选择多个通知对象。目前此处的通知对象，不支持选择通知渠道为邮件的通知对象。仅 自动化测试运行完成、持续集成运行完成、定时任务运行完成 这三种类型的事件支持使用通知渠道为邮件的通知对象。""], ""https://docs.apifox.com/self-hosted-runner.md"": [], ""https://docs.apifox.com/request-proxy-agent.md"": [], ""https://docs.apifox.com/apifox-idea-plugin.md"": [""插件仅支持 IntelliJ IDEA 2019.3 及更高的版本。""], ""https://learning.postman.com/docs/integrations/intro-integrations"": [], ""https://learning.postman.com/docs/integrations/installed-apps"": [], ""https://learning.postman.com/docs/integrations/webhooks"": [], ""https://learning.postman.com/docs/integrations/ci-integrations"": []}"
integrations-002,integrations,Slack/Teams/PagerDuty 等通知,桌面 + 服务端,pending,https://docs.apifox.com/notification-targets.md;https://docs.apifox.com/notification-events.md;https://docs.apifox.com/self-hosted-runner.md;https://docs.apifox.com/request-proxy-agent.md;https://docs.apifox.com/apifox-idea-plugin.md,https://learning.postman.com/docs/integrations/intro-integrations;https://learning.postman.com/docs/integrations/installed-apps;https://learning.postman.com/docs/integrations/webhooks;https://learning.postman.com/docs/integrations/ci-integrations,,"{""https://docs.apifox.com/notification-targets.md"": [""支持通过邮件方式发送通知邮件到指定邮箱中。目前通知对象中为邮件渠道的，仅支持 自动化测试运行完成、持续集成运行完成、定时任务运行完成 这三种类型的操作使用。""], ""https://docs.apifox.com/notification-events.md"": [""当触发事件被触发后，通知到的具体对象设置。直接选择项目中已经设置好的通知对象，可以同时选择多个通知对象。目前此处的通知对象，不支持选择通知渠道为邮件的通知对象。仅 自动化测试运行完成、持续集成运行完成、定时任务运行完成 这三种类型的事件支持使用通知渠道为邮件的通知对象。""], ""https://docs.apifox.com/self-hosted-runner.md"": [], ""https://docs.apifox.com/request-proxy-agent.md"": [], ""https://docs.apifox.com/apifox-idea-plugin.md"": [""插件仅支持 IntelliJ IDEA 2019.3 及更高的版本。""], ""https://learning.postman.com/docs/integrations/intro-integrations"": [], ""https://learning.postman.com/docs/integrations/installed-apps"": [], ""https://learning.postman.com/docs/integrations/webhooks"": [], ""https://learning.postman.com/docs/integrations/ci-integrations"": []}"
integrations-003,integrations,Git/CI 集成,桌面 + 服务端,pending,https://docs.apifox.com/notification-targets.md;https://docs.apifox.com/notification-events.md;https://docs.apifox.com/self-hosted-runner.md;https://docs.apifox.com/request-proxy-agent.md;https://docs.apifox.com/apifox-idea-plugin.md,https://learning.postman.com/docs/integrations/intro-integrations;https://learning.postman.com/docs/integrations/installed-apps;https://learning.postman.com/docs/integrations/webhooks;https://learning.postman.com/docs/integrations/ci-integrations,,"{""https://docs.apifox.com/notification-targets.md"": [""支持通过邮件方式发送通知邮件到指定邮箱中。目前通知对象中为邮件渠道的，仅支持 自动化测试运行完成、持续集成运行完成、定时任务运行完成 这三种类型的操作使用。""], ""https://docs.apifox.com/notification-events.md"": [""当触发事件被触发后，通知到的具体对象设置。直接选择项目中已经设置好的通知对象，可以同时选择多个通知对象。目前此处的通知对象，不支持选择通知渠道为邮件的通知对象。仅 自动化测试运行完成、持续集成运行完成、定时任务运行完成 这三种类型的事件支持使用通知渠道为邮件的通知对象。""], ""https://docs.apifox.com/self-hosted-runner.md"": [], ""https://docs.apifox.com/request-proxy-agent.md"": [], ""https://docs.apifox.com/apifox-idea-plugin.md"": [""插件仅支持 IntelliJ IDEA 2019.3 及更高的版本。""], ""https://learning.postman.com/docs/integrations/intro-integrations"": [], ""https://learning.postman.com/docs/integrations/installed-apps"": [], ""https://learning.postman.com/docs/integrations/webhooks"": [], ""https://learning.postman.com/docs/integrations/ci-integrations"": []}"
integrations-004,integrations,IDE 文档生成,桌面 + 服务端,pending,https://docs.apifox.com/notification-targets.md;https://docs.apifox.com/notification-events.md;https://docs.apifox.com/self-hosted-runner.md;https://docs.apifox.com/request-proxy-agent.md;https://docs.apifox.com/apifox-idea-plugin.md,https://learning.postman.com/docs/integrations/intro-integrations;https://learning.postman.com/docs/integrations/installed-apps;https://learning.postman.com/docs/integrations/webhooks;https://learning.postman.com/docs/integrations/ci-integrations,,"{""https://docs.apifox.com/notification-targets.md"": [""支持通过邮件方式发送通知邮件到指定邮箱中。目前通知对象中为邮件渠道的，仅支持 自动化测试运行完成、持续集成运行完成、定时任务运行完成 这三种类型的操作使用。""], ""https://docs.apifox.com/notification-events.md"": [""当触发事件被触发后，通知到的具体对象设置。直接选择项目中已经设置好的通知对象，可以同时选择多个通知对象。目前此处的通知对象，不支持选择通知渠道为邮件的通知对象。仅 自动化测试运行完成、持续集成运行完成、定时任务运行完成 这三种类型的事件支持使用通知渠道为邮件的通知对象。""], ""https://docs.apifox.com/self-hosted-runner.md"": [], ""https://docs.apifox.com/request-proxy-agent.md"": [], ""https://docs.apifox.com/apifox-idea-plugin.md"": [""插件仅支持 IntelliJ IDEA 2019.3 及更高的版本。""], ""https://learning.postman.com/docs/integrations/intro-integrations"": [], ""https://learning.postman.com/docs/integrations/installed-apps"": [], ""https://learning.postman.com/docs/integrations/webhooks"": [], ""https://learning.postman.com/docs/integrations/ci-integrations"": []}"
integrations-005,integrations,浏览器插件,桌面 + 服务端,pending,https://docs.apifox.com/notification-targets.md;https://docs.apifox.com/notification-events.md;https://docs.apifox.com/self-hosted-runner.md;https://docs.apifox.com/request-proxy-agent.md;https://docs.apifox.com/apifox-idea-plugin.md,https://learning.postman.com/docs/integrations/intro-integrations;https://learning.postman.com/docs/integrations/installed-apps;https://learning.postman.com/docs/integrations/webhooks;https://learning.postman.com/docs/integrations/ci-integrations,,"{""https://docs.apifox.com/notification-targets.md"": [""支持通过邮件方式发送通知邮件到指定邮箱中。目前通知对象中为邮件渠道的，仅支持 自动化测试运行完成、持续集成运行完成、定时任务运行完成 这三种类型的操作使用。""], ""https://docs.apifox.com/notification-events.md"": [""当触发事件被触发后，通知到的具体对象设置。直接选择项目中已经设置好的通知对象，可以同时选择多个通知对象。目前此处的通知对象，不支持选择通知渠道为邮件的通知对象。仅 自动化测试运行完成、持续集成运行完成、定时任务运行完成 这三种类型的事件支持使用通知渠道为邮件的通知对象。""], ""https://docs.apifox.com/self-hosted-runner.md"": [], ""https://docs.apifox.com/request-proxy-agent.md"": [], ""https://docs.apifox.com/apifox-idea-plugin.md"": [""插件仅支持 IntelliJ IDEA 2019.3 及更高的版本。""], ""https://learning.postman.com/docs/integrations/intro-integrations"": [], ""https://learning.postman.com/docs/integrations/installed-apps"": [], ""https://learning.postman.com/docs/integrations/webhooks"": [], ""https://learning.postman.com/docs/integrations/ci-integrations"": []}"
integrations-006,integrations,自托管 Runner 与代理 Agent,桌面 + 服务端,pending,https://docs.apifox.com/notification-targets.md;https://docs.apifox.com/notification-events.md;https://docs.apifox.com/self-hosted-runner.md;https://docs.apifox.com/request-proxy-agent.md;https://docs.apifox.com/apifox-idea-plugin.md,https://learning.postman.com/docs/integrations/intro-integrations;https://learning.postman.com/docs/integrations/installed-apps;https://learning.postman.com/docs/integrations/webhooks;https://learning.postman.com/docs/integrations/ci-integrations,,"{""https://docs.apifox.com/notification-targets.md"": [""支持通过邮件方式发送通知邮件到指定邮箱中。目前通知对象中为邮件渠道的，仅支持 自动化测试运行完成、持续集成运行完成、定时任务运行完成 这三种类型的操作使用。""], ""https://docs.apifox.com/notification-events.md"": [""当触发事件被触发后，通知到的具体对象设置。直接选择项目中已经设置好的通知对象，可以同时选择多个通知对象。目前此处的通知对象，不支持选择通知渠道为邮件的通知对象。仅 自动化测试运行完成、持续集成运行完成、定时任务运行完成 这三种类型的事件支持使用通知渠道为邮件的通知对象。""], ""https://docs.apifox.com/self-hosted-runner.md"": [], ""https://docs.apifox.com/request-proxy-agent.md"": [], ""https://docs.apifox.com/apifox-idea-plugin.md"": [""插件仅支持 IntelliJ IDEA 2019.3 及更高的版本。""], ""https://learning.postman.com/docs/integrations/intro-integrations"": [], ""https://learning.postman.com/docs/integrations/installed-apps"": [], ""https://learning.postman.com/docs/integrations/webhooks"": [], ""https://learning.postman.com/docs/integrations/ci-integrations"": []}"
integrations-007,integrations,插件/扩展能力,桌面 + 服务端,pending,https://docs.apifox.com/notification-targets.md;https://docs.apifox.com/notification-events.md;https://docs.apifox.com/self-hosted-runner.md;https://docs.apifox.com/request-proxy-agent.md;https://docs.apifox.com/apifox-idea-plugin.md,https://learning.postman.com/docs/integrations/intro-integrations;https://learning.postman.com/docs/integrations/installed-apps;https://learning.postman.com/docs/integrations/webhooks;https://learning.postman.com/docs/integrations/ci-integrations,,"{""https://docs.apifox.com/notification-targets.md"": [""支持通过邮件方式发送通知邮件到指定邮箱中。目前通知对象中为邮件渠道的，仅支持 自动化测试运行完成、持续集成运行完成、定时任务运行完成 这三种类型的操作使用。""], ""https://docs.apifox.com/notification-events.md"": [""当触发事件被触发后，通知到的具体对象设置。直接选择项目中已经设置好的通知对象，可以同时选择多个通知对象。目前此处的通知对象，不支持选择通知渠道为邮件的通知对象。仅 自动化测试运行完成、持续集成运行完成、定时任务运行完成 这三种类型的事件支持使用通知渠道为邮件的通知对象。""], ""https://docs.apifox.com/self-hosted-runner.md"": [], ""https://docs.apifox.com/request-proxy-agent.md"": [], ""https://docs.apifox.com/apifox-idea-plugin.md"": [""插件仅支持 IntelliJ IDEA 2019.3 及更高的版本。""], ""https://learning.postman.com/docs/integrations/intro-integrations"": [], ""https://learning.postman.com/docs/integrations/installed-apps"": [], ""https://learning.postman.com/docs/integrations/webhooks"": [], ""https://learning.postman.com/docs/integrations/ci-integrations"": []}"
ai-001,ai,AI 生成/维护测试,桌面 + 服务端,pending,https://docs.apifox.com/apifox-ai.md;https://docs.apifox.com/ai-agent-debugger.md,https://learning.postman.com/docs/getting-started/basics/about-ai;https://learning.postman.com/docs/use/agent-mode/overview;https://learning.postman.com/docs/use/agent-mode/skills,,"{""https://docs.apifox.com/apifox-ai.md"": [], ""https://docs.apifox.com/ai-agent-debugger.md"": [], ""https://learning.postman.com/docs/getting-started/basics/about-ai"": [], ""https://learning.postman.com/docs/use/agent-mode/overview"": [""> This feature is available to users who consent to using AI.""], ""https://learning.postman.com/docs/use/agent-mode/skills"": []}"
ai-002,ai,AI 生成/修改 Schema,桌面 + 服务端,pending,https://docs.apifox.com/apifox-ai.md;https://docs.apifox.com/ai-agent-debugger.md,https://learning.postman.com/docs/getting-started/basics/about-ai;https://learning.postman.com/docs/use/agent-mode/overview;https://learning.postman.com/docs/use/agent-mode/skills,,"{""https://docs.apifox.com/apifox-ai.md"": [], ""https://docs.apifox.com/ai-agent-debugger.md"": [], ""https://learning.postman.com/docs/getting-started/basics/about-ai"": [], ""https://learning.postman.com/docs/use/agent-mode/overview"": [""> This feature is available to users who consent to using AI.""], ""https://learning.postman.com/docs/use/agent-mode/skills"": []}"
ai-003,ai,文档完整性/规范性检查,桌面 + 服务端,pending,https://docs.apifox.com/apifox-ai.md;https://docs.apifox.com/ai-agent-debugger.md,https://learning.postman.com/docs/getting-started/basics/about-ai;https://learning.postman.com/docs/use/agent-mode/overview;https://learning.postman.com/docs/use/agent-mode/skills,,"{""https://docs.apifox.com/apifox-ai.md"": [], ""https://docs.apifox.com/ai-agent-debugger.md"": [], ""https://learning.postman.com/docs/getting-started/basics/about-ai"": [], ""https://learning.postman.com/docs/use/agent-mode/overview"": [""> This feature is available to users who consent to using AI.""], ""https://learning.postman.com/docs/use/agent-mode/skills"": []}"
ai-004,ai,字段命名辅助,桌面 + 服务端,pending,https://docs.apifox.com/apifox-ai.md;https://docs.apifox.com/ai-agent-debugger.md,https://learning.postman.com/docs/getting-started/basics/about-ai;https://learning.postman.com/docs/use/agent-mode/overview;https://learning.postman.com/docs/use/agent-mode/skills,,"{""https://docs.apifox.com/apifox-ai.md"": [], ""https://docs.apifox.com/ai-agent-debugger.md"": [], ""https://learning.postman.com/docs/getting-started/basics/about-ai"": [], ""https://learning.postman.com/docs/use/agent-mode/overview"": [""> This feature is available to users who consent to using AI.""], ""https://learning.postman.com/docs/use/agent-mode/skills"": []}"
ai-005,ai,自然语言构建/调试请求,桌面 + 服务端,pending,https://docs.apifox.com/apifox-ai.md;https://docs.apifox.com/ai-agent-debugger.md,https://learning.postman.com/docs/getting-started/basics/about-ai;https://learning.postman.com/docs/use/agent-mode/overview;https://learning.postman.com/docs/use/agent-mode/skills,,"{""https://docs.apifox.com/apifox-ai.md"": [], ""https://docs.apifox.com/ai-agent-debugger.md"": [], ""https://learning.postman.com/docs/getting-started/basics/about-ai"": [], ""https://learning.postman.com/docs/use/agent-mode/overview"": [""> This feature is available to users who consent to using AI.""], ""https://learning.postman.com/docs/use/agent-mode/skills"": []}"
ai-006,ai,AI 请求与模型选择,桌面 + 服务端,pending,https://docs.apifox.com/apifox-ai.md;https://docs.apifox.com/ai-agent-debugger.md,https://learning.postman.com/docs/getting-started/basics/about-ai;https://learning.postman.com/docs/use/agent-mode/overview;https://learning.postman.com/docs/use/agent-mode/skills,,"{""https://docs.apifox.com/apifox-ai.md"": [], ""https://docs.apifox.com/ai-agent-debugger.md"": [], ""https://learning.postman.com/docs/getting-started/basics/about-ai"": [], ""https://learning.postman.com/docs/use/agent-mode/overview"": [""> This feature is available to users who consent to using AI.""], ""https://learning.postman.com/docs/use/agent-mode/skills"": []}"
ai-007,ai,本地/自托管模型接入,桌面 + 服务端,pending,https://docs.apifox.com/apifox-ai.md;https://docs.apifox.com/ai-agent-debugger.md,https://learning.postman.com/docs/getting-started/basics/about-ai;https://learning.postman.com/docs/use/agent-mode/overview;https://learning.postman.com/docs/use/agent-mode/skills,,"{""https://docs.apifox.com/apifox-ai.md"": [], ""https://docs.apifox.com/ai-agent-debugger.md"": [], ""https://learning.postman.com/docs/getting-started/basics/about-ai"": [], ""https://learning.postman.com/docs/use/agent-mode/overview"": [""> This feature is available to users who consent to using AI.""], ""https://learning.postman.com/docs/use/agent-mode/skills"": []}"
ai-008,ai,Prompt/会话管理,桌面 + 服务端,pending,https://docs.apifox.com/apifox-ai.md;https://docs.apifox.com/ai-agent-debugger.md,https://learning.postman.com/docs/getting-started/basics/about-ai;https://learning.postman.com/docs/use/agent-mode/overview;https://learning.postman.com/docs/use/agent-mode/skills,,"{""https://docs.apifox.com/apifox-ai.md"": [], ""https://docs.apifox.com/ai-agent-debugger.md"": [], ""https://learning.postman.com/docs/getting-started/basics/about-ai"": [], ""https://learning.postman.com/docs/use/agent-mode/overview"": [""> This feature is available to users who consent to using AI.""], ""https://learning.postman.com/docs/use/agent-mode/skills"": []}"
ai-009,ai,模型参数/认证,桌面 + 服务端,pending,https://docs.apifox.com/apifox-ai.md;https://docs.apifox.com/ai-agent-debugger.md,https://learning.postman.com/docs/getting-started/basics/about-ai;https://learning.postman.com/docs/use/agent-mode/overview;https://learning.postman.com/docs/use/agent-mode/skills,,"{""https://docs.apifox.com/apifox-ai.md"": [], ""https://docs.apifox.com/ai-agent-debugger.md"": [], ""https://learning.postman.com/docs/getting-started/basics/about-ai"": [], ""https://learning.postman.com/docs/use/agent-mode/overview"": [""> This feature is available to users who consent to using AI.""], ""https://learning.postman.com/docs/use/agent-mode/skills"": []}"
ai-010,ai,工具调用 trace 与耗时/token/成本,桌面 + 服务端,pending,https://docs.apifox.com/apifox-ai.md;https://docs.apifox.com/ai-agent-debugger.md,https://learning.postman.com/docs/getting-started/basics/about-ai;https://learning.postman.com/docs/use/agent-mode/overview;https://learning.postman.com/docs/use/agent-mode/skills,,"{""https://docs.apifox.com/apifox-ai.md"": [], ""https://docs.apifox.com/ai-agent-debugger.md"": [], ""https://learning.postman.com/docs/getting-started/basics/about-ai"": [], ""https://learning.postman.com/docs/use/agent-mode/overview"": [""> This feature is available to users who consent to using AI.""], ""https://learning.postman.com/docs/use/agent-mode/skills"": []}"
ai-011,ai,模型结果对比,桌面 + 服务端,pending,https://docs.apifox.com/apifox-ai.md;https://docs.apifox.com/ai-agent-debugger.md,https://learning.postman.com/docs/getting-started/basics/about-ai;https://learning.postman.com/docs/use/agent-mode/overview;https://learning.postman.com/docs/use/agent-mode/skills,,"{""https://docs.apifox.com/apifox-ai.md"": [], ""https://docs.apifox.com/ai-agent-debugger.md"": [], ""https://learning.postman.com/docs/getting-started/basics/about-ai"": [], ""https://learning.postman.com/docs/use/agent-mode/overview"": [""> This feature is available to users who consent to using AI.""], ""https://learning.postman.com/docs/use/agent-mode/skills"": []}"
ai-012,ai,AI 任务审核与可观测日志,桌面 + 服务端,pending,https://docs.apifox.com/apifox-ai.md;https://docs.apifox.com/ai-agent-debugger.md,https://learning.postman.com/docs/getting-started/basics/about-ai;https://learning.postman.com/docs/use/agent-mode/overview;https://learning.postman.com/docs/use/agent-mode/skills,,"{""https://docs.apifox.com/apifox-ai.md"": [], ""https://docs.apifox.com/ai-agent-debugger.md"": [], ""https://learning.postman.com/docs/getting-started/basics/about-ai"": [], ""https://learning.postman.com/docs/use/agent-mode/overview"": [""> This feature is available to users who consent to using AI.""], ""https://learning.postman.com/docs/use/agent-mode/skills"": []}"
ai-013,ai,AI Branch,桌面 + 服务端,pending,https://docs.apifox.com/ai-branch.md;https://docs.apifox.com/a2a-debugger.md,,,"{""https://docs.apifox.com/ai-branch.md"": [], ""https://docs.apifox.com/a2a-debugger.md"": []}"
ai-014,ai,A2A Agent Card/消息/附件/Metadata,桌面 + 服务端,pending,https://docs.apifox.com/ai-branch.md;https://docs.apifox.com/a2a-debugger.md,,,"{""https://docs.apifox.com/ai-branch.md"": [], ""https://docs.apifox.com/a2a-debugger.md"": []}"
ai-015,ai,云端长任务/自动化/Sandbox,可选服务端模块,pending,,https://learning.postman.com/docs/use/agent-mode-cloud/overview;https://learning.postman.com/docs/use/context-graph/get-started;https://learning.postman.com/docs/use/agent-mode/skills;https://learning.postman.com/docs/getting-started/basics/fabric-gateway;https://learning.postman.com/docs/getting-started/basics/passport,保留完整竞品选项；外部模型/API keys 由用户配置。,"{""https://learning.postman.com/docs/use/agent-mode-cloud/overview"": [""> This feature is available to users who consent to using AI.""], ""https://learning.postman.com/docs/use/context-graph/get-started"": [], ""https://learning.postman.com/docs/use/agent-mode/skills"": [], ""https://learning.postman.com/docs/getting-started/basics/fabric-gateway"": [], ""https://learning.postman.com/docs/getting-started/basics/passport"": []}"
ai-016,ai,AI Context Graph,可选服务端模块,pending,,https://learning.postman.com/docs/use/agent-mode-cloud/overview;https://learning.postman.com/docs/use/context-graph/get-started;https://learning.postman.com/docs/use/agent-mode/skills;https://learning.postman.com/docs/getting-started/basics/fabric-gateway;https://learning.postman.com/docs/getting-started/basics/passport,保留完整竞品选项；外部模型/API keys 由用户配置。,"{""https://learning.postman.com/docs/use/agent-mode-cloud/overview"": [""> This feature is available to users who consent to using AI.""], ""https://learning.postman.com/docs/use/context-graph/get-started"": [], ""https://learning.postman.com/docs/use/agent-mode/skills"": [], ""https://learning.postman.com/docs/getting-started/basics/fabric-gateway"": [], ""https://learning.postman.com/docs/getting-started/basics/passport"": []}"
ai-017,ai,团队 Agent Skills/Recipes,可选服务端模块,pending,,https://learning.postman.com/docs/use/agent-mode-cloud/overview;https://learning.postman.com/docs/use/context-graph/get-started;https://learning.postman.com/docs/use/agent-mode/skills;https://learning.postman.com/docs/getting-started/basics/fabric-gateway;https://learning.postman.com/docs/getting-started/basics/passport,保留完整竞品选项；外部模型/API keys 由用户配置。,"{""https://learning.postman.com/docs/use/agent-mode-cloud/overview"": [""> This feature is available to users who consent to using AI.""], ""https://learning.postman.com/docs/use/context-graph/get-started"": [], ""https://learning.postman.com/docs/use/agent-mode/skills"": [], ""https://learning.postman.com/docs/getting-started/basics/fabric-gateway"": [], ""https://learning.postman.com/docs/getting-started/basics/passport"": []}"
ai-018,ai,AI Gateway/Passport,可选服务端模块,pending,,https://learning.postman.com/docs/use/agent-mode-cloud/overview;https://learning.postman.com/docs/use/context-graph/get-started;https://learning.postman.com/docs/use/agent-mode/skills;https://learning.postman.com/docs/getting-started/basics/fabric-gateway;https://learning.postman.com/docs/getting-started/basics/passport,保留完整竞品选项；外部模型/API keys 由用户配置。,"{""https://learning.postman.com/docs/use/agent-mode-cloud/overview"": [""> This feature is available to users who consent to using AI.""], ""https://learning.postman.com/docs/use/context-graph/get-started"": [], ""https://learning.postman.com/docs/use/agent-mode/skills"": [], ""https://learning.postman.com/docs/getting-started/basics/fabric-gateway"": [], ""https://learning.postman.com/docs/getting-started/basics/passport"": []}"
mcp-001,mcp,MCP server 连接/工具/资源/提示词,桌面 + 服务端,pending,https://docs.apifox.com/mcp.md;https://docs.apifox.com/apifox-mcp-server.md;https://docs.apifox.com/6327888m0.md;https://docs.apifox.com/6327890m0.md;https://docs.apifox.com/6327891m0.md,https://learning.postman.com/docs/use/send-requests/protocols/mcp-requests/overview;https://learning.postman.com/docs/use/send-requests/protocols/mcp-requests/oauth-debugger;https://learning.postman.com/docs/use/send-requests/protocols/mcp-requests/export-mcp-server-config;https://learning.postman.com/docs/postman-api-network/showcase/publish/mcp-servers/overview,,"{""https://docs.apifox.com/mcp.md"": [], ""https://docs.apifox.com/apifox-mcp-server.md"": [""- 仅支持公开发布、任何人都可以直接访问的在线文档，不支持设置了密码、邮箱白名单、IP 白名单的在线文档""], ""https://docs.apifox.com/6327888m0.md"": [], ""https://docs.apifox.com/6327890m0.md"": [""仅支持公开发布、任何人都可以直接访问的在线文档，**不支持设置了密码、邮箱白名单、IP 白名单的在线文档**。如果不希望公开接口文档，仅仅是内部人员可以访问，建议使用项目 ID 和个人访问令牌读取 Apifox 项目数据，详见：[通过 MCP 使用项目内文档](https://docs.apifox.com/6327888m0.md)。""], ""https://docs.apifox.com/6327891m0.md"": [], ""https://learning.postman.com/docs/use/send-requests/protocols/mcp-requests/overview"": [], ""https://learning.postman.com/docs/use/send-requests/protocols/mcp-requests/oauth-debugger"": [], ""https://learning.postman.com/docs/use/send-requests/protocols/mcp-requests/export-mcp-server-config"": [], ""https://learning.postman.com/docs/postman-api-network/showcase/publish/mcp-servers/overview"": []}"
mcp-002,mcp,MCP OAuth 调试,桌面 + 服务端,pending,https://docs.apifox.com/mcp.md;https://docs.apifox.com/apifox-mcp-server.md;https://docs.apifox.com/6327888m0.md;https://docs.apifox.com/6327890m0.md;https://docs.apifox.com/6327891m0.md,https://learning.postman.com/docs/use/send-requests/protocols/mcp-requests/overview;https://learning.postman.com/docs/use/send-requests/protocols/mcp-requests/oauth-debugger;https://learning.postman.com/docs/use/send-requests/protocols/mcp-requests/export-mcp-server-config;https://learning.postman.com/docs/postman-api-network/showcase/publish/mcp-servers/overview,,"{""https://docs.apifox.com/mcp.md"": [], ""https://docs.apifox.com/apifox-mcp-server.md"": [""- 仅支持公开发布、任何人都可以直接访问的在线文档，不支持设置了密码、邮箱白名单、IP 白名单的在线文档""], ""https://docs.apifox.com/6327888m0.md"": [], ""https://docs.apifox.com/6327890m0.md"": [""仅支持公开发布、任何人都可以直接访问的在线文档，**不支持设置了密码、邮箱白名单、IP 白名单的在线文档**。如果不希望公开接口文档，仅仅是内部人员可以访问，建议使用项目 ID 和个人访问令牌读取 Apifox 项目数据，详见：[通过 MCP 使用项目内文档](https://docs.apifox.com/6327888m0.md)。""], ""https://docs.apifox.com/6327891m0.md"": [], ""https://learning.postman.com/docs/use/send-requests/protocols/mcp-requests/overview"": [], ""https://learning.postman.com/docs/use/send-requests/protocols/mcp-requests/oauth-debugger"": [], ""https://learning.postman.com/docs/use/send-requests/protocols/mcp-requests/export-mcp-server-config"": [], ""https://learning.postman.com/docs/postman-api-network/showcase/publish/mcp-servers/overview"": []}"
mcp-003,mcp,MCP 消息与工具调用检查,桌面 + 服务端,pending,https://docs.apifox.com/mcp.md;https://docs.apifox.com/apifox-mcp-server.md;https://docs.apifox.com/6327888m0.md;https://docs.apifox.com/6327890m0.md;https://docs.apifox.com/6327891m0.md,https://learning.postman.com/docs/use/send-requests/protocols/mcp-requests/overview;https://learning.postman.com/docs/use/send-requests/protocols/mcp-requests/oauth-debugger;https://learning.postman.com/docs/use/send-requests/protocols/mcp-requests/export-mcp-server-config;https://learning.postman.com/docs/postman-api-network/showcase/publish/mcp-servers/overview,,"{""https://docs.apifox.com/mcp.md"": [], ""https://docs.apifox.com/apifox-mcp-server.md"": [""- 仅支持公开发布、任何人都可以直接访问的在线文档，不支持设置了密码、邮箱白名单、IP 白名单的在线文档""], ""https://docs.apifox.com/6327888m0.md"": [], ""https://docs.apifox.com/6327890m0.md"": [""仅支持公开发布、任何人都可以直接访问的在线文档，**不支持设置了密码、邮箱白名单、IP 白名单的在线文档**。如果不希望公开接口文档，仅仅是内部人员可以访问，建议使用项目 ID 和个人访问令牌读取 Apifox 项目数据，详见：[通过 MCP 使用项目内文档](https://docs.apifox.com/6327888m0.md)。""], ""https://docs.apifox.com/6327891m0.md"": [], ""https://learning.postman.com/docs/use/send-requests/protocols/mcp-requests/overview"": [], ""https://learning.postman.com/docs/use/send-requests/protocols/mcp-requests/oauth-debugger"": [], ""https://learning.postman.com/docs/use/send-requests/protocols/mcp-requests/export-mcp-server-config"": [], ""https://learning.postman.com/docs/postman-api-network/showcase/publish/mcp-servers/overview"": []}"
mcp-004,mcp,MCP 配置导入导出,桌面 + 服务端,pending,https://docs.apifox.com/mcp.md;https://docs.apifox.com/apifox-mcp-server.md;https://docs.apifox.com/6327888m0.md;https://docs.apifox.com/6327890m0.md;https://docs.apifox.com/6327891m0.md,https://learning.postman.com/docs/use/send-requests/protocols/mcp-requests/overview;https://learning.postman.com/docs/use/send-requests/protocols/mcp-requests/oauth-debugger;https://learning.postman.com/docs/use/send-requests/protocols/mcp-requests/export-mcp-server-config;https://learning.postman.com/docs/postman-api-network/showcase/publish/mcp-servers/overview,,"{""https://docs.apifox.com/mcp.md"": [], ""https://docs.apifox.com/apifox-mcp-server.md"": [""- 仅支持公开发布、任何人都可以直接访问的在线文档，不支持设置了密码、邮箱白名单、IP 白名单的在线文档""], ""https://docs.apifox.com/6327888m0.md"": [], ""https://docs.apifox.com/6327890m0.md"": [""仅支持公开发布、任何人都可以直接访问的在线文档，**不支持设置了密码、邮箱白名单、IP 白名单的在线文档**。如果不希望公开接口文档，仅仅是内部人员可以访问，建议使用项目 ID 和个人访问令牌读取 Apifox 项目数据，详见：[通过 MCP 使用项目内文档](https://docs.apifox.com/6327888m0.md)。""], ""https://docs.apifox.com/6327891m0.md"": [], ""https://learning.postman.com/docs/use/send-requests/protocols/mcp-requests/overview"": [], ""https://learning.postman.com/docs/use/send-requests/protocols/mcp-requests/oauth-debugger"": [], ""https://learning.postman.com/docs/use/send-requests/protocols/mcp-requests/export-mcp-server-config"": [], ""https://learning.postman.com/docs/postman-api-network/showcase/publish/mcp-servers/overview"": []}"
mcp-005,mcp,将项目/公开文档/OpenAPI 暴露为 MCP,桌面 + 服务端,pending,https://docs.apifox.com/mcp.md;https://docs.apifox.com/apifox-mcp-server.md;https://docs.apifox.com/6327888m0.md;https://docs.apifox.com/6327890m0.md;https://docs.apifox.com/6327891m0.md,https://learning.postman.com/docs/use/send-requests/protocols/mcp-requests/overview;https://learning.postman.com/docs/use/send-requests/protocols/mcp-requests/oauth-debugger;https://learning.postman.com/docs/use/send-requests/protocols/mcp-requests/export-mcp-server-config;https://learning.postman.com/docs/postman-api-network/showcase/publish/mcp-servers/overview,,"{""https://docs.apifox.com/mcp.md"": [], ""https://docs.apifox.com/apifox-mcp-server.md"": [""- 仅支持公开发布、任何人都可以直接访问的在线文档，不支持设置了密码、邮箱白名单、IP 白名单的在线文档""], ""https://docs.apifox.com/6327888m0.md"": [], ""https://docs.apifox.com/6327890m0.md"": [""仅支持公开发布、任何人都可以直接访问的在线文档，**不支持设置了密码、邮箱白名单、IP 白名单的在线文档**。如果不希望公开接口文档，仅仅是内部人员可以访问，建议使用项目 ID 和个人访问令牌读取 Apifox 项目数据，详见：[通过 MCP 使用项目内文档](https://docs.apifox.com/6327888m0.md)。""], ""https://docs.apifox.com/6327891m0.md"": [], ""https://learning.postman.com/docs/use/send-requests/protocols/mcp-requests/overview"": [], ""https://learning.postman.com/docs/use/send-requests/protocols/mcp-requests/oauth-debugger"": [], ""https://learning.postman.com/docs/use/send-requests/protocols/mcp-requests/export-mcp-server-config"": [], ""https://learning.postman.com/docs/postman-api-network/showcase/publish/mcp-servers/overview"": []}"
mcp-006,mcp,生成/发布 MCP server,桌面 + 服务端,pending,https://docs.apifox.com/mcp.md;https://docs.apifox.com/apifox-mcp-server.md;https://docs.apifox.com/6327888m0.md;https://docs.apifox.com/6327890m0.md;https://docs.apifox.com/6327891m0.md,https://learning.postman.com/docs/use/send-requests/protocols/mcp-requests/overview;https://learning.postman.com/docs/use/send-requests/protocols/mcp-requests/oauth-debugger;https://learning.postman.com/docs/use/send-requests/protocols/mcp-requests/export-mcp-server-config;https://learning.postman.com/docs/postman-api-network/showcase/publish/mcp-servers/overview,,"{""https://docs.apifox.com/mcp.md"": [], ""https://docs.apifox.com/apifox-mcp-server.md"": [""- 仅支持公开发布、任何人都可以直接访问的在线文档，不支持设置了密码、邮箱白名单、IP 白名单的在线文档""], ""https://docs.apifox.com/6327888m0.md"": [], ""https://docs.apifox.com/6327890m0.md"": [""仅支持公开发布、任何人都可以直接访问的在线文档，**不支持设置了密码、邮箱白名单、IP 白名单的在线文档**。如果不希望公开接口文档，仅仅是内部人员可以访问，建议使用项目 ID 和个人访问令牌读取 Apifox 项目数据，详见：[通过 MCP 使用项目内文档](https://docs.apifox.com/6327888m0.md)。""], ""https://docs.apifox.com/6327891m0.md"": [], ""https://learning.postman.com/docs/use/send-requests/protocols/mcp-requests/overview"": [], ""https://learning.postman.com/docs/use/send-requests/protocols/mcp-requests/oauth-debugger"": [], ""https://learning.postman.com/docs/use/send-requests/protocols/mcp-requests/export-mcp-server-config"": [], ""https://learning.postman.com/docs/postman-api-network/showcase/publish/mcp-servers/overview"": []}"
mcp-007,mcp,MCP 在 AI/Flows 中调用,桌面 + 服务端,pending,https://docs.apifox.com/mcp.md;https://docs.apifox.com/apifox-mcp-server.md;https://docs.apifox.com/6327888m0.md;https://docs.apifox.com/6327890m0.md;https://docs.apifox.com/6327891m0.md,https://learning.postman.com/docs/use/send-requests/protocols/mcp-requests/overview;https://learning.postman.com/docs/use/send-requests/protocols/mcp-requests/oauth-debugger;https://learning.postman.com/docs/use/send-requests/protocols/mcp-requests/export-mcp-server-config;https://learning.postman.com/docs/postman-api-network/showcase/publish/mcp-servers/overview,,"{""https://docs.apifox.com/mcp.md"": [], ""https://docs.apifox.com/apifox-mcp-server.md"": [""- 仅支持公开发布、任何人都可以直接访问的在线文档，不支持设置了密码、邮箱白名单、IP 白名单的在线文档""], ""https://docs.apifox.com/6327888m0.md"": [], ""https://docs.apifox.com/6327890m0.md"": [""仅支持公开发布、任何人都可以直接访问的在线文档，**不支持设置了密码、邮箱白名单、IP 白名单的在线文档**。如果不希望公开接口文档，仅仅是内部人员可以访问，建议使用项目 ID 和个人访问令牌读取 Apifox 项目数据，详见：[通过 MCP 使用项目内文档](https://docs.apifox.com/6327888m0.md)。""], ""https://docs.apifox.com/6327891m0.md"": [], ""https://learning.postman.com/docs/use/send-requests/protocols/mcp-requests/overview"": [], ""https://learning.postman.com/docs/use/send-requests/protocols/mcp-requests/oauth-debugger"": [], ""https://learning.postman.com/docs/use/send-requests/protocols/mcp-requests/export-mcp-server-config"": [], ""https://learning.postman.com/docs/postman-api-network/showcase/publish/mcp-servers/overview"": []}"
administration-001,administration,组织/团队/用户组,服务端 + 客户端访问,pending,https://docs.apifox.com/organization-basic-operations.md;https://docs.apifox.com/sso.md;https://docs.apifox.com/scim-user-management.md;https://docs.apifox.com/9254394m0.md;https://docs.apifox.com/9252226m0.md,https://learning.postman.com/docs/administration/admin-overview;https://learning.postman.com/docs/administration/sso/intro-sso;https://learning.postman.com/docs/administration/scim-provisioning/scim-provisioning-overview;https://learning.postman.com/docs/administration/managing-your-team/audit-logs;https://learning.postman.com/docs/administration/managing-your-team/secret-scanner/overview,,"{""https://docs.apifox.com/organization-basic-operations.md"": [""[商业旗舰版](https://apifox.com/pricing)可以通过[自定义项目角色](https://docs.apifox.com/member-roles-and-permissions#%E8%87%AA%E5%AE%9A%E4%B9%89%E9%A1%B9%E7%9B%AE%E8%A7%92%E8%89%B2)来控制项目成员的操作权限。"", ""自定义角色仅支持 **项目层级**，组织角色暂不支持自定义。""], ""https://docs.apifox.com/sso.md"": [""> [Apifox 商业旗舰版可使用单点登录（SSO）功能](https://www.apifox.com/pricing)"", ""- 已经在 Apifox 内创建了组织，而且该组织已经购买了商业旗舰版""], ""https://docs.apifox.com/scim-user-management.md"": [""> [Apifox 商业旗舰版可使用 SCIM 功能](https://www.apifox.com/pricing)"", ""Apifox 不支持以下 SCIM 功能："", ""- 已在 Apifox 中设置组织并订阅了商业旗舰版付款计划。""], ""https://docs.apifox.com/9254394m0.md"": [""| 组织成员 | 不支持 | 不支持 | 不支持 |"", ""审计日志支持通过 API 采集日志。目前暂不支持原生 SIEM 连接器、Syslog、通用 Webhook 转发和实时日志流。""], ""https://docs.apifox.com/9252226m0.md"": [], ""https://learning.postman.com/docs/administration/admin-overview"": [], ""https://learning.postman.com/docs/administration/sso/intro-sso"": [""> This feature is available on Postman Enterprise plans and Team plans with the Simple Security add-on. For more information, see the [pricing page](https://www.postman.com/pricing/).""], ""https://learning.postman.com/docs/administration/scim-provisioning/scim-provisioning-overview"": [""> This feature is available on Postman Enterprise plans. For more information, see the [pricing page](https://www.postman.com/pricing/).""], ""https://learning.postman.com/docs/administration/managing-your-team/audit-logs"": [""> This feature is available on Postman Enterprise plans. For more information, see the [pricing page](https://www.postman.com/pricing/).""], ""https://learning.postman.com/docs/administration/managing-your-team/secret-scanner/overview"": [""Use custom patterns in the dashboard to detect secrets specific to your organization, such as proprietary tokens. Custom patterns are available on Enterprise plans with the Advanced Security Administration add-on."", ""Use Secret Scanner reports to understand how secrets are detected and managed across your organization. Reports include metrics for both Local Secret Protection and Cloud Secret Detection. Secret Scanner reports are available on Postman Enterprise plans with the Advanced Security Administration add-on.""]}"
administration-002,administration,SSO/SAML/OIDC 适配,服务端 + 客户端访问,pending,https://docs.apifox.com/organization-basic-operations.md;https://docs.apifox.com/sso.md;https://docs.apifox.com/scim-user-management.md;https://docs.apifox.com/9254394m0.md;https://docs.apifox.com/9252226m0.md,https://learning.postman.com/docs/administration/admin-overview;https://learning.postman.com/docs/administration/sso/intro-sso;https://learning.postman.com/docs/administration/scim-provisioning/scim-provisioning-overview;https://learning.postman.com/docs/administration/managing-your-team/audit-logs;https://learning.postman.com/docs/administration/managing-your-team/secret-scanner/overview,,"{""https://docs.apifox.com/organization-basic-operations.md"": [""[商业旗舰版](https://apifox.com/pricing)可以通过[自定义项目角色](https://docs.apifox.com/member-roles-and-permissions#%E8%87%AA%E5%AE%9A%E4%B9%89%E9%A1%B9%E7%9B%AE%E8%A7%92%E8%89%B2)来控制项目成员的操作权限。"", ""自定义角色仅支持 **项目层级**，组织角色暂不支持自定义。""], ""https://docs.apifox.com/sso.md"": [""> [Apifox 商业旗舰版可使用单点登录（SSO）功能](https://www.apifox.com/pricing)"", ""- 已经在 Apifox 内创建了组织，而且该组织已经购买了商业旗舰版""], ""https://docs.apifox.com/scim-user-management.md"": [""> [Apifox 商业旗舰版可使用 SCIM 功能](https://www.apifox.com/pricing)"", ""Apifox 不支持以下 SCIM 功能："", ""- 已在 Apifox 中设置组织并订阅了商业旗舰版付款计划。""], ""https://docs.apifox.com/9254394m0.md"": [""| 组织成员 | 不支持 | 不支持 | 不支持 |"", ""审计日志支持通过 API 采集日志。目前暂不支持原生 SIEM 连接器、Syslog、通用 Webhook 转发和实时日志流。""], ""https://docs.apifox.com/9252226m0.md"": [], ""https://learning.postman.com/docs/administration/admin-overview"": [], ""https://learning.postman.com/docs/administration/sso/intro-sso"": [""> This feature is available on Postman Enterprise plans and Team plans with the Simple Security add-on. For more information, see the [pricing page](https://www.postman.com/pricing/).""], ""https://learning.postman.com/docs/administration/scim-provisioning/scim-provisioning-overview"": [""> This feature is available on Postman Enterprise plans. For more information, see the [pricing page](https://www.postman.com/pricing/).""], ""https://learning.postman.com/docs/administration/managing-your-team/audit-logs"": [""> This feature is available on Postman Enterprise plans. For more information, see the [pricing page](https://www.postman.com/pricing/).""], ""https://learning.postman.com/docs/administration/managing-your-team/secret-scanner/overview"": [""Use custom patterns in the dashboard to detect secrets specific to your organization, such as proprietary tokens. Custom patterns are available on Enterprise plans with the Advanced Security Administration add-on."", ""Use Secret Scanner reports to understand how secrets are detected and managed across your organization. Reports include metrics for both Local Secret Protection and Cloud Secret Detection. Secret Scanner reports are available on Postman Enterprise plans with the Advanced Security Administration add-on.""]}"
administration-003,administration,SCIM 用户/组同步,服务端 + 客户端访问,pending,https://docs.apifox.com/organization-basic-operations.md;https://docs.apifox.com/sso.md;https://docs.apifox.com/scim-user-management.md;https://docs.apifox.com/9254394m0.md;https://docs.apifox.com/9252226m0.md,https://learning.postman.com/docs/administration/admin-overview;https://learning.postman.com/docs/administration/sso/intro-sso;https://learning.postman.com/docs/administration/scim-provisioning/scim-provisioning-overview;https://learning.postman.com/docs/administration/managing-your-team/audit-logs;https://learning.postman.com/docs/administration/managing-your-team/secret-scanner/overview,,"{""https://docs.apifox.com/organization-basic-operations.md"": [""[商业旗舰版](https://apifox.com/pricing)可以通过[自定义项目角色](https://docs.apifox.com/member-roles-and-permissions#%E8%87%AA%E5%AE%9A%E4%B9%89%E9%A1%B9%E7%9B%AE%E8%A7%92%E8%89%B2)来控制项目成员的操作权限。"", ""自定义角色仅支持 **项目层级**，组织角色暂不支持自定义。""], ""https://docs.apifox.com/sso.md"": [""> [Apifox 商业旗舰版可使用单点登录（SSO）功能](https://www.apifox.com/pricing)"", ""- 已经在 Apifox 内创建了组织，而且该组织已经购买了商业旗舰版""], ""https://docs.apifox.com/scim-user-management.md"": [""> [Apifox 商业旗舰版可使用 SCIM 功能](https://www.apifox.com/pricing)"", ""Apifox 不支持以下 SCIM 功能："", ""- 已在 Apifox 中设置组织并订阅了商业旗舰版付款计划。""], ""https://docs.apifox.com/9254394m0.md"": [""| 组织成员 | 不支持 | 不支持 | 不支持 |"", ""审计日志支持通过 API 采集日志。目前暂不支持原生 SIEM 连接器、Syslog、通用 Webhook 转发和实时日志流。""], ""https://docs.apifox.com/9252226m0.md"": [], ""https://learning.postman.com/docs/administration/admin-overview"": [], ""https://learning.postman.com/docs/administration/sso/intro-sso"": [""> This feature is available on Postman Enterprise plans and Team plans with the Simple Security add-on. For more information, see the [pricing page](https://www.postman.com/pricing/).""], ""https://learning.postman.com/docs/administration/scim-provisioning/scim-provisioning-overview"": [""> This feature is available on Postman Enterprise plans. For more information, see the [pricing page](https://www.postman.com/pricing/).""], ""https://learning.postman.com/docs/administration/managing-your-team/audit-logs"": [""> This feature is available on Postman Enterprise plans. For more information, see the [pricing page](https://www.postman.com/pricing/).""], ""https://learning.postman.com/docs/administration/managing-your-team/secret-scanner/overview"": [""Use custom patterns in the dashboard to detect secrets specific to your organization, such as proprietary tokens. Custom patterns are available on Enterprise plans with the Advanced Security Administration add-on."", ""Use Secret Scanner reports to understand how secrets are detected and managed across your organization. Reports include metrics for both Local Secret Protection and Cloud Secret Detection. Secret Scanner reports are available on Postman Enterprise plans with the Advanced Security Administration add-on.""]}"
administration-004,administration,账号/组映射与成员权限,服务端 + 客户端访问,pending,https://docs.apifox.com/organization-basic-operations.md;https://docs.apifox.com/sso.md;https://docs.apifox.com/scim-user-management.md;https://docs.apifox.com/9254394m0.md;https://docs.apifox.com/9252226m0.md,https://learning.postman.com/docs/administration/admin-overview;https://learning.postman.com/docs/administration/sso/intro-sso;https://learning.postman.com/docs/administration/scim-provisioning/scim-provisioning-overview;https://learning.postman.com/docs/administration/managing-your-team/audit-logs;https://learning.postman.com/docs/administration/managing-your-team/secret-scanner/overview,,"{""https://docs.apifox.com/organization-basic-operations.md"": [""[商业旗舰版](https://apifox.com/pricing)可以通过[自定义项目角色](https://docs.apifox.com/member-roles-and-permissions#%E8%87%AA%E5%AE%9A%E4%B9%89%E9%A1%B9%E7%9B%AE%E8%A7%92%E8%89%B2)来控制项目成员的操作权限。"", ""自定义角色仅支持 **项目层级**，组织角色暂不支持自定义。""], ""https://docs.apifox.com/sso.md"": [""> [Apifox 商业旗舰版可使用单点登录（SSO）功能](https://www.apifox.com/pricing)"", ""- 已经在 Apifox 内创建了组织，而且该组织已经购买了商业旗舰版""], ""https://docs.apifox.com/scim-user-management.md"": [""> [Apifox 商业旗舰版可使用 SCIM 功能](https://www.apifox.com/pricing)"", ""Apifox 不支持以下 SCIM 功能："", ""- 已在 Apifox 中设置组织并订阅了商业旗舰版付款计划。""], ""https://docs.apifox.com/9254394m0.md"": [""| 组织成员 | 不支持 | 不支持 | 不支持 |"", ""审计日志支持通过 API 采集日志。目前暂不支持原生 SIEM 连接器、Syslog、通用 Webhook 转发和实时日志流。""], ""https://docs.apifox.com/9252226m0.md"": [], ""https://learning.postman.com/docs/administration/admin-overview"": [], ""https://learning.postman.com/docs/administration/sso/intro-sso"": [""> This feature is available on Postman Enterprise plans and Team plans with the Simple Security add-on. For more information, see the [pricing page](https://www.postman.com/pricing/).""], ""https://learning.postman.com/docs/administration/scim-provisioning/scim-provisioning-overview"": [""> This feature is available on Postman Enterprise plans. For more information, see the [pricing page](https://www.postman.com/pricing/).""], ""https://learning.postman.com/docs/administration/managing-your-team/audit-logs"": [""> This feature is available on Postman Enterprise plans. For more information, see the [pricing page](https://www.postman.com/pricing/).""], ""https://learning.postman.com/docs/administration/managing-your-team/secret-scanner/overview"": [""Use custom patterns in the dashboard to detect secrets specific to your organization, such as proprietary tokens. Custom patterns are available on Enterprise plans with the Advanced Security Administration add-on."", ""Use Secret Scanner reports to understand how secrets are detected and managed across your organization. Reports include metrics for both Local Secret Protection and Cloud Secret Detection. Secret Scanner reports are available on Postman Enterprise plans with the Advanced Security Administration add-on.""]}"
administration-005,administration,审计日志,服务端 + 客户端访问,pending,https://docs.apifox.com/organization-basic-operations.md;https://docs.apifox.com/sso.md;https://docs.apifox.com/scim-user-management.md;https://docs.apifox.com/9254394m0.md;https://docs.apifox.com/9252226m0.md,https://learning.postman.com/docs/administration/admin-overview;https://learning.postman.com/docs/administration/sso/intro-sso;https://learning.postman.com/docs/administration/scim-provisioning/scim-provisioning-overview;https://learning.postman.com/docs/administration/managing-your-team/audit-logs;https://learning.postman.com/docs/administration/managing-your-team/secret-scanner/overview,,"{""https://docs.apifox.com/organization-basic-operations.md"": [""[商业旗舰版](https://apifox.com/pricing)可以通过[自定义项目角色](https://docs.apifox.com/member-roles-and-permissions#%E8%87%AA%E5%AE%9A%E4%B9%89%E9%A1%B9%E7%9B%AE%E8%A7%92%E8%89%B2)来控制项目成员的操作权限。"", ""自定义角色仅支持 **项目层级**，组织角色暂不支持自定义。""], ""https://docs.apifox.com/sso.md"": [""> [Apifox 商业旗舰版可使用单点登录（SSO）功能](https://www.apifox.com/pricing)"", ""- 已经在 Apifox 内创建了组织，而且该组织已经购买了商业旗舰版""], ""https://docs.apifox.com/scim-user-management.md"": [""> [Apifox 商业旗舰版可使用 SCIM 功能](https://www.apifox.com/pricing)"", ""Apifox 不支持以下 SCIM 功能："", ""- 已在 Apifox 中设置组织并订阅了商业旗舰版付款计划。""], ""https://docs.apifox.com/9254394m0.md"": [""| 组织成员 | 不支持 | 不支持 | 不支持 |"", ""审计日志支持通过 API 采集日志。目前暂不支持原生 SIEM 连接器、Syslog、通用 Webhook 转发和实时日志流。""], ""https://docs.apifox.com/9252226m0.md"": [], ""https://learning.postman.com/docs/administration/admin-overview"": [], ""https://learning.postman.com/docs/administration/sso/intro-sso"": [""> This feature is available on Postman Enterprise plans and Team plans with the Simple Security add-on. For more information, see the [pricing page](https://www.postman.com/pricing/).""], ""https://learning.postman.com/docs/administration/scim-provisioning/scim-provisioning-overview"": [""> This feature is available on Postman Enterprise plans. For more information, see the [pricing page](https://www.postman.com/pricing/).""], ""https://learning.postman.com/docs/administration/managing-your-team/audit-logs"": [""> This feature is available on Postman Enterprise plans. For more information, see the [pricing page](https://www.postman.com/pricing/).""], ""https://learning.postman.com/docs/administration/managing-your-team/secret-scanner/overview"": [""Use custom patterns in the dashboard to detect secrets specific to your organization, such as proprietary tokens. Custom patterns are available on Enterprise plans with the Advanced Security Administration add-on."", ""Use Secret Scanner reports to understand how secrets are detected and managed across your organization. Reports include metrics for both Local Secret Protection and Cloud Secret Detection. Secret Scanner reports are available on Postman Enterprise plans with the Advanced Security Administration add-on.""]}"
administration-006,administration,密钥扫描/泄漏发现,服务端 + 客户端访问,pending,https://docs.apifox.com/organization-basic-operations.md;https://docs.apifox.com/sso.md;https://docs.apifox.com/scim-user-management.md;https://docs.apifox.com/9254394m0.md;https://docs.apifox.com/9252226m0.md,https://learning.postman.com/docs/administration/admin-overview;https://learning.postman.com/docs/administration/sso/intro-sso;https://learning.postman.com/docs/administration/scim-provisioning/scim-provisioning-overview;https://learning.postman.com/docs/administration/managing-your-team/audit-logs;https://learning.postman.com/docs/administration/managing-your-team/secret-scanner/overview,,"{""https://docs.apifox.com/organization-basic-operations.md"": [""[商业旗舰版](https://apifox.com/pricing)可以通过[自定义项目角色](https://docs.apifox.com/member-roles-and-permissions#%E8%87%AA%E5%AE%9A%E4%B9%89%E9%A1%B9%E7%9B%AE%E8%A7%92%E8%89%B2)来控制项目成员的操作权限。"", ""自定义角色仅支持 **项目层级**，组织角色暂不支持自定义。""], ""https://docs.apifox.com/sso.md"": [""> [Apifox 商业旗舰版可使用单点登录（SSO）功能](https://www.apifox.com/pricing)"", ""- 已经在 Apifox 内创建了组织，而且该组织已经购买了商业旗舰版""], ""https://docs.apifox.com/scim-user-management.md"": [""> [Apifox 商业旗舰版可使用 SCIM 功能](https://www.apifox.com/pricing)"", ""Apifox 不支持以下 SCIM 功能："", ""- 已在 Apifox 中设置组织并订阅了商业旗舰版付款计划。""], ""https://docs.apifox.com/9254394m0.md"": [""| 组织成员 | 不支持 | 不支持 | 不支持 |"", ""审计日志支持通过 API 采集日志。目前暂不支持原生 SIEM 连接器、Syslog、通用 Webhook 转发和实时日志流。""], ""https://docs.apifox.com/9252226m0.md"": [], ""https://learning.postman.com/docs/administration/admin-overview"": [], ""https://learning.postman.com/docs/administration/sso/intro-sso"": [""> This feature is available on Postman Enterprise plans and Team plans with the Simple Security add-on. For more information, see the [pricing page](https://www.postman.com/pricing/).""], ""https://learning.postman.com/docs/administration/scim-provisioning/scim-provisioning-overview"": [""> This feature is available on Postman Enterprise plans. For more information, see the [pricing page](https://www.postman.com/pricing/).""], ""https://learning.postman.com/docs/administration/managing-your-team/audit-logs"": [""> This feature is available on Postman Enterprise plans. For more information, see the [pricing page](https://www.postman.com/pricing/).""], ""https://learning.postman.com/docs/administration/managing-your-team/secret-scanner/overview"": [""Use custom patterns in the dashboard to detect secrets specific to your organization, such as proprietary tokens. Custom patterns are available on Enterprise plans with the Advanced Security Administration add-on."", ""Use Secret Scanner reports to understand how secrets are detected and managed across your organization. Reports include metrics for both Local Secret Protection and Cloud Secret Detection. Secret Scanner reports are available on Postman Enterprise plans with the Advanced Security Administration add-on.""]}"
administration-007,administration,服务账号/API Token,服务端 + 客户端访问,pending,https://docs.apifox.com/organization-basic-operations.md;https://docs.apifox.com/sso.md;https://docs.apifox.com/scim-user-management.md;https://docs.apifox.com/9254394m0.md;https://docs.apifox.com/9252226m0.md,https://learning.postman.com/docs/administration/admin-overview;https://learning.postman.com/docs/administration/sso/intro-sso;https://learning.postman.com/docs/administration/scim-provisioning/scim-provisioning-overview;https://learning.postman.com/docs/administration/managing-your-team/audit-logs;https://learning.postman.com/docs/administration/managing-your-team/secret-scanner/overview,,"{""https://docs.apifox.com/organization-basic-operations.md"": [""[商业旗舰版](https://apifox.com/pricing)可以通过[自定义项目角色](https://docs.apifox.com/member-roles-and-permissions#%E8%87%AA%E5%AE%9A%E4%B9%89%E9%A1%B9%E7%9B%AE%E8%A7%92%E8%89%B2)来控制项目成员的操作权限。"", ""自定义角色仅支持 **项目层级**，组织角色暂不支持自定义。""], ""https://docs.apifox.com/sso.md"": [""> [Apifox 商业旗舰版可使用单点登录（SSO）功能](https://www.apifox.com/pricing)"", ""- 已经在 Apifox 内创建了组织，而且该组织已经购买了商业旗舰版""], ""https://docs.apifox.com/scim-user-management.md"": [""> [Apifox 商业旗舰版可使用 SCIM 功能](https://www.apifox.com/pricing)"", ""Apifox 不支持以下 SCIM 功能："", ""- 已在 Apifox 中设置组织并订阅了商业旗舰版付款计划。""], ""https://docs.apifox.com/9254394m0.md"": [""| 组织成员 | 不支持 | 不支持 | 不支持 |"", ""审计日志支持通过 API 采集日志。目前暂不支持原生 SIEM 连接器、Syslog、通用 Webhook 转发和实时日志流。""], ""https://docs.apifox.com/9252226m0.md"": [], ""https://learning.postman.com/docs/administration/admin-overview"": [], ""https://learning.postman.com/docs/administration/sso/intro-sso"": [""> This feature is available on Postman Enterprise plans and Team plans with the Simple Security add-on. For more information, see the [pricing page](https://www.postman.com/pricing/).""], ""https://learning.postman.com/docs/administration/scim-provisioning/scim-provisioning-overview"": [""> This feature is available on Postman Enterprise plans. For more information, see the [pricing page](https://www.postman.com/pricing/).""], ""https://learning.postman.com/docs/administration/managing-your-team/audit-logs"": [""> This feature is available on Postman Enterprise plans. For more information, see the [pricing page](https://www.postman.com/pricing/).""], ""https://learning.postman.com/docs/administration/managing-your-team/secret-scanner/overview"": [""Use custom patterns in the dashboard to detect secrets specific to your organization, such as proprietary tokens. Custom patterns are available on Enterprise plans with the Advanced Security Administration add-on."", ""Use Secret Scanner reports to understand how secrets are detected and managed across your organization. Reports include metrics for both Local Secret Protection and Cloud Secret Detection. Secret Scanner reports are available on Postman Enterprise plans with the Advanced Security Administration add-on.""]}"
administration-008,administration,企业安装部署策略,服务端 + 客户端访问,pending,https://docs.apifox.com/organization-basic-operations.md;https://docs.apifox.com/sso.md;https://docs.apifox.com/scim-user-management.md;https://docs.apifox.com/9254394m0.md;https://docs.apifox.com/9252226m0.md,https://learning.postman.com/docs/administration/admin-overview;https://learning.postman.com/docs/administration/sso/intro-sso;https://learning.postman.com/docs/administration/scim-provisioning/scim-provisioning-overview;https://learning.postman.com/docs/administration/managing-your-team/audit-logs;https://learning.postman.com/docs/administration/managing-your-team/secret-scanner/overview,,"{""https://docs.apifox.com/organization-basic-operations.md"": [""[商业旗舰版](https://apifox.com/pricing)可以通过[自定义项目角色](https://docs.apifox.com/member-roles-and-permissions#%E8%87%AA%E5%AE%9A%E4%B9%89%E9%A1%B9%E7%9B%AE%E8%A7%92%E8%89%B2)来控制项目成员的操作权限。"", ""自定义角色仅支持 **项目层级**，组织角色暂不支持自定义。""], ""https://docs.apifox.com/sso.md"": [""> [Apifox 商业旗舰版可使用单点登录（SSO）功能](https://www.apifox.com/pricing)"", ""- 已经在 Apifox 内创建了组织，而且该组织已经购买了商业旗舰版""], ""https://docs.apifox.com/scim-user-management.md"": [""> [Apifox 商业旗舰版可使用 SCIM 功能](https://www.apifox.com/pricing)"", ""Apifox 不支持以下 SCIM 功能："", ""- 已在 Apifox 中设置组织并订阅了商业旗舰版付款计划。""], ""https://docs.apifox.com/9254394m0.md"": [""| 组织成员 | 不支持 | 不支持 | 不支持 |"", ""审计日志支持通过 API 采集日志。目前暂不支持原生 SIEM 连接器、Syslog、通用 Webhook 转发和实时日志流。""], ""https://docs.apifox.com/9252226m0.md"": [], ""https://learning.postman.com/docs/administration/admin-overview"": [], ""https://learning.postman.com/docs/administration/sso/intro-sso"": [""> This feature is available on Postman Enterprise plans and Team plans with the Simple Security add-on. For more information, see the [pricing page](https://www.postman.com/pricing/).""], ""https://learning.postman.com/docs/administration/scim-provisioning/scim-provisioning-overview"": [""> This feature is available on Postman Enterprise plans. For more information, see the [pricing page](https://www.postman.com/pricing/).""], ""https://learning.postman.com/docs/administration/managing-your-team/audit-logs"": [""> This feature is available on Postman Enterprise plans. For more information, see the [pricing page](https://www.postman.com/pricing/).""], ""https://learning.postman.com/docs/administration/managing-your-team/secret-scanner/overview"": [""Use custom patterns in the dashboard to detect secrets specific to your organization, such as proprietary tokens. Custom patterns are available on Enterprise plans with the Advanced Security Administration add-on."", ""Use Secret Scanner reports to understand how secrets are detected and managed across your organization. Reports include metrics for both Local Secret Protection and Cloud Secret Detection. Secret Scanner reports are available on Postman Enterprise plans with the Advanced Security Administration add-on.""]}"
administration-009,administration,域验证/账号捕获,服务端 + 客户端访问,pending,https://docs.apifox.com/organization-basic-operations.md;https://docs.apifox.com/sso.md;https://docs.apifox.com/scim-user-management.md;https://docs.apifox.com/9254394m0.md;https://docs.apifox.com/9252226m0.md,https://learning.postman.com/docs/administration/admin-overview;https://learning.postman.com/docs/administration/sso/intro-sso;https://learning.postman.com/docs/administration/scim-provisioning/scim-provisioning-overview;https://learning.postman.com/docs/administration/managing-your-team/audit-logs;https://learning.postman.com/docs/administration/managing-your-team/secret-scanner/overview,,"{""https://docs.apifox.com/organization-basic-operations.md"": [""[商业旗舰版](https://apifox.com/pricing)可以通过[自定义项目角色](https://docs.apifox.com/member-roles-and-permissions#%E8%87%AA%E5%AE%9A%E4%B9%89%E9%A1%B9%E7%9B%AE%E8%A7%92%E8%89%B2)来控制项目成员的操作权限。"", ""自定义角色仅支持 **项目层级**，组织角色暂不支持自定义。""], ""https://docs.apifox.com/sso.md"": [""> [Apifox 商业旗舰版可使用单点登录（SSO）功能](https://www.apifox.com/pricing)"", ""- 已经在 Apifox 内创建了组织，而且该组织已经购买了商业旗舰版""], ""https://docs.apifox.com/scim-user-management.md"": [""> [Apifox 商业旗舰版可使用 SCIM 功能](https://www.apifox.com/pricing)"", ""Apifox 不支持以下 SCIM 功能："", ""- 已在 Apifox 中设置组织并订阅了商业旗舰版付款计划。""], ""https://docs.apifox.com/9254394m0.md"": [""| 组织成员 | 不支持 | 不支持 | 不支持 |"", ""审计日志支持通过 API 采集日志。目前暂不支持原生 SIEM 连接器、Syslog、通用 Webhook 转发和实时日志流。""], ""https://docs.apifox.com/9252226m0.md"": [], ""https://learning.postman.com/docs/administration/admin-overview"": [], ""https://learning.postman.com/docs/administration/sso/intro-sso"": [""> This feature is available on Postman Enterprise plans and Team plans with the Simple Security add-on. For more information, see the [pricing page](https://www.postman.com/pricing/).""], ""https://learning.postman.com/docs/administration/scim-provisioning/scim-provisioning-overview"": [""> This feature is available on Postman Enterprise plans. For more information, see the [pricing page](https://www.postman.com/pricing/).""], ""https://learning.postman.com/docs/administration/managing-your-team/audit-logs"": [""> This feature is available on Postman Enterprise plans. For more information, see the [pricing page](https://www.postman.com/pricing/).""], ""https://learning.postman.com/docs/administration/managing-your-team/secret-scanner/overview"": [""Use custom patterns in the dashboard to detect secrets specific to your organization, such as proprietary tokens. Custom patterns are available on Enterprise plans with the Advanced Security Administration add-on."", ""Use Secret Scanner reports to understand how secrets are detected and managed across your organization. Reports include metrics for both Local Secret Protection and Cloud Secret Detection. Secret Scanner reports are available on Postman Enterprise plans with the Advanced Security Administration add-on.""]}"
administration-010,administration,网络/IP 访问策略,服务端 + 客户端访问,pending,https://docs.apifox.com/organization-basic-operations.md;https://docs.apifox.com/sso.md;https://docs.apifox.com/scim-user-management.md;https://docs.apifox.com/9254394m0.md;https://docs.apifox.com/9252226m0.md,https://learning.postman.com/docs/administration/admin-overview;https://learning.postman.com/docs/administration/sso/intro-sso;https://learning.postman.com/docs/administration/scim-provisioning/scim-provisioning-overview;https://learning.postman.com/docs/administration/managing-your-team/audit-logs;https://learning.postman.com/docs/administration/managing-your-team/secret-scanner/overview,,"{""https://docs.apifox.com/organization-basic-operations.md"": [""[商业旗舰版](https://apifox.com/pricing)可以通过[自定义项目角色](https://docs.apifox.com/member-roles-and-permissions#%E8%87%AA%E5%AE%9A%E4%B9%89%E9%A1%B9%E7%9B%AE%E8%A7%92%E8%89%B2)来控制项目成员的操作权限。"", ""自定义角色仅支持 **项目层级**，组织角色暂不支持自定义。""], ""https://docs.apifox.com/sso.md"": [""> [Apifox 商业旗舰版可使用单点登录（SSO）功能](https://www.apifox.com/pricing)"", ""- 已经在 Apifox 内创建了组织，而且该组织已经购买了商业旗舰版""], ""https://docs.apifox.com/scim-user-management.md"": [""> [Apifox 商业旗舰版可使用 SCIM 功能](https://www.apifox.com/pricing)"", ""Apifox 不支持以下 SCIM 功能："", ""- 已在 Apifox 中设置组织并订阅了商业旗舰版付款计划。""], ""https://docs.apifox.com/9254394m0.md"": [""| 组织成员 | 不支持 | 不支持 | 不支持 |"", ""审计日志支持通过 API 采集日志。目前暂不支持原生 SIEM 连接器、Syslog、通用 Webhook 转发和实时日志流。""], ""https://docs.apifox.com/9252226m0.md"": [], ""https://learning.postman.com/docs/administration/admin-overview"": [], ""https://learning.postman.com/docs/administration/sso/intro-sso"": [""> This feature is available on Postman Enterprise plans and Team plans with the Simple Security add-on. For more information, see the [pricing page](https://www.postman.com/pricing/).""], ""https://learning.postman.com/docs/administration/scim-provisioning/scim-provisioning-overview"": [""> This feature is available on Postman Enterprise plans. For more information, see the [pricing page](https://www.postman.com/pricing/).""], ""https://learning.postman.com/docs/administration/managing-your-team/audit-logs"": [""> This feature is available on Postman Enterprise plans. For more information, see the [pricing page](https://www.postman.com/pricing/).""], ""https://learning.postman.com/docs/administration/managing-your-team/secret-scanner/overview"": [""Use custom patterns in the dashboard to detect secrets specific to your organization, such as proprietary tokens. Custom patterns are available on Enterprise plans with the Advanced Security Administration add-on."", ""Use Secret Scanner reports to understand how secrets are detected and managed across your organization. Reports include metrics for both Local Secret Protection and Cloud Secret Detection. Secret Scanner reports are available on Postman Enterprise plans with the Advanced Security Administration add-on.""]}"
administration-011,administration,安全管理与访问活动,服务端 + 客户端访问,pending,https://docs.apifox.com/organization-basic-operations.md;https://docs.apifox.com/sso.md;https://docs.apifox.com/scim-user-management.md;https://docs.apifox.com/9254394m0.md;https://docs.apifox.com/9252226m0.md,https://learning.postman.com/docs/administration/admin-overview;https://learning.postman.com/docs/administration/sso/intro-sso;https://learning.postman.com/docs/administration/scim-provisioning/scim-provisioning-overview;https://learning.postman.com/docs/administration/managing-your-team/audit-logs;https://learning.postman.com/docs/administration/managing-your-team/secret-scanner/overview,,"{""https://docs.apifox.com/organization-basic-operations.md"": [""[商业旗舰版](https://apifox.com/pricing)可以通过[自定义项目角色](https://docs.apifox.com/member-roles-and-permissions#%E8%87%AA%E5%AE%9A%E4%B9%89%E9%A1%B9%E7%9B%AE%E8%A7%92%E8%89%B2)来控制项目成员的操作权限。"", ""自定义角色仅支持 **项目层级**，组织角色暂不支持自定义。""], ""https://docs.apifox.com/sso.md"": [""> [Apifox 商业旗舰版可使用单点登录（SSO）功能](https://www.apifox.com/pricing)"", ""- 已经在 Apifox 内创建了组织，而且该组织已经购买了商业旗舰版""], ""https://docs.apifox.com/scim-user-management.md"": [""> [Apifox 商业旗舰版可使用 SCIM 功能](https://www.apifox.com/pricing)"", ""Apifox 不支持以下 SCIM 功能："", ""- 已在 Apifox 中设置组织并订阅了商业旗舰版付款计划。""], ""https://docs.apifox.com/9254394m0.md"": [""| 组织成员 | 不支持 | 不支持 | 不支持 |"", ""审计日志支持通过 API 采集日志。目前暂不支持原生 SIEM 连接器、Syslog、通用 Webhook 转发和实时日志流。""], ""https://docs.apifox.com/9252226m0.md"": [], ""https://learning.postman.com/docs/administration/admin-overview"": [], ""https://learning.postman.com/docs/administration/sso/intro-sso"": [""> This feature is available on Postman Enterprise plans and Team plans with the Simple Security add-on. For more information, see the [pricing page](https://www.postman.com/pricing/).""], ""https://learning.postman.com/docs/administration/scim-provisioning/scim-provisioning-overview"": [""> This feature is available on Postman Enterprise plans. For more information, see the [pricing page](https://www.postman.com/pricing/).""], ""https://learning.postman.com/docs/administration/managing-your-team/audit-logs"": [""> This feature is available on Postman Enterprise plans. For more information, see the [pricing page](https://www.postman.com/pricing/).""], ""https://learning.postman.com/docs/administration/managing-your-team/secret-scanner/overview"": [""Use custom patterns in the dashboard to detect secrets specific to your organization, such as proprietary tokens. Custom patterns are available on Enterprise plans with the Advanced Security Administration add-on."", ""Use Secret Scanner reports to understand how secrets are detected and managed across your organization. Reports include metrics for both Local Secret Protection and Cloud Secret Detection. Secret Scanner reports are available on Postman Enterprise plans with the Advanced Security Administration add-on.""]}"
governance-001,governance,API 规范 lint 与治理规则,可选服务端模块,pending,https://docs.apifox.com/api-compliance-check.md,https://learning.postman.com/docs/api-governance/api-governance-overview;https://learning.postman.com/docs/api-catalog/overview;https://learning.postman.com/docs/insights/overview;https://learning.postman.com/docs/reports/reports-overview,,"{""https://docs.apifox.com/api-compliance-check.md"": [], ""https://learning.postman.com/docs/api-governance/api-governance-overview"": [], ""https://learning.postman.com/docs/api-catalog/overview"": [""> This feature is available on Postman Enterprise plans. For more information, see the [pricing page](https://www.postman.com/pricing/).""], ""https://learning.postman.com/docs/insights/overview"": [""> This feature is available on Postman Enterprise plans. For more information, see the [pricing page](https://www.postman.com/pricing/).""], ""https://learning.postman.com/docs/reports/reports-overview"": []}"
governance-002,governance,自定义规则/函数,可选服务端模块,pending,https://docs.apifox.com/api-compliance-check.md,https://learning.postman.com/docs/api-governance/api-governance-overview;https://learning.postman.com/docs/api-catalog/overview;https://learning.postman.com/docs/insights/overview;https://learning.postman.com/docs/reports/reports-overview,,"{""https://docs.apifox.com/api-compliance-check.md"": [], ""https://learning.postman.com/docs/api-governance/api-governance-overview"": [], ""https://learning.postman.com/docs/api-catalog/overview"": [""> This feature is available on Postman Enterprise plans. For more information, see the [pricing page](https://www.postman.com/pricing/).""], ""https://learning.postman.com/docs/insights/overview"": [""> This feature is available on Postman Enterprise plans. For more information, see the [pricing page](https://www.postman.com/pricing/).""], ""https://learning.postman.com/docs/reports/reports-overview"": []}"
governance-003,governance,API Catalog/服务目录,可选服务端模块,pending,https://docs.apifox.com/api-compliance-check.md,https://learning.postman.com/docs/api-governance/api-governance-overview;https://learning.postman.com/docs/api-catalog/overview;https://learning.postman.com/docs/insights/overview;https://learning.postman.com/docs/reports/reports-overview,,"{""https://docs.apifox.com/api-compliance-check.md"": [], ""https://learning.postman.com/docs/api-governance/api-governance-overview"": [], ""https://learning.postman.com/docs/api-catalog/overview"": [""> This feature is available on Postman Enterprise plans. For more information, see the [pricing page](https://www.postman.com/pricing/).""], ""https://learning.postman.com/docs/insights/overview"": [""> This feature is available on Postman Enterprise plans. For more information, see the [pricing page](https://www.postman.com/pricing/).""], ""https://learning.postman.com/docs/reports/reports-overview"": []}"
governance-004,governance,发现服务/连接云与代码,可选服务端模块,pending,https://docs.apifox.com/api-compliance-check.md,https://learning.postman.com/docs/api-governance/api-governance-overview;https://learning.postman.com/docs/api-catalog/overview;https://learning.postman.com/docs/insights/overview;https://learning.postman.com/docs/reports/reports-overview,,"{""https://docs.apifox.com/api-compliance-check.md"": [], ""https://learning.postman.com/docs/api-governance/api-governance-overview"": [], ""https://learning.postman.com/docs/api-catalog/overview"": [""> This feature is available on Postman Enterprise plans. For more information, see the [pricing page](https://www.postman.com/pricing/).""], ""https://learning.postman.com/docs/insights/overview"": [""> This feature is available on Postman Enterprise plans. For more information, see the [pricing page](https://www.postman.com/pricing/).""], ""https://learning.postman.com/docs/reports/reports-overview"": []}"
governance-005,governance,scorecards/治理分组,可选服务端模块,pending,https://docs.apifox.com/api-compliance-check.md,https://learning.postman.com/docs/api-governance/api-governance-overview;https://learning.postman.com/docs/api-catalog/overview;https://learning.postman.com/docs/insights/overview;https://learning.postman.com/docs/reports/reports-overview,,"{""https://docs.apifox.com/api-compliance-check.md"": [], ""https://learning.postman.com/docs/api-governance/api-governance-overview"": [], ""https://learning.postman.com/docs/api-catalog/overview"": [""> This feature is available on Postman Enterprise plans. For more information, see the [pricing page](https://www.postman.com/pricing/).""], ""https://learning.postman.com/docs/insights/overview"": [""> This feature is available on Postman Enterprise plans. For more information, see the [pricing page](https://www.postman.com/pricing/).""], ""https://learning.postman.com/docs/reports/reports-overview"": []}"
governance-006,governance,运行与 CI 指标聚合,可选服务端模块,pending,https://docs.apifox.com/api-compliance-check.md,https://learning.postman.com/docs/api-governance/api-governance-overview;https://learning.postman.com/docs/api-catalog/overview;https://learning.postman.com/docs/insights/overview;https://learning.postman.com/docs/reports/reports-overview,,"{""https://docs.apifox.com/api-compliance-check.md"": [], ""https://learning.postman.com/docs/api-governance/api-governance-overview"": [], ""https://learning.postman.com/docs/api-catalog/overview"": [""> This feature is available on Postman Enterprise plans. For more information, see the [pricing page](https://www.postman.com/pricing/).""], ""https://learning.postman.com/docs/insights/overview"": [""> This feature is available on Postman Enterprise plans. For more information, see the [pricing page](https://www.postman.com/pricing/).""], ""https://learning.postman.com/docs/reports/reports-overview"": []}"
governance-007,governance,API 流量/错误/延迟分析,可选服务端模块,pending,https://docs.apifox.com/api-compliance-check.md,https://learning.postman.com/docs/api-governance/api-governance-overview;https://learning.postman.com/docs/api-catalog/overview;https://learning.postman.com/docs/insights/overview;https://learning.postman.com/docs/reports/reports-overview,,"{""https://docs.apifox.com/api-compliance-check.md"": [], ""https://learning.postman.com/docs/api-governance/api-governance-overview"": [], ""https://learning.postman.com/docs/api-catalog/overview"": [""> This feature is available on Postman Enterprise plans. For more information, see the [pricing page](https://www.postman.com/pricing/).""], ""https://learning.postman.com/docs/insights/overview"": [""> This feature is available on Postman Enterprise plans. For more information, see the [pricing page](https://www.postman.com/pricing/).""], ""https://learning.postman.com/docs/reports/reports-overview"": []}"
governance-008,governance,Kubernetes/云 Agent 接入,可选服务端模块,pending,https://docs.apifox.com/api-compliance-check.md,https://learning.postman.com/docs/api-governance/api-governance-overview;https://learning.postman.com/docs/api-catalog/overview;https://learning.postman.com/docs/insights/overview;https://learning.postman.com/docs/reports/reports-overview,,"{""https://docs.apifox.com/api-compliance-check.md"": [], ""https://learning.postman.com/docs/api-governance/api-governance-overview"": [], ""https://learning.postman.com/docs/api-catalog/overview"": [""> This feature is available on Postman Enterprise plans. For more information, see the [pricing page](https://www.postman.com/pricing/).""], ""https://learning.postman.com/docs/insights/overview"": [""> This feature is available on Postman Enterprise plans. For more information, see the [pricing page](https://www.postman.com/pricing/).""], ""https://learning.postman.com/docs/reports/reports-overview"": []}"
governance-009,governance,生产流量脱敏,可选服务端模块,pending,https://docs.apifox.com/api-compliance-check.md,https://learning.postman.com/docs/api-governance/api-governance-overview;https://learning.postman.com/docs/api-catalog/overview;https://learning.postman.com/docs/insights/overview;https://learning.postman.com/docs/reports/reports-overview,,"{""https://docs.apifox.com/api-compliance-check.md"": [], ""https://learning.postman.com/docs/api-governance/api-governance-overview"": [], ""https://learning.postman.com/docs/api-catalog/overview"": [""> This feature is available on Postman Enterprise plans. For more information, see the [pricing page](https://www.postman.com/pricing/).""], ""https://learning.postman.com/docs/insights/overview"": [""> This feature is available on Postman Enterprise plans. For more information, see the [pricing page](https://www.postman.com/pricing/).""], ""https://learning.postman.com/docs/reports/reports-overview"": []}"
governance-010,governance,组织/工作区/API 生命周期报告,可选服务端模块,pending,https://docs.apifox.com/api-compliance-check.md,https://learning.postman.com/docs/api-governance/api-governance-overview;https://learning.postman.com/docs/api-catalog/overview;https://learning.postman.com/docs/insights/overview;https://learning.postman.com/docs/reports/reports-overview,,"{""https://docs.apifox.com/api-compliance-check.md"": [], ""https://learning.postman.com/docs/api-governance/api-governance-overview"": [], ""https://learning.postman.com/docs/api-catalog/overview"": [""> This feature is available on Postman Enterprise plans. For more information, see the [pricing page](https://www.postman.com/pricing/).""], ""https://learning.postman.com/docs/insights/overview"": [""> This feature is available on Postman Enterprise plans. For more information, see the [pricing page](https://www.postman.com/pricing/).""], ""https://learning.postman.com/docs/reports/reports-overview"": []}"
governance-011,governance,密钥扫描/AI 使用报告,可选服务端模块,pending,https://docs.apifox.com/api-compliance-check.md,https://learning.postman.com/docs/api-governance/api-governance-overview;https://learning.postman.com/docs/api-catalog/overview;https://learning.postman.com/docs/insights/overview;https://learning.postman.com/docs/reports/reports-overview,,"{""https://docs.apifox.com/api-compliance-check.md"": [], ""https://learning.postman.com/docs/api-governance/api-governance-overview"": [], ""https://learning.postman.com/docs/api-catalog/overview"": [""> This feature is available on Postman Enterprise plans. For more information, see the [pricing page](https://www.postman.com/pricing/).""], ""https://learning.postman.com/docs/insights/overview"": [""> This feature is available on Postman Enterprise plans. For more information, see the [pricing page](https://www.postman.com/pricing/).""], ""https://learning.postman.com/docs/reports/reports-overview"": []}"
generation-001,generation,请求调用代码片段,桌面 + 服务端,pending,https://docs.apifox.com/generate-code.md,https://learning.postman.com/docs/use/send-requests/create-requests/generate-code-snippets;https://learning.postman.com/docs/sdk-generator/overview;https://learning.postman.com/docs/cli-generator/overview;https://learning.postman.com/docs/design-apis/toolsets/overview,,"{""https://docs.apifox.com/generate-code.md"": [], ""https://learning.postman.com/docs/use/send-requests/create-requests/generate-code-snippets"": [], ""https://learning.postman.com/docs/sdk-generator/overview"": [""> This feature is available on Postman Team and Enterprise plans. For more information, see the [pricing page](https://www.postman.com/pricing/).""], ""https://learning.postman.com/docs/cli-generator/overview"": [], ""https://learning.postman.com/docs/design-apis/toolsets/overview"": []}"
generation-002,generation,OpenAPI 客户端/服务端代码,桌面 + 服务端,pending,https://docs.apifox.com/generate-code.md,https://learning.postman.com/docs/use/send-requests/create-requests/generate-code-snippets;https://learning.postman.com/docs/sdk-generator/overview;https://learning.postman.com/docs/cli-generator/overview;https://learning.postman.com/docs/design-apis/toolsets/overview,,"{""https://docs.apifox.com/generate-code.md"": [], ""https://learning.postman.com/docs/use/send-requests/create-requests/generate-code-snippets"": [], ""https://learning.postman.com/docs/sdk-generator/overview"": [""> This feature is available on Postman Team and Enterprise plans. For more information, see the [pricing page](https://www.postman.com/pricing/).""], ""https://learning.postman.com/docs/cli-generator/overview"": [], ""https://learning.postman.com/docs/design-apis/toolsets/overview"": []}"
generation-003,generation,SDK 生成/类型与文档,桌面 + 服务端,pending,https://docs.apifox.com/generate-code.md,https://learning.postman.com/docs/use/send-requests/create-requests/generate-code-snippets;https://learning.postman.com/docs/sdk-generator/overview;https://learning.postman.com/docs/cli-generator/overview;https://learning.postman.com/docs/design-apis/toolsets/overview,,"{""https://docs.apifox.com/generate-code.md"": [], ""https://learning.postman.com/docs/use/send-requests/create-requests/generate-code-snippets"": [], ""https://learning.postman.com/docs/sdk-generator/overview"": [""> This feature is available on Postman Team and Enterprise plans. For more information, see the [pricing page](https://www.postman.com/pricing/).""], ""https://learning.postman.com/docs/cli-generator/overview"": [], ""https://learning.postman.com/docs/design-apis/toolsets/overview"": []}"
generation-004,generation,SDK 多语言配置,桌面 + 服务端,pending,https://docs.apifox.com/generate-code.md,https://learning.postman.com/docs/use/send-requests/create-requests/generate-code-snippets;https://learning.postman.com/docs/sdk-generator/overview;https://learning.postman.com/docs/cli-generator/overview;https://learning.postman.com/docs/design-apis/toolsets/overview,,"{""https://docs.apifox.com/generate-code.md"": [], ""https://learning.postman.com/docs/use/send-requests/create-requests/generate-code-snippets"": [], ""https://learning.postman.com/docs/sdk-generator/overview"": [""> This feature is available on Postman Team and Enterprise plans. For more information, see the [pricing page](https://www.postman.com/pricing/).""], ""https://learning.postman.com/docs/cli-generator/overview"": [], ""https://learning.postman.com/docs/design-apis/toolsets/overview"": []}"
generation-005,generation,SDK 自动发布/PR/自定义代码合并,桌面 + 服务端,pending,https://docs.apifox.com/generate-code.md,https://learning.postman.com/docs/use/send-requests/create-requests/generate-code-snippets;https://learning.postman.com/docs/sdk-generator/overview;https://learning.postman.com/docs/cli-generator/overview;https://learning.postman.com/docs/design-apis/toolsets/overview,,"{""https://docs.apifox.com/generate-code.md"": [], ""https://learning.postman.com/docs/use/send-requests/create-requests/generate-code-snippets"": [], ""https://learning.postman.com/docs/sdk-generator/overview"": [""> This feature is available on Postman Team and Enterprise plans. For more information, see the [pricing page](https://www.postman.com/pricing/).""], ""https://learning.postman.com/docs/cli-generator/overview"": [], ""https://learning.postman.com/docs/design-apis/toolsets/overview"": []}"
generation-006,generation,CLI Generator,桌面 + 服务端,pending,https://docs.apifox.com/generate-code.md,https://learning.postman.com/docs/use/send-requests/create-requests/generate-code-snippets;https://learning.postman.com/docs/sdk-generator/overview;https://learning.postman.com/docs/cli-generator/overview;https://learning.postman.com/docs/design-apis/toolsets/overview,,"{""https://docs.apifox.com/generate-code.md"": [], ""https://learning.postman.com/docs/use/send-requests/create-requests/generate-code-snippets"": [], ""https://learning.postman.com/docs/sdk-generator/overview"": [""> This feature is available on Postman Team and Enterprise plans. For more information, see the [pricing page](https://www.postman.com/pricing/).""], ""https://learning.postman.com/docs/cli-generator/overview"": [], ""https://learning.postman.com/docs/design-apis/toolsets/overview"": []}"
generation-007,generation,生成工具集,桌面 + 服务端,pending,https://docs.apifox.com/generate-code.md,https://learning.postman.com/docs/use/send-requests/create-requests/generate-code-snippets;https://learning.postman.com/docs/sdk-generator/overview;https://learning.postman.com/docs/cli-generator/overview;https://learning.postman.com/docs/design-apis/toolsets/overview,,"{""https://docs.apifox.com/generate-code.md"": [], ""https://learning.postman.com/docs/use/send-requests/create-requests/generate-code-snippets"": [], ""https://learning.postman.com/docs/sdk-generator/overview"": [""> This feature is available on Postman Team and Enterprise plans. For more information, see the [pricing page](https://www.postman.com/pricing/).""], ""https://learning.postman.com/docs/cli-generator/overview"": [], ""https://learning.postman.com/docs/design-apis/toolsets/overview"": []}"
discovery-001,discovery,API Hub/Public API Network,产品边界需在规格中明确,pending,https://docs.apifox.com/apihub.md;https://docs.apifox.com/manage-subscriptions.md;https://docs.apifox.com/7191758m0.md,https://learning.postman.com/docs/postman-api-network/overview;https://learning.postman.com/docs/collaborating-in-postman/private-api-network/overview;https://learning.postman.com/docs/billing/buying,记录竞品完整选项；公开全球市场与供应商收费后台不同于自托管工作台，不能默认冒充已有市场。,"{""https://docs.apifox.com/apihub.md"": [], ""https://docs.apifox.com/manage-subscriptions.md"": [""- **已付费团队 → 已付费组织**：不支持移动。需要先处理现有订阅状态后再进行操作。""], ""https://docs.apifox.com/7191758m0.md"": [], ""https://learning.postman.com/docs/postman-api-network/overview"": [], ""https://learning.postman.com/docs/collaborating-in-postman/private-api-network/overview"": [""> This feature is available on Postman Enterprise plans. For more information, see the [pricing page](https://www.postman.com/pricing/).""], ""https://learning.postman.com/docs/billing/buying"": []}"
discovery-002,discovery,私有 API Network,产品边界需在规格中明确,pending,https://docs.apifox.com/apihub.md;https://docs.apifox.com/manage-subscriptions.md;https://docs.apifox.com/7191758m0.md,https://learning.postman.com/docs/postman-api-network/overview;https://learning.postman.com/docs/collaborating-in-postman/private-api-network/overview;https://learning.postman.com/docs/billing/buying,记录竞品完整选项；公开全球市场与供应商收费后台不同于自托管工作台，不能默认冒充已有市场。,"{""https://docs.apifox.com/apihub.md"": [], ""https://docs.apifox.com/manage-subscriptions.md"": [""- **已付费团队 → 已付费组织**：不支持移动。需要先处理现有订阅状态后再进行操作。""], ""https://docs.apifox.com/7191758m0.md"": [], ""https://learning.postman.com/docs/postman-api-network/overview"": [], ""https://learning.postman.com/docs/collaborating-in-postman/private-api-network/overview"": [""> This feature is available on Postman Enterprise plans. For more information, see the [pricing page](https://www.postman.com/pricing/).""], ""https://learning.postman.com/docs/billing/buying"": []}"
discovery-003,discovery,API/集合模板与搜索,产品边界需在规格中明确,pending,https://docs.apifox.com/apihub.md;https://docs.apifox.com/manage-subscriptions.md;https://docs.apifox.com/7191758m0.md,https://learning.postman.com/docs/postman-api-network/overview;https://learning.postman.com/docs/collaborating-in-postman/private-api-network/overview;https://learning.postman.com/docs/billing/buying,记录竞品完整选项；公开全球市场与供应商收费后台不同于自托管工作台，不能默认冒充已有市场。,"{""https://docs.apifox.com/apihub.md"": [], ""https://docs.apifox.com/manage-subscriptions.md"": [""- **已付费团队 → 已付费组织**：不支持移动。需要先处理现有订阅状态后再进行操作。""], ""https://docs.apifox.com/7191758m0.md"": [], ""https://learning.postman.com/docs/postman-api-network/overview"": [], ""https://learning.postman.com/docs/collaborating-in-postman/private-api-network/overview"": [""> This feature is available on Postman Enterprise plans. For more information, see the [pricing page](https://www.postman.com/pricing/).""], ""https://learning.postman.com/docs/billing/buying"": []}"
discovery-004,discovery,公开发布者与认证,产品边界需在规格中明确,pending,https://docs.apifox.com/apihub.md;https://docs.apifox.com/manage-subscriptions.md;https://docs.apifox.com/7191758m0.md,https://learning.postman.com/docs/postman-api-network/overview;https://learning.postman.com/docs/collaborating-in-postman/private-api-network/overview;https://learning.postman.com/docs/billing/buying,记录竞品完整选项；公开全球市场与供应商收费后台不同于自托管工作台，不能默认冒充已有市场。,"{""https://docs.apifox.com/apihub.md"": [], ""https://docs.apifox.com/manage-subscriptions.md"": [""- **已付费团队 → 已付费组织**：不支持移动。需要先处理现有订阅状态后再进行操作。""], ""https://docs.apifox.com/7191758m0.md"": [], ""https://learning.postman.com/docs/postman-api-network/overview"": [], ""https://learning.postman.com/docs/collaborating-in-postman/private-api-network/overview"": [""> This feature is available on Postman Enterprise plans. For more information, see the [pricing page](https://www.postman.com/pricing/).""], ""https://learning.postman.com/docs/billing/buying"": []}"
discovery-005,discovery,API 使用/发布者分析,产品边界需在规格中明确,pending,https://docs.apifox.com/apihub.md;https://docs.apifox.com/manage-subscriptions.md;https://docs.apifox.com/7191758m0.md,https://learning.postman.com/docs/postman-api-network/overview;https://learning.postman.com/docs/collaborating-in-postman/private-api-network/overview;https://learning.postman.com/docs/billing/buying,记录竞品完整选项；公开全球市场与供应商收费后台不同于自托管工作台，不能默认冒充已有市场。,"{""https://docs.apifox.com/apihub.md"": [], ""https://docs.apifox.com/manage-subscriptions.md"": [""- **已付费团队 → 已付费组织**：不支持移动。需要先处理现有订阅状态后再进行操作。""], ""https://docs.apifox.com/7191758m0.md"": [], ""https://learning.postman.com/docs/postman-api-network/overview"": [], ""https://learning.postman.com/docs/collaborating-in-postman/private-api-network/overview"": [""> This feature is available on Postman Enterprise plans. For more information, see the [pricing page](https://www.postman.com/pricing/).""], ""https://learning.postman.com/docs/billing/buying"": []}"
discovery-006,discovery,套餐/订单/账单/订阅,产品边界需在规格中明确,pending,https://docs.apifox.com/apihub.md;https://docs.apifox.com/manage-subscriptions.md;https://docs.apifox.com/7191758m0.md,https://learning.postman.com/docs/postman-api-network/overview;https://learning.postman.com/docs/collaborating-in-postman/private-api-network/overview;https://learning.postman.com/docs/billing/buying,记录竞品完整选项；公开全球市场与供应商收费后台不同于自托管工作台，不能默认冒充已有市场。,"{""https://docs.apifox.com/apihub.md"": [], ""https://docs.apifox.com/manage-subscriptions.md"": [""- **已付费团队 → 已付费组织**：不支持移动。需要先处理现有订阅状态后再进行操作。""], ""https://docs.apifox.com/7191758m0.md"": [], ""https://learning.postman.com/docs/postman-api-network/overview"": [], ""https://learning.postman.com/docs/collaborating-in-postman/private-api-network/overview"": [""> This feature is available on Postman Enterprise plans. For more information, see the [pricing page](https://www.postman.com/pricing/).""], ""https://learning.postman.com/docs/billing/buying"": []}"
data-001,data,交互式数据库/文件 Data client,桌面 + 服务端,pending,,https://learning.postman.com/docs/use/send-requests/protocols/data/data-overview;https://learning.postman.com/docs/tests-and-scripts/datasets/create-datasets;https://learning.postman.com/docs/tests-and-scripts/datasets/example-dataset-views;https://learning.postman.com/docs/tests-and-scripts/datasets/query-datasets-in-scripts,Data client 与持久化 Dataset 是不同资源；SSH 隧道/本地文件的桌面与 Web 限制以各端实际能力验收。,"{""https://learning.postman.com/docs/use/send-requests/protocols/data/data-overview"": [], ""https://learning.postman.com/docs/tests-and-scripts/datasets/create-datasets"": [""> Datasets are available on Postman Solo, Team, and Enterprise plans. For more information, see the [pricing page](https://www.postman.com/pricing/)."", ""> Connecting to a live database source requires a Postman Team or Enterprise plan. For more information, see the [pricing page](https://www.postman.com/pricing/)."", ""> You can connect to MySQL and Postgres in both the Postman desktop app and the Postman web app. SQL Server is only supported in the Postman desktop app."", ""> Custom data sources are available on Enterprise plans only. For more information, see the [pricing page](https://www.postman.com/pricing/).""], ""https://learning.postman.com/docs/tests-and-scripts/datasets/example-dataset-views"": [""> Datasets are available on Postman Solo, Team, and Enterprise plans. For more information, see the [pricing page](https://www.postman.com/pricing/).""], ""https://learning.postman.com/docs/tests-and-scripts/datasets/query-datasets-in-scripts"": [""> Datasets are available on Postman Solo, Team, and Enterprise plans. For more information, see the [pricing page](https://www.postman.com/pricing/).""]}"
data-002,data,SQL 编辑/补全/schema explorer,桌面 + 服务端,pending,,https://learning.postman.com/docs/use/send-requests/protocols/data/data-overview;https://learning.postman.com/docs/tests-and-scripts/datasets/create-datasets;https://learning.postman.com/docs/tests-and-scripts/datasets/example-dataset-views;https://learning.postman.com/docs/tests-and-scripts/datasets/query-datasets-in-scripts,Data client 与持久化 Dataset 是不同资源；SSH 隧道/本地文件的桌面与 Web 限制以各端实际能力验收。,"{""https://learning.postman.com/docs/use/send-requests/protocols/data/data-overview"": [], ""https://learning.postman.com/docs/tests-and-scripts/datasets/create-datasets"": [""> Datasets are available on Postman Solo, Team, and Enterprise plans. For more information, see the [pricing page](https://www.postman.com/pricing/)."", ""> Connecting to a live database source requires a Postman Team or Enterprise plan. For more information, see the [pricing page](https://www.postman.com/pricing/)."", ""> You can connect to MySQL and Postgres in both the Postman desktop app and the Postman web app. SQL Server is only supported in the Postman desktop app."", ""> Custom data sources are available on Enterprise plans only. For more information, see the [pricing page](https://www.postman.com/pricing/).""], ""https://learning.postman.com/docs/tests-and-scripts/datasets/example-dataset-views"": [""> Datasets are available on Postman Solo, Team, and Enterprise plans. For more information, see the [pricing page](https://www.postman.com/pricing/).""], ""https://learning.postman.com/docs/tests-and-scripts/datasets/query-datasets-in-scripts"": [""> Datasets are available on Postman Solo, Team, and Enterprise plans. For more information, see the [pricing page](https://www.postman.com/pricing/).""]}"
data-003,data,结果表排序/搜索/分页,桌面 + 服务端,pending,,https://learning.postman.com/docs/use/send-requests/protocols/data/data-overview;https://learning.postman.com/docs/tests-and-scripts/datasets/create-datasets;https://learning.postman.com/docs/tests-and-scripts/datasets/example-dataset-views;https://learning.postman.com/docs/tests-and-scripts/datasets/query-datasets-in-scripts,Data client 与持久化 Dataset 是不同资源；SSH 隧道/本地文件的桌面与 Web 限制以各端实际能力验收。,"{""https://learning.postman.com/docs/use/send-requests/protocols/data/data-overview"": [], ""https://learning.postman.com/docs/tests-and-scripts/datasets/create-datasets"": [""> Datasets are available on Postman Solo, Team, and Enterprise plans. For more information, see the [pricing page](https://www.postman.com/pricing/)."", ""> Connecting to a live database source requires a Postman Team or Enterprise plan. For more information, see the [pricing page](https://www.postman.com/pricing/)."", ""> You can connect to MySQL and Postgres in both the Postman desktop app and the Postman web app. SQL Server is only supported in the Postman desktop app."", ""> Custom data sources are available on Enterprise plans only. For more information, see the [pricing page](https://www.postman.com/pricing/).""], ""https://learning.postman.com/docs/tests-and-scripts/datasets/example-dataset-views"": [""> Datasets are available on Postman Solo, Team, and Enterprise plans. For more information, see the [pricing page](https://www.postman.com/pricing/).""], ""https://learning.postman.com/docs/tests-and-scripts/datasets/query-datasets-in-scripts"": [""> Datasets are available on Postman Solo, Team, and Enterprise plans. For more information, see the [pricing page](https://www.postman.com/pricing/).""]}"
data-004,data,CSV/JSON/Spreadsheet 数据源,桌面 + 服务端,pending,,https://learning.postman.com/docs/use/send-requests/protocols/data/data-overview;https://learning.postman.com/docs/tests-and-scripts/datasets/create-datasets;https://learning.postman.com/docs/tests-and-scripts/datasets/example-dataset-views;https://learning.postman.com/docs/tests-and-scripts/datasets/query-datasets-in-scripts,Data client 与持久化 Dataset 是不同资源；SSH 隧道/本地文件的桌面与 Web 限制以各端实际能力验收。,"{""https://learning.postman.com/docs/use/send-requests/protocols/data/data-overview"": [], ""https://learning.postman.com/docs/tests-and-scripts/datasets/create-datasets"": [""> Datasets are available on Postman Solo, Team, and Enterprise plans. For more information, see the [pricing page](https://www.postman.com/pricing/)."", ""> Connecting to a live database source requires a Postman Team or Enterprise plan. For more information, see the [pricing page](https://www.postman.com/pricing/)."", ""> You can connect to MySQL and Postgres in both the Postman desktop app and the Postman web app. SQL Server is only supported in the Postman desktop app."", ""> Custom data sources are available on Enterprise plans only. For more information, see the [pricing page](https://www.postman.com/pricing/).""], ""https://learning.postman.com/docs/tests-and-scripts/datasets/example-dataset-views"": [""> Datasets are available on Postman Solo, Team, and Enterprise plans. For more information, see the [pricing page](https://www.postman.com/pricing/).""], ""https://learning.postman.com/docs/tests-and-scripts/datasets/query-datasets-in-scripts"": [""> Datasets are available on Postman Solo, Team, and Enterprise plans. For more information, see the [pricing page](https://www.postman.com/pricing/).""]}"
data-005,data,本地文件/云存储数据源,桌面 + 服务端,pending,,https://learning.postman.com/docs/use/send-requests/protocols/data/data-overview;https://learning.postman.com/docs/tests-and-scripts/datasets/create-datasets;https://learning.postman.com/docs/tests-and-scripts/datasets/example-dataset-views;https://learning.postman.com/docs/tests-and-scripts/datasets/query-datasets-in-scripts,Data client 与持久化 Dataset 是不同资源；SSH 隧道/本地文件的桌面与 Web 限制以各端实际能力验收。,"{""https://learning.postman.com/docs/use/send-requests/protocols/data/data-overview"": [], ""https://learning.postman.com/docs/tests-and-scripts/datasets/create-datasets"": [""> Datasets are available on Postman Solo, Team, and Enterprise plans. For more information, see the [pricing page](https://www.postman.com/pricing/)."", ""> Connecting to a live database source requires a Postman Team or Enterprise plan. For more information, see the [pricing page](https://www.postman.com/pricing/)."", ""> You can connect to MySQL and Postgres in both the Postman desktop app and the Postman web app. SQL Server is only supported in the Postman desktop app."", ""> Custom data sources are available on Enterprise plans only. For more information, see the [pricing page](https://www.postman.com/pricing/).""], ""https://learning.postman.com/docs/tests-and-scripts/datasets/example-dataset-views"": [""> Datasets are available on Postman Solo, Team, and Enterprise plans. For more information, see the [pricing page](https://www.postman.com/pricing/).""], ""https://learning.postman.com/docs/tests-and-scripts/datasets/query-datasets-in-scripts"": [""> Datasets are available on Postman Solo, Team, and Enterprise plans. For more information, see the [pricing page](https://www.postman.com/pricing/).""]}"
data-006,data,PostgreSQL/MySQL/SQL Server,桌面 + 服务端,pending,,https://learning.postman.com/docs/use/send-requests/protocols/data/data-overview;https://learning.postman.com/docs/tests-and-scripts/datasets/create-datasets;https://learning.postman.com/docs/tests-and-scripts/datasets/example-dataset-views;https://learning.postman.com/docs/tests-and-scripts/datasets/query-datasets-in-scripts,Data client 与持久化 Dataset 是不同资源；SSH 隧道/本地文件的桌面与 Web 限制以各端实际能力验收。,"{""https://learning.postman.com/docs/use/send-requests/protocols/data/data-overview"": [], ""https://learning.postman.com/docs/tests-and-scripts/datasets/create-datasets"": [""> Datasets are available on Postman Solo, Team, and Enterprise plans. For more information, see the [pricing page](https://www.postman.com/pricing/)."", ""> Connecting to a live database source requires a Postman Team or Enterprise plan. For more information, see the [pricing page](https://www.postman.com/pricing/)."", ""> You can connect to MySQL and Postgres in both the Postman desktop app and the Postman web app. SQL Server is only supported in the Postman desktop app."", ""> Custom data sources are available on Enterprise plans only. For more information, see the [pricing page](https://www.postman.com/pricing/).""], ""https://learning.postman.com/docs/tests-and-scripts/datasets/example-dataset-views"": [""> Datasets are available on Postman Solo, Team, and Enterprise plans. For more information, see the [pricing page](https://www.postman.com/pricing/).""], ""https://learning.postman.com/docs/tests-and-scripts/datasets/query-datasets-in-scripts"": [""> Datasets are available on Postman Solo, Team, and Enterprise plans. For more information, see the [pricing page](https://www.postman.com/pricing/).""]}"
data-007,data,自定义 JDBC 数据源,桌面 + 服务端,pending,,https://learning.postman.com/docs/use/send-requests/protocols/data/data-overview;https://learning.postman.com/docs/tests-and-scripts/datasets/create-datasets;https://learning.postman.com/docs/tests-and-scripts/datasets/example-dataset-views;https://learning.postman.com/docs/tests-and-scripts/datasets/query-datasets-in-scripts,Data client 与持久化 Dataset 是不同资源；SSH 隧道/本地文件的桌面与 Web 限制以各端实际能力验收。,"{""https://learning.postman.com/docs/use/send-requests/protocols/data/data-overview"": [], ""https://learning.postman.com/docs/tests-and-scripts/datasets/create-datasets"": [""> Datasets are available on Postman Solo, Team, and Enterprise plans. For more information, see the [pricing page](https://www.postman.com/pricing/)."", ""> Connecting to a live database source requires a Postman Team or Enterprise plan. For more information, see the [pricing page](https://www.postman.com/pricing/)."", ""> You can connect to MySQL and Postgres in both the Postman desktop app and the Postman web app. SQL Server is only supported in the Postman desktop app."", ""> Custom data sources are available on Enterprise plans only. For more information, see the [pricing page](https://www.postman.com/pricing/).""], ""https://learning.postman.com/docs/tests-and-scripts/datasets/example-dataset-views"": [""> Datasets are available on Postman Solo, Team, and Enterprise plans. For more information, see the [pricing page](https://www.postman.com/pricing/).""], ""https://learning.postman.com/docs/tests-and-scripts/datasets/query-datasets-in-scripts"": [""> Datasets are available on Postman Solo, Team, and Enterprise plans. For more information, see the [pricing page](https://www.postman.com/pricing/).""]}"
data-008,data,多来源 SQL Views/关联查询,桌面 + 服务端,pending,,https://learning.postman.com/docs/use/send-requests/protocols/data/data-overview;https://learning.postman.com/docs/tests-and-scripts/datasets/create-datasets;https://learning.postman.com/docs/tests-and-scripts/datasets/example-dataset-views;https://learning.postman.com/docs/tests-and-scripts/datasets/query-datasets-in-scripts,Data client 与持久化 Dataset 是不同资源；SSH 隧道/本地文件的桌面与 Web 限制以各端实际能力验收。,"{""https://learning.postman.com/docs/use/send-requests/protocols/data/data-overview"": [], ""https://learning.postman.com/docs/tests-and-scripts/datasets/create-datasets"": [""> Datasets are available on Postman Solo, Team, and Enterprise plans. For more information, see the [pricing page](https://www.postman.com/pricing/)."", ""> Connecting to a live database source requires a Postman Team or Enterprise plan. For more information, see the [pricing page](https://www.postman.com/pricing/)."", ""> You can connect to MySQL and Postgres in both the Postman desktop app and the Postman web app. SQL Server is only supported in the Postman desktop app."", ""> Custom data sources are available on Enterprise plans only. For more information, see the [pricing page](https://www.postman.com/pricing/).""], ""https://learning.postman.com/docs/tests-and-scripts/datasets/example-dataset-views"": [""> Datasets are available on Postman Solo, Team, and Enterprise plans. For more information, see the [pricing page](https://www.postman.com/pricing/).""], ""https://learning.postman.com/docs/tests-and-scripts/datasets/query-datasets-in-scripts"": [""> Datasets are available on Postman Solo, Team, and Enterprise plans. For more information, see the [pricing page](https://www.postman.com/pricing/).""]}"
data-009,data,pm.datasets 脚本查询,桌面 + 服务端,pending,,https://learning.postman.com/docs/use/send-requests/protocols/data/data-overview;https://learning.postman.com/docs/tests-and-scripts/datasets/create-datasets;https://learning.postman.com/docs/tests-and-scripts/datasets/example-dataset-views;https://learning.postman.com/docs/tests-and-scripts/datasets/query-datasets-in-scripts,Data client 与持久化 Dataset 是不同资源；SSH 隧道/本地文件的桌面与 Web 限制以各端实际能力验收。,"{""https://learning.postman.com/docs/use/send-requests/protocols/data/data-overview"": [], ""https://learning.postman.com/docs/tests-and-scripts/datasets/create-datasets"": [""> Datasets are available on Postman Solo, Team, and Enterprise plans. For more information, see the [pricing page](https://www.postman.com/pricing/)."", ""> Connecting to a live database source requires a Postman Team or Enterprise plan. For more information, see the [pricing page](https://www.postman.com/pricing/)."", ""> You can connect to MySQL and Postgres in both the Postman desktop app and the Postman web app. SQL Server is only supported in the Postman desktop app."", ""> Custom data sources are available on Enterprise plans only. For more information, see the [pricing page](https://www.postman.com/pricing/).""], ""https://learning.postman.com/docs/tests-and-scripts/datasets/example-dataset-views"": [""> Datasets are available on Postman Solo, Team, and Enterprise plans. For more information, see the [pricing page](https://www.postman.com/pricing/).""], ""https://learning.postman.com/docs/tests-and-scripts/datasets/query-datasets-in-scripts"": [""> Datasets are available on Postman Solo, Team, and Enterprise plans. For more information, see the [pricing page](https://www.postman.com/pricing/).""]}"
data-010,data,数据集用于测试/Mock/Monitors,桌面 + 服务端,pending,,https://learning.postman.com/docs/use/send-requests/protocols/data/data-overview;https://learning.postman.com/docs/tests-and-scripts/datasets/create-datasets;https://learning.postman.com/docs/tests-and-scripts/datasets/example-dataset-views;https://learning.postman.com/docs/tests-and-scripts/datasets/query-datasets-in-scripts,Data client 与持久化 Dataset 是不同资源；SSH 隧道/本地文件的桌面与 Web 限制以各端实际能力验收。,"{""https://learning.postman.com/docs/use/send-requests/protocols/data/data-overview"": [], ""https://learning.postman.com/docs/tests-and-scripts/datasets/create-datasets"": [""> Datasets are available on Postman Solo, Team, and Enterprise plans. For more information, see the [pricing page](https://www.postman.com/pricing/)."", ""> Connecting to a live database source requires a Postman Team or Enterprise plan. For more information, see the [pricing page](https://www.postman.com/pricing/)."", ""> You can connect to MySQL and Postgres in both the Postman desktop app and the Postman web app. SQL Server is only supported in the Postman desktop app."", ""> Custom data sources are available on Enterprise plans only. For more information, see the [pricing page](https://www.postman.com/pricing/).""], ""https://learning.postman.com/docs/tests-and-scripts/datasets/example-dataset-views"": [""> Datasets are available on Postman Solo, Team, and Enterprise plans. For more information, see the [pricing page](https://www.postman.com/pricing/).""], ""https://learning.postman.com/docs/tests-and-scripts/datasets/query-datasets-in-scripts"": [""> Datasets are available on Postman Solo, Team, and Enterprise plans. For more information, see the [pricing page](https://www.postman.com/pricing/).""]}"
data-011,data,数据库 SSH 隧道,桌面 + 服务端,pending,,https://learning.postman.com/docs/use/send-requests/protocols/data/data-overview;https://learning.postman.com/docs/tests-and-scripts/datasets/create-datasets;https://learning.postman.com/docs/tests-and-scripts/datasets/example-dataset-views;https://learning.postman.com/docs/tests-and-scripts/datasets/query-datasets-in-scripts,Data client 与持久化 Dataset 是不同资源；SSH 隧道/本地文件的桌面与 Web 限制以各端实际能力验收。,"{""https://learning.postman.com/docs/use/send-requests/protocols/data/data-overview"": [], ""https://learning.postman.com/docs/tests-and-scripts/datasets/create-datasets"": [""> Datasets are available on Postman Solo, Team, and Enterprise plans. For more information, see the [pricing page](https://www.postman.com/pricing/)."", ""> Connecting to a live database source requires a Postman Team or Enterprise plan. For more information, see the [pricing page](https://www.postman.com/pricing/)."", ""> You can connect to MySQL and Postgres in both the Postman desktop app and the Postman web app. SQL Server is only supported in the Postman desktop app."", ""> Custom data sources are available on Enterprise plans only. For more information, see the [pricing page](https://www.postman.com/pricing/).""], ""https://learning.postman.com/docs/tests-and-scripts/datasets/example-dataset-views"": [""> Datasets are available on Postman Solo, Team, and Enterprise plans. For more information, see the [pricing page](https://www.postman.com/pricing/).""], ""https://learning.postman.com/docs/tests-and-scripts/datasets/query-datasets-in-scripts"": [""> Datasets are available on Postman Solo, Team, and Enterprise plans. For more information, see the [pricing page](https://www.postman.com/pricing/).""]}"
data-012,data,本地/桌面/浏览器功能边界,桌面 + 服务端,pending,,https://learning.postman.com/docs/use/send-requests/protocols/data/data-overview;https://learning.postman.com/docs/tests-and-scripts/datasets/create-datasets;https://learning.postman.com/docs/tests-and-scripts/datasets/example-dataset-views;https://learning.postman.com/docs/tests-and-scripts/datasets/query-datasets-in-scripts,Data client 与持久化 Dataset 是不同资源；SSH 隧道/本地文件的桌面与 Web 限制以各端实际能力验收。,"{""https://learning.postman.com/docs/use/send-requests/protocols/data/data-overview"": [], ""https://learning.postman.com/docs/tests-and-scripts/datasets/create-datasets"": [""> Datasets are available on Postman Solo, Team, and Enterprise plans. For more information, see the [pricing page](https://www.postman.com/pricing/)."", ""> Connecting to a live database source requires a Postman Team or Enterprise plan. For more information, see the [pricing page](https://www.postman.com/pricing/)."", ""> You can connect to MySQL and Postgres in both the Postman desktop app and the Postman web app. SQL Server is only supported in the Postman desktop app."", ""> Custom data sources are available on Enterprise plans only. For more information, see the [pricing page](https://www.postman.com/pricing/).""], ""https://learning.postman.com/docs/tests-and-scripts/datasets/example-dataset-views"": [""> Datasets are available on Postman Solo, Team, and Enterprise plans. For more information, see the [pricing page](https://www.postman.com/pricing/).""], ""https://learning.postman.com/docs/tests-and-scripts/datasets/query-datasets-in-scripts"": [""> Datasets are available on Postman Solo, Team, and Enterprise plans. For more information, see the [pricing page](https://www.postman.com/pricing/).""]}"
administration-012,administration,数据加密与 BYOK,服务端 + 客户端访问,pending,,https://learning.postman.com/docs/administration/managing-your-team/byok-encryption,,"{""https://learning.postman.com/docs/administration/managing-your-team/byok-encryption"": [""> This feature is available on Postman Enterprise plans with the Advanced Security Administration add-on. For more information, see the [pricing page](https://www.postman.com/pricing/#advanced-security-administration).""]}"
administration-013,administration,EU 数据地域与区域选择,服务端部署 + 客户端连接配置,pending,,https://learning.postman.com/docs/administration/enterprise/about-eu-data-residency,Postman Enterprise EU 文档明确有功能例外；MoleAPI 对应为自选部署地域，不承诺复刻供应商全球数据中心。,"{""https://learning.postman.com/docs/administration/enterprise/about-eu-data-residency"": [""The Postman EU Data Residency provides a solution for customers who want their data stored in the European Union (EU) while using Postman. If you select the EU Data Residency, your data is stored in EU data centers. An instance of Postman hosted in `eu-central-1` (Frankfurt) is available for Enterprise customers."", ""The following features aren't available:"", ""* The [Postman API](/api-docs/api-reference/) uses the `api.eu.postman.com` subdomain and some endpoints aren't available.""]}"
cli-011,cli,Newman 2.1 集合 CLI 兼容,CLI/可选兼容适配器,pending,,https://learning.postman.com/docs/reference/newman-cli/command-line-integration-with-newman;https://learning.postman.com/docs/reference/newman-cli/newman-custom-reporters;https://learning.postman.com/docs/reference/newman-cli/newman-with-docker;https://learning.postman.com/docs/reference/developer-resources/collection-sdk;https://learning.postman.com/docs/reference/developer-resources/runtime-library,Newman 需要 Node runtime；不声称 Rust 二进制已内置 Newman。Collection 3.0 使用 Postman CLI，Newman 对应 2.1 导出。,"{""https://learning.postman.com/docs/reference/newman-cli/command-line-integration-with-newman"": [], ""https://learning.postman.com/docs/reference/newman-cli/newman-custom-reporters"": [], ""https://learning.postman.com/docs/reference/newman-cli/newman-with-docker"": [], ""https://learning.postman.com/docs/reference/developer-resources/collection-sdk"": [], ""https://learning.postman.com/docs/reference/developer-resources/runtime-library"": []}"
cli-012,cli,Newman 自定义 Reporter,CLI/可选兼容适配器,pending,,https://learning.postman.com/docs/reference/newman-cli/command-line-integration-with-newman;https://learning.postman.com/docs/reference/newman-cli/newman-custom-reporters;https://learning.postman.com/docs/reference/newman-cli/newman-with-docker;https://learning.postman.com/docs/reference/developer-resources/collection-sdk;https://learning.postman.com/docs/reference/developer-resources/runtime-library,Newman 需要 Node runtime；不声称 Rust 二进制已内置 Newman。Collection 3.0 使用 Postman CLI，Newman 对应 2.1 导出。,"{""https://learning.postman.com/docs/reference/newman-cli/command-line-integration-with-newman"": [], ""https://learning.postman.com/docs/reference/newman-cli/newman-custom-reporters"": [], ""https://learning.postman.com/docs/reference/newman-cli/newman-with-docker"": [], ""https://learning.postman.com/docs/reference/developer-resources/collection-sdk"": [], ""https://learning.postman.com/docs/reference/developer-resources/runtime-library"": []}"
cli-013,cli,Newman Docker/CI 集成,CLI/可选兼容适配器,pending,,https://learning.postman.com/docs/reference/newman-cli/command-line-integration-with-newman;https://learning.postman.com/docs/reference/newman-cli/newman-custom-reporters;https://learning.postman.com/docs/reference/newman-cli/newman-with-docker;https://learning.postman.com/docs/reference/developer-resources/collection-sdk;https://learning.postman.com/docs/reference/developer-resources/runtime-library,Newman 需要 Node runtime；不声称 Rust 二进制已内置 Newman。Collection 3.0 使用 Postman CLI，Newman 对应 2.1 导出。,"{""https://learning.postman.com/docs/reference/newman-cli/command-line-integration-with-newman"": [], ""https://learning.postman.com/docs/reference/newman-cli/newman-custom-reporters"": [], ""https://learning.postman.com/docs/reference/newman-cli/newman-with-docker"": [], ""https://learning.postman.com/docs/reference/developer-resources/collection-sdk"": [], ""https://learning.postman.com/docs/reference/developer-resources/runtime-library"": []}"
cli-014,cli,Newman/Runtime 嵌入模块 API,CLI/可选兼容适配器,pending,,https://learning.postman.com/docs/reference/newman-cli/command-line-integration-with-newman;https://learning.postman.com/docs/reference/newman-cli/newman-custom-reporters;https://learning.postman.com/docs/reference/newman-cli/newman-with-docker;https://learning.postman.com/docs/reference/developer-resources/collection-sdk;https://learning.postman.com/docs/reference/developer-resources/runtime-library,Newman 需要 Node runtime；不声称 Rust 二进制已内置 Newman。Collection 3.0 使用 Postman CLI，Newman 对应 2.1 导出。,"{""https://learning.postman.com/docs/reference/newman-cli/command-line-integration-with-newman"": [], ""https://learning.postman.com/docs/reference/newman-cli/newman-custom-reporters"": [], ""https://learning.postman.com/docs/reference/newman-cli/newman-with-docker"": [], ""https://learning.postman.com/docs/reference/developer-resources/collection-sdk"": [], ""https://learning.postman.com/docs/reference/developer-resources/runtime-library"": []}"
cli-015,cli,Collection SDK/Runtime/格式转换 API,CLI/可选兼容适配器,pending,,https://learning.postman.com/docs/reference/newman-cli/command-line-integration-with-newman;https://learning.postman.com/docs/reference/newman-cli/newman-custom-reporters;https://learning.postman.com/docs/reference/newman-cli/newman-with-docker;https://learning.postman.com/docs/reference/developer-resources/collection-sdk;https://learning.postman.com/docs/reference/developer-resources/runtime-library,Newman 需要 Node runtime；不声称 Rust 二进制已内置 Newman。Collection 3.0 使用 Postman CLI，Newman 对应 2.1 导出。,"{""https://learning.postman.com/docs/reference/newman-cli/command-line-integration-with-newman"": [], ""https://learning.postman.com/docs/reference/newman-cli/newman-custom-reporters"": [], ""https://learning.postman.com/docs/reference/newman-cli/newman-with-docker"": [], ""https://learning.postman.com/docs/reference/developer-resources/collection-sdk"": [], ""https://learning.postman.com/docs/reference/developer-resources/runtime-library"": []}"
integrations-008,integrations,VS Code 扩展/导入/调试/环境/脚本,可选扩展,pending,,https://learning.postman.com/docs/reference/vs-code-extension/overview,,"{""https://learning.postman.com/docs/reference/vs-code-extension/overview"": []}"
distribution-001,distribution,服务端独立二进制,服务端,pending,,,用户明确需求；不以竞品文档证明。,{}
distribution-002,distribution,前端完全嵌入二进制,服务端,pending,,,用户明确需求；不以竞品文档证明。,{}
distribution-003,distribution,SQLite 默认部署/迁移/备份,服务端,pending,,,用户明确需求；不以竞品文档证明。,{}
distribution-004,distribution,Docker 镜像与持久化卷,服务端,pending,,,用户明确需求；不以竞品文档证明。,{}
distribution-005,distribution,Linux amd64/arm64 镜像,服务端,pending,,,用户明确需求；不以竞品文档证明。,{}
distribution-006,distribution,环境变量/配置文件/日志/健康检查,服务端,pending,,,用户明确需求；不以竞品文档证明。,{}
distribution-007,distribution,Tauri 独立离线客户端,发行,pending,,,用户明确需求；不以竞品文档证明。,{}
distribution-008,distribution,本机数据库与本地凭据,发行,pending,,,用户明确需求；不以竞品文档证明。,{}
distribution-009,distribution,安装包内嵌前端/字体/编辑器资源,发行,pending,,,用户明确需求；不以竞品文档证明。,{}
distribution-010,distribution,Windows NSIS/MSI,发行,pending,,,用户明确需求；不以竞品文档证明。,{}
distribution-011,distribution,macOS x64/arm64 DMG,发行,pending,,,用户明确需求；不以竞品文档证明。,{}
distribution-012,distribution,Linux deb/rpm/AppImage,发行,pending,,,用户明确需求；不以竞品文档证明。,{}
distribution-013,distribution,自动更新/签名策略,发行,pending,,,用户明确需求；不以竞品文档证明。,{}
distribution-014,distribution,用户透明 Logo 与平台图标,发行,pending,,,用户明确需求；不以竞品文档证明。,{}
distribution-015,distribution,GitHub Actions 服务端构建,发行,pending,,,用户明确需求；不以竞品文档证明。,{}
distribution-016,distribution,GitHub Actions 桌面打包,发行,pending,,,用户明确需求；不以竞品文档证明。,{}
distribution-017,distribution,GitHub Actions Docker/GHCR 发布,发行,pending,,,用户明确需求；不以竞品文档证明。,{}
distribution-018,distribution,公开 ca-x/moleapi 仓库,发行,pending,,,用户明确需求；不以竞品文档证明。,{}
