id,vendor,category,title,url,evidence,heading_title_verified,implementation_status
AF-0001,apifox,,帮助中心,https://docs.apifox.com/help.md,read,True,not_implemented
AF-0002,apifox,,更新日志,https://docs.apifox.com/changelog.md,read,True,not_implemented
AF-0003,apifox,入门,产品介绍,https://docs.apifox.com/introduction.md,indexed,False,not_implemented
AF-0004,apifox,入门,私有化部署,https://docs.apifox.com/siyouhua.md,indexed,False,not_implemented
AF-0005,apifox,入门,联系我们,https://docs.apifox.com/contact-us.md,indexed,False,not_implemented
AF-0006,apifox,开始使用,下载 Apifox,https://docs.apifox.com/download.md,read,True,not_implemented
AF-0007,apifox,开始使用,基本概念,https://docs.apifox.com/apifox-basic-concepts.md,read,True,not_implemented
AF-0008,apifox,开始使用,注册与登录,https://docs.apifox.com/sign-up-and-login.md,read,True,not_implemented
AF-0009,apifox,开始使用,页面布局,https://docs.apifox.com/page-layout.md,read,True,not_implemented
AF-0010,apifox,开始使用 > 快速上手,快速上手,https://docs.apifox.com/getting-started.md,read,True,not_implemented
AF-0011,apifox,开始使用 > 快速上手,新建接口,https://docs.apifox.com/create-api.md,read,True,not_implemented
AF-0012,apifox,开始使用 > 快速上手,发送接口请求,https://docs.apifox.com/send-api-request.md,read,True,not_implemented
AF-0013,apifox,开始使用 > 快速上手,发送快捷请求并保存为接口,https://docs.apifox.com/quick-request.md,read,True,not_implemented
AF-0014,apifox,开始使用 > 快速上手,添加断言,https://docs.apifox.com/add-assertions.md,read,True,not_implemented
AF-0015,apifox,开始使用 > 快速上手,新建测试场景,https://docs.apifox.com/create-test-scenario.md,read,True,not_implemented
AF-0016,apifox,开始使用 > 快速上手,分享 API 文档,https://docs.apifox.com/share-api-documentation.md,read,True,not_implemented
AF-0017,apifox,开始使用 > 快速上手,了解更多,https://docs.apifox.com/learn-more.md,read,True,not_implemented
AF-0018,apifox,开始使用 > 导入导出数据,导出数据,https://docs.apifox.com/export-data.md,read,True,not_implemented
AF-0019,apifox,开始使用 > 导入导出数据,导入导出数据,https://docs.apifox.com/import-and-export.md,read,True,not_implemented
AF-0020,apifox,开始使用 > 导入导出数据,定时导入（绑定数据源）,https://docs.apifox.com/scheduled-import.md,read,True,not_implemented
AF-0021,apifox,开始使用 > 导入导出数据,导入设置,https://docs.apifox.com/import-settings.md,read,True,not_implemented
AF-0022,apifox,开始使用 > 导入导出数据,手动导入,https://docs.apifox.com/manual-import.md,read,True,not_implemented
AF-0023,apifox,开始使用 > 导入导出数据 > 其它方式导入,导入 cURL,https://docs.apifox.com/import-curl.md,read,True,not_implemented
AF-0024,apifox,开始使用 > 导入导出数据 > 其它方式导入,导入 Markdown,https://docs.apifox.com/import-markdown.md,read,True,not_implemented
AF-0025,apifox,开始使用 > 导入导出数据 > 其它方式导入,导入 Insomnia,https://docs.apifox.com/import-insomnia.md,read,True,not_implemented
AF-0026,apifox,开始使用 > 导入导出数据 > 其它方式导入,导入 apiDoc,https://docs.apifox.com/import-apidoc.md,read,True,not_implemented
AF-0027,apifox,开始使用 > 导入导出数据 > 其它方式导入,导入 .har 文件,https://docs.apifox.com/import-har.md,read,True,not_implemented
AF-0028,apifox,开始使用 > 导入导出数据 > 其它方式导入,导入 Apipost,https://docs.apifox.com/import-apipost.md,read,True,not_implemented
AF-0029,apifox,开始使用 > 导入导出数据 > 其它方式导入,导入 Eolink,https://docs.apifox.com/import-eolink.md,read,True,not_implemented
AF-0030,apifox,开始使用 > 导入导出数据 > 其它方式导入,导入 knife4j,https://docs.apifox.com/import-knife4j.md,read,True,not_implemented
AF-0031,apifox,开始使用 > 导入导出数据 > 其它方式导入,导入 NEI,https://docs.apifox.com/import-nei.md,read,True,not_implemented
AF-0032,apifox,开始使用 > 导入导出数据 > 其它方式导入,导入小幺鸡（docway）,https://docs.apifox.com/import-docway.md,read,True,not_implemented
AF-0033,apifox,开始使用 > 导入导出数据 > 其它方式导入,导入 Apizza,https://docs.apifox.com/import-apizza.md,read,True,not_implemented
AF-0034,apifox,开始使用 > 导入导出数据 > 其它方式导入,导入 WSDL,https://docs.apifox.com/import-wsdl.md,read,True,not_implemented
AF-0035,apifox,开始使用 > 导入导出数据 > 其它方式导入,导入 Postman,https://docs.apifox.com/import-postman.md,read,True,not_implemented
AF-0036,apifox,开始使用 > 导入导出数据 > 其它方式导入,导入 OpenAPI/Swagger,https://docs.apifox.com/import-openapi-swagger.md,read,True,not_implemented
AF-0037,apifox,设计 API,设计 API,https://docs.apifox.com/design-api.md,read,True,not_implemented
AF-0038,apifox,设计 API,新建 API 项目,https://docs.apifox.com/create-api-project.md,read,True,not_implemented
AF-0039,apifox,设计 API,新建接口,https://docs.apifox.com/create-an-api.md,read,True,not_implemented
AF-0040,apifox,设计 API,接口设计规范,https://docs.apifox.com/api-design-guidelines.md,read,True,not_implemented
AF-0041,apifox,设计 API,模块,https://docs.apifox.com/module.md,read,True,not_implemented
AF-0042,apifox,设计 API,请求体多示例配置,https://docs.apifox.com/multi-example-request-body.md,read,True,not_implemented
AF-0043,apifox,设计 API,响应组件,https://docs.apifox.com/response-components.md,read,True,not_implemented
AF-0044,apifox,设计 API,常用字段,https://docs.apifox.com/common-fields.md,read,True,not_implemented
AF-0045,apifox,设计 API,全局参数,https://docs.apifox.com/global-parameters.md,read,True,not_implemented
AF-0046,apifox,设计 API,历史记录,https://docs.apifox.com/api-history.md,read,True,not_implemented
AF-0047,apifox,设计 API,接口评论,https://docs.apifox.com/api-comments.md,read,True,not_implemented
AF-0048,apifox,设计 API,批量管理,https://docs.apifox.com/bulk-operations.md,read,True,not_implemented
AF-0049,apifox,设计 API,通用接口文档,https://docs.apifox.com/custom-protocol-api.md,read,True,not_implemented
AF-0050,apifox,设计 API,以 OpenAPI 文件维护接口,https://docs.apifox.com/9330582m0.md,read,True,not_implemented
AF-0051,apifox,设计 API > 基础知识 > 接口基本信息,请求头,https://docs.apifox.com/request-headers.md,read,True,not_implemented
AF-0052,apifox,设计 API > 基础知识 > 接口基本信息,HTTP/2,https://docs.apifox.com/http2.md,read,True,not_implemented
AF-0053,apifox,设计 API > 基础知识 > 接口基本信息,请求参数编码解码,https://docs.apifox.com/request-param-encoding-decoding.md,read,True,not_implemented
AF-0054,apifox,设计 API > 基础知识 > 接口基本信息,请求参数与请求体,https://docs.apifox.com/request-params-and-body.md,read,True,not_implemented
AF-0055,apifox,设计 API > 基础知识 > 接口基本信息,请求 URL 与方法,https://docs.apifox.com/request-url-and-method.md,read,True,not_implemented
AF-0056,apifox,设计 API > 基础知识 > 认证与授权,认证与授权,https://docs.apifox.com/authentication-and-authorization.md,read,True,not_implemented
AF-0057,apifox,设计 API > 基础知识 > 认证与授权,支持的授权类型,https://docs.apifox.com/authorization-types.md,read,True,not_implemented
AF-0058,apifox,设计 API > 基础知识 > 认证与授权,Digest Auth,https://docs.apifox.com/digest-auth.md,read,True,not_implemented
AF-0059,apifox,设计 API > 基础知识 > 认证与授权,OAuth 1.0,https://docs.apifox.com/oauth1.md,read,True,not_implemented
AF-0060,apifox,设计 API > 基础知识 > 认证与授权,OAuth 2.0,https://docs.apifox.com/oauth2.md,read,True,not_implemented
AF-0061,apifox,设计 API > 基础知识 > 认证与授权,Hawk Authentication,https://docs.apifox.com/hawk-auth.md,read,True,not_implemented
AF-0062,apifox,设计 API > 基础知识 > 认证与授权,Kerberos,https://docs.apifox.com/kerberos.md,read,True,not_implemented
AF-0063,apifox,设计 API > 基础知识 > 认证与授权,NTLM,https://docs.apifox.com/ntlm.md,read,True,not_implemented
AF-0064,apifox,设计 API > 基础知识 > 认证与授权,Akamai EdgeGrid,https://docs.apifox.com/akamai-edgegrid.md,read,True,not_implemented
AF-0065,apifox,设计 API > 基础知识 > 认证与授权,CA 和客户端证书,https://docs.apifox.com/ca-and-client-certificates.md,read,True,not_implemented
AF-0066,apifox,设计 API > 基础知识 > 响应与 Cookie,响应与 Cookie,https://docs.apifox.com/response-and-cookie.md,read,True,not_implemented
AF-0067,apifox,设计 API > 基础知识 > 响应与 Cookie,API 响应,https://docs.apifox.com/api-response.md,read,True,not_implemented
AF-0068,apifox,设计 API > 基础知识 > 响应与 Cookie,创建和发送 Cookie,https://docs.apifox.com/create-and-send-cookie.md,read,True,not_implemented
AF-0069,apifox,设计 API > 基础知识 > 响应与 Cookie,实际请求,https://docs.apifox.com/actual-request.md,read,True,not_implemented
AF-0070,apifox,设计 API > 基础知识 > 响应与 Cookie,提取响应示例,https://docs.apifox.com/extract-response-example.md,read,True,not_implemented
AF-0071,apifox,设计 API > 基础知识 > 请求代理,网页端中的请求代理,https://docs.apifox.com/request-proxy-in-web.md,read,True,not_implemented
AF-0072,apifox,设计 API > 基础知识 > 请求代理,分享文档中的请求代理,https://docs.apifox.com/share-document-proxy.md,read,True,not_implemented
AF-0073,apifox,设计 API > 基础知识 > 请求代理,客户端中的请求代理,https://docs.apifox.com/client-side-request-proxy.md,read,True,not_implemented
AF-0074,apifox,设计 API > 基础知识 > API Hub,API Hub,https://docs.apifox.com/apihub.md,read,True,not_implemented
AF-0075,apifox,设计 API > 数据模型,数据模型 (Schema),https://docs.apifox.com/data-schemas.md,read,True,not_implemented
AF-0076,apifox,设计 API > 数据模型,高级数据类型,https://docs.apifox.com/advanced-data-types.md,read,True,not_implemented
AF-0077,apifox,设计 API > 数据模型,构建数据模型,https://docs.apifox.com/build-data-schemas.md,read,True,not_implemented
AF-0078,apifox,设计 API > 数据模型,通过 JSON 等生成,https://docs.apifox.com/generate-from-json.md,read,True,not_implemented
AF-0079,apifox,设计 API > 数据模型,新建数据模型,https://docs.apifox.com/create-data-schema.md,read,True,not_implemented
AF-0080,apifox,设计 API > 数据模型 > 数据模型进阶,使用 oneOf / anyOf / allOf 构建组合模式,https://docs.apifox.com/oneof-anyof-allof.md,read,True,not_implemented
AF-0081,apifox,设计 API > 数据模型 > 数据模型进阶,使用 discriminator 实现多态数据结构,https://docs.apifox.com/use-discriminator.md,read,True,not_implemented
AF-0082,apifox,设计 API > 鉴权组件,鉴权组件,https://docs.apifox.com/security-schemes.md,read,True,not_implemented
AF-0083,apifox,设计 API > 鉴权组件,创建鉴权组件,https://docs.apifox.com/create-security-scheme.md,read,True,not_implemented
AF-0084,apifox,设计 API > 鉴权组件,使用鉴权组件,https://docs.apifox.com/use-security-schemes.md,read,True,not_implemented
AF-0085,apifox,设计 API > 鉴权组件,在线文档中的鉴权组件,https://docs.apifox.com/security-schemes-in-docs.md,read,True,not_implemented
AF-0086,apifox,设计 API > 高级功能,参数列表外观,https://docs.apifox.com/parameter-list-appearance.md,read,True,not_implemented
AF-0087,apifox,设计 API > 高级功能,接口唯一标识,https://docs.apifox.com/api-unique-identifier.md,read,True,not_implemented
AF-0088,apifox,设计 API > 高级功能,关联测试场景,https://docs.apifox.com/linked-test-scenarios.md,read,True,not_implemented
AF-0089,apifox,设计 API > 高级功能,接口状态,https://docs.apifox.com/api-status.md,read,True,not_implemented
AF-0090,apifox,设计 API > 高级功能,接口字段,https://docs.apifox.com/api-fields.md,read,True,not_implemented
AF-0091,apifox,开发和调试 API,开发和调试 API,https://docs.apifox.com/develop-and-debug-api.md,read,True,not_implemented
AF-0092,apifox,开发和调试 API,生成请求,https://docs.apifox.com/generate-request.md,read,True,not_implemented
AF-0093,apifox,开发和调试 API,发送请求,https://docs.apifox.com/send-request.md,read,True,not_implemented
AF-0094,apifox,开发和调试 API,请求历史,https://docs.apifox.com/request-history.md,read,True,not_implemented
AF-0095,apifox,开发和调试 API,接口调试用例,https://docs.apifox.com/api-test-cases.md,read,True,not_implemented
AF-0096,apifox,开发和调试 API,单接口用例,https://docs.apifox.com/7227782m0.md,read,True,not_implemented
AF-0097,apifox,开发和调试 API,动态值,https://docs.apifox.com/dynamic-values.md,read,True,not_implemented
AF-0098,apifox,开发和调试 API,校验响应,https://docs.apifox.com/validate-response.md,read,True,not_implemented
AF-0099,apifox,开发和调试 API,文档模式/调试模式,https://docs.apifox.com/design-and-request-mode.md,read,True,not_implemented
AF-0100,apifox,开发和调试 API,生成代码,https://docs.apifox.com/generate-code.md,read,True,not_implemented
AF-0101,apifox,开发和调试 API > 环境和变量,环境和变量,https://docs.apifox.com/environments-and-variables.md,read,True,not_implemented
AF-0102,apifox,开发和调试 API > 环境和变量,环境管理,https://docs.apifox.com/environments-and-services.md,read,True,not_implemented
AF-0103,apifox,开发和调试 API > 环境和变量,全局/环境/模块/临时变量,https://docs.apifox.com/global-environment-session-variables.md,read,True,not_implemented
AF-0104,apifox,开发和调试 API > 环境和变量 > Vault Secrets（密钥库）,Vault Secrets（密钥库）,https://docs.apifox.com/vault-secrets.md,read,True,not_implemented
AF-0105,apifox,开发和调试 API > 前后置操作&脚本,前后置操作,https://docs.apifox.com/pre-post-processors.md,read,True,not_implemented
AF-0106,apifox,开发和调试 API > 前后置操作&脚本,断言,https://docs.apifox.com/assertions.md,read,True,not_implemented
AF-0107,apifox,开发和调试 API > 前后置操作&脚本,提取变量,https://docs.apifox.com/extract-variables.md,read,True,not_implemented
AF-0108,apifox,开发和调试 API > 前后置操作&脚本,等待时间,https://docs.apifox.com/wait-time.md,read,True,not_implemented
AF-0109,apifox,开发和调试 API > 前后置操作&脚本,安全性,https://docs.apifox.com/8886331m0.md,read,True,not_implemented
AF-0110,apifox,开发和调试 API > 前后置操作&脚本 > 数据库操作,数据库操作,https://docs.apifox.com/database.md,read,True,not_implemented
AF-0111,apifox,开发和调试 API > 前后置操作&脚本 > 数据库操作,MySQL,https://docs.apifox.com/mysql.md,read,True,not_implemented
AF-0112,apifox,开发和调试 API > 前后置操作&脚本 > 数据库操作,MongoDB,https://docs.apifox.com/mongodb.md,read,True,not_implemented
AF-0113,apifox,开发和调试 API > 前后置操作&脚本 > 数据库操作,Redis,https://docs.apifox.com/redis.md,read,True,not_implemented
AF-0114,apifox,开发和调试 API > 前后置操作&脚本 > 数据库操作,Oracle,https://docs.apifox.com/oracle.md,read,True,not_implemented
AF-0115,apifox,开发和调试 API > 前后置操作&脚本 > 使用脚本,使用脚本,https://docs.apifox.com/scripts.md,read,True,not_implemented
AF-0116,apifox,开发和调试 API > 前后置操作&脚本 > 使用脚本,前置脚本,https://docs.apifox.com/pre-request-scripts.md,read,True,not_implemented
AF-0117,apifox,开发和调试 API > 前后置操作&脚本 > 使用脚本,后置脚本,https://docs.apifox.com/post-request-scripts.md,read,True,not_implemented
AF-0118,apifox,开发和调试 API > 前后置操作&脚本 > 使用脚本,公共脚本,https://docs.apifox.com/common-scripts.md,read,True,not_implemented
AF-0119,apifox,开发和调试 API > 前后置操作&脚本 > 使用脚本,pm 脚本 API,https://docs.apifox.com/postman-script-api.md,read,True,not_implemented
AF-0120,apifox,开发和调试 API > 前后置操作&脚本 > 使用脚本,使用 JS 类库,https://docs.apifox.com/js-libraries.md,read,True,not_implemented
AF-0121,apifox,开发和调试 API > 前后置操作&脚本 > 使用脚本,响应数据可视化,https://docs.apifox.com/response-data-visualization.md,read,True,not_implemented
AF-0122,apifox,开发和调试 API > 前后置操作&脚本 > 使用脚本,调用外部程序,https://docs.apifox.com/call-external-programs.md,read,True,not_implemented
AF-0123,apifox,开发和调试 API > 前后置操作&脚本 > 脚本示例,断言示例,https://docs.apifox.com/assertion-examples.md,read,True,not_implemented
AF-0124,apifox,开发和调试 API > 前后置操作&脚本 > 脚本示例,脚本使用变量,https://docs.apifox.com/use-variables-in-scripts.md,read,True,not_implemented
AF-0125,apifox,开发和调试 API > 前后置操作&脚本 > 脚本示例,脚本读取/修改接口请求信息,https://docs.apifox.com/access-modify-request-data.md,read,True,not_implemented
AF-0126,apifox,开发和调试 API > 前后置操作&脚本 > 常见问题,如何获取动态参数的真实值并加密？,https://docs.apifox.com/5831263m0.md,read,True,not_implemented
AF-0127,apifox,开发和调试 API > 前后置操作&脚本 > 常见问题,脚本运行后，提取的数字（bigint）精度丢失应该如何处理？,https://docs.apifox.com/5831265m0.md,read,True,not_implemented
AF-0128,apifox,开发和调试 API > API 调试,SSE 调试,https://docs.apifox.com/sse.md,read,True,not_implemented
AF-0129,apifox,开发和调试 API > API 调试,MCP 调试,https://docs.apifox.com/mcp.md,read,True,not_implemented
AF-0130,apifox,开发和调试 API > API 调试,GraphQL 调试,https://docs.apifox.com/graphql.md,read,True,not_implemented
AF-0131,apifox,开发和调试 API > API 调试,WebSocket 调试,https://docs.apifox.com/websocket.md,read,True,not_implemented
AF-0132,apifox,开发和调试 API > API 调试,Socket.IO 调试,https://docs.apifox.com/socketio.md,read,True,not_implemented
AF-0133,apifox,开发和调试 API > API 调试,SOAP/WebService,https://docs.apifox.com/soap.md,read,True,not_implemented
AF-0134,apifox,开发和调试 API > API 调试,gRPC 调试,https://docs.apifox.com/grpc.md,read,True,not_implemented
AF-0135,apifox,开发和调试 API > API 调试,Webhook 调试,https://docs.apifox.com/webhook.md,read,True,not_implemented
AF-0136,apifox,开发和调试 API > API 调试,AI Agent Debugger,https://docs.apifox.com/ai-agent-debugger.md,read,True,not_implemented
AF-0137,apifox,开发和调试 API > API 调试,A2A Debugger,https://docs.apifox.com/a2a-debugger.md,read,True,not_implemented
AF-0138,apifox,开发和调试 API > API 调试,使用请求代理调试,https://docs.apifox.com/request-proxy-debugging.md,read,True,not_implemented
AF-0139,apifox,开发和调试 API > API 调试 > Dubbo 调试,新建 Dubbo 接口,https://docs.apifox.com/create-dubbo-api.md,read,True,not_implemented
AF-0140,apifox,开发和调试 API > API 调试 > Dubbo 调试,调试 Dubbo 接口,https://docs.apifox.com/debug-dubbo-api.md,read,True,not_implemented
AF-0141,apifox,开发和调试 API > API 调试 > Dubbo 调试,Dubbo 接口文档,https://docs.apifox.com/dubbo-api-documentation.md,read,True,not_implemented
AF-0142,apifox,开发和调试 API > API 调试 > TCP（Socket）,Socket 接口功能简介,https://docs.apifox.com/tcp-socket.md,read,True,not_implemented
AF-0143,apifox,开发和调试 API > API 调试 > TCP（Socket）,报文数据处理器,https://docs.apifox.com/message-data-processor.md,read,True,not_implemented
AF-0144,apifox,Mock 数据,Mock 数据,https://docs.apifox.com/mock.md,read,True,not_implemented
AF-0145,apifox,Mock 数据,智能 Mock,https://docs.apifox.com/smart-mock.md,read,True,not_implemented
AF-0146,apifox,Mock 数据,自定义 Mock,https://docs.apifox.com/custom-mock.md,read,True,not_implemented
AF-0147,apifox,Mock 数据,Mock 优先级,https://docs.apifox.com/mock-priority-rules.md,read,True,not_implemented
AF-0148,apifox,Mock 数据,Mock 脚本,https://docs.apifox.com/mock-scripts.md,read,True,not_implemented
AF-0149,apifox,Mock 数据,云端 Mock,https://docs.apifox.com/cloud-mock.md,read,True,not_implemented
AF-0150,apifox,Mock 数据,自托管 Runner Mock,https://docs.apifox.com/runner-mock.md,read,True,not_implemented
AF-0151,apifox,自动化测试,自动化测试,https://docs.apifox.com/automated-testing.md,read,True,not_implemented
AF-0152,apifox,自动化测试 > 编排场景用例,新建场景用例,https://docs.apifox.com/new-test-scenario.md,read,True,not_implemented
AF-0153,apifox,自动化测试 > 编排场景用例,测试步骤间传递数据,https://docs.apifox.com/pass-data-between-test-steps.md,read,True,not_implemented
AF-0154,apifox,自动化测试 > 编排场景用例,测试流程控制条件,https://docs.apifox.com/flow-control-conditions.md,read,True,not_implemented
AF-0155,apifox,自动化测试 > 编排场景用例,从接口/用例同步数据,https://docs.apifox.com/sync-from-endpoint-or-test-case.md,read,True,not_implemented
AF-0156,apifox,自动化测试 > 编排场景用例,跨项目导入接口/用例,https://docs.apifox.com/import-apis-or-cases-cross-projects.md,read,True,not_implemented
AF-0157,apifox,自动化测试 > 编排场景用例,导出场景用例数据,https://docs.apifox.com/export-test-scenario-data.md,read,True,not_implemented
AF-0158,apifox,自动化测试 > 运行场景用例,运行场景用例,https://docs.apifox.com/run-test-scenarios.md,read,True,not_implemented
AF-0159,apifox,自动化测试 > 运行场景用例,批量运行场景用例,https://docs.apifox.com/batch-run-test-scenarios.md,read,True,not_implemented
AF-0160,apifox,自动化测试 > 运行场景用例,数据驱动测试,https://docs.apifox.com/data-driven-testing.md,read,True,not_implemented
AF-0161,apifox,自动化测试 > 运行场景用例,共用测试数据,https://docs.apifox.com/8210700m0.md,read,True,not_implemented
AF-0162,apifox,自动化测试 > 运行场景用例,定时任务,https://docs.apifox.com/scheduled-tasks.md,read,True,not_implemented
AF-0163,apifox,自动化测试 > 运行场景用例,管理其它项目接口的运行环境,https://docs.apifox.com/manage-cross-project-environments.md,read,True,not_implemented
AF-0164,apifox,自动化测试 > 测试套件,测试套件,https://docs.apifox.com/7927162m0.md,read,True,not_implemented
AF-0165,apifox,自动化测试 > 测试套件,新建测试套件,https://docs.apifox.com/7927169m0.md,read,True,not_implemented
AF-0166,apifox,自动化测试 > 测试套件,编排测试套件,https://docs.apifox.com/7927280m0.md,read,True,not_implemented
AF-0167,apifox,自动化测试 > 测试套件,本地运行测试套件,https://docs.apifox.com/7927296m0.md,read,True,not_implemented
AF-0168,apifox,自动化测试 > 测试套件,定时任务,https://docs.apifox.com/7927622m0.md,read,True,not_implemented
AF-0169,apifox,自动化测试 > 测试报告,测试报告,https://docs.apifox.com/test-reports.md,read,True,not_implemented
AF-0170,apifox,自动化测试 > API 测试,性能测试,https://docs.apifox.com/performance-testing.md,read,True,not_implemented
AF-0171,apifox,自动化测试 > API 测试,集成测试,https://docs.apifox.com/integration-testing.md,read,True,not_implemented
AF-0172,apifox,自动化测试 > API 测试,端到端测试,https://docs.apifox.com/end-to-end-testing.md,read,True,not_implemented
AF-0173,apifox,自动化测试 > API 测试,回归测试,https://docs.apifox.com/regression-testing.md,read,True,not_implemented
AF-0174,apifox,自动化测试 > API 测试,契约测试,https://docs.apifox.com/contract-testing.md,read,True,not_implemented
AF-0175,apifox,Apifox CLI,Apifox CLI,https://docs.apifox.com/apifox-cli.md,read,True,not_implemented
AF-0176,apifox,Apifox CLI,安装和运行 CLI,https://docs.apifox.com/install-and-run-cli.md,read,True,not_implemented
AF-0177,apifox,Apifox CLI,CLI 命令选项,https://docs.apifox.com/cli-command-options.md,read,True,not_implemented
AF-0178,apifox,Apifox CLI,CLI 运行测试套件,https://docs.apifox.com/7927315m0.md,read,True,not_implemented
AF-0179,apifox,Apifox CLI,使用 Apifox CLI 搭配 AI Agent,https://docs.apifox.com/9212297m0.md,read,True,not_implemented
AF-0180,apifox,Apifox CLI > CI/CD,CI/CD 集成,https://docs.apifox.com/cicd.md,read,True,not_implemented
AF-0181,apifox,Apifox CLI > CI/CD,Git 提交自动触发测试,https://docs.apifox.com/git-commit-triggered-testing.md,read,True,not_implemented
AF-0182,apifox,Apifox CLI > CI/CD,与 Gitlab 集成,https://docs.apifox.com/integration-with-gitlab.md,read,True,not_implemented
AF-0183,apifox,Apifox CLI > CI/CD,与 Jenkins 集成,https://docs.apifox.com/integration-with-jenkins.md,read,True,not_implemented
AF-0184,apifox,Apifox CLI > CI/CD,与 Github Actions 集成,https://docs.apifox.com/integration-with-github-actions.md,read,True,not_implemented
AF-0185,apifox,Apifox CLI > CI/CD,与其它更多 CI/CD 平台集成,https://docs.apifox.com/integration-with-other-ci-cd-platforms.md,read,True,not_implemented
AF-0186,apifox,发布 API 文档,自定义域名,https://docs.apifox.com/custom-domain.md,read,True,not_implemented
AF-0187,apifox,发布 API 文档,分享文档,https://docs.apifox.com/api-documentation.md,read,True,not_implemented
AF-0188,apifox,发布 API 文档,快捷分享,https://docs.apifox.com/quick-share.md,read,True,not_implemented
AF-0189,apifox,发布 API 文档,SEO 设置,https://docs.apifox.com/seo-settings.md,read,True,not_implemented
AF-0190,apifox,发布 API 文档,页面布局设置,https://docs.apifox.com/page-layout-settings.md,read,True,not_implemented
AF-0191,apifox,发布 API 文档,AI 相关特性,https://docs.apifox.com/ai-features.md,read,True,not_implemented
AF-0192,apifox,发布 API 文档,发布文档站,https://docs.apifox.com/publish-documentation-site.md,read,True,not_implemented
AF-0193,apifox,发布 API 文档,自定义页面代码（ CSS / JS / HTML）,https://docs.apifox.com/custom-css-js-html.md,read,True,not_implemented
AF-0194,apifox,发布 API 文档,查看 API 文档,https://docs.apifox.com/view-api-documentation.md,read,True,not_implemented
AF-0195,apifox,发布 API 文档 > 高级设置,文档站搜索设置,https://docs.apifox.com/documentation-site-search-settings.md,read,True,not_implemented
AF-0196,apifox,发布 API 文档 > 高级设置,跨域代理,https://docs.apifox.com/cross-origin-proxy.md,read,True,not_implemented
AF-0197,apifox,发布 API 文档 > 高级设置,文档站接入 Google Analytics,https://docs.apifox.com/google-analytics-integration.md,read,True,not_implemented
AF-0198,apifox,发布 API 文档 > 高级设置,文档左侧目录设置,https://docs.apifox.com/documentation-sidebar-settings.md,read,True,not_implemented
AF-0199,apifox,发布 API 文档 > 高级设置,文档可见性设置,https://docs.apifox.com/documentation-visibility-settings.md,read,True,not_implemented
AF-0200,apifox,发布 API 文档 > 高级设置,在线 URL 链接规范,https://docs.apifox.com/url-link-conventions.md,read,True,not_implemented
AF-0201,apifox,发布 API 文档 > API 版本,API 版本,https://docs.apifox.com/api-version.md,read,True,not_implemented
AF-0202,apifox,发布 API 文档 > API 版本,创建 API 版本,https://docs.apifox.com/create-api-version.md,read,True,not_implemented
AF-0203,apifox,发布 API 文档 > API 版本,发布 API 版本,https://docs.apifox.com/publish-api-version.md,read,True,not_implemented
AF-0204,apifox,发布 API 文档 > API 版本,快捷分享 API 版本,https://docs.apifox.com/quick-share-api-version.md,read,True,not_implemented
AF-0205,apifox,迭代分支,迭代分支,https://docs.apifox.com/sprint-branch.md,read,True,not_implemented
AF-0206,apifox,迭代分支,新建迭代分支,https://docs.apifox.com/create-sprint-branch.md,read,True,not_implemented
AF-0207,apifox,迭代分支,在迭代分支中改动 API,https://docs.apifox.com/api-changes-in-sprint-branch.md,read,True,not_implemented
AF-0208,apifox,迭代分支,在迭代分支中测试 API,https://docs.apifox.com/test-api-in-sprint-branch.md,read,True,not_implemented
AF-0209,apifox,迭代分支,合并迭代分支,https://docs.apifox.com/merge-sprint-branch.md,read,True,not_implemented
AF-0210,apifox,迭代分支,管理迭代分支,https://docs.apifox.com/manage-sprint-branch.md,read,True,not_implemented
AF-0211,apifox,迭代分支,AI 分支,https://docs.apifox.com/ai-branch.md,read,True,not_implemented
AF-0212,apifox,管理中心,基本概念,https://docs.apifox.com/management-center.md,read,True,not_implemented
AF-0213,apifox,管理中心,团队入驻,https://docs.apifox.com/onboard-team.md,read,True,not_implemented
AF-0214,apifox,管理中心 > 管理项目,项目基本操作,https://docs.apifox.com/project-basic-operations.md,read,True,not_implemented
AF-0215,apifox,管理中心 > 管理项目,项目成员管理,https://docs.apifox.com/project-member-management.md,read,True,not_implemented
AF-0216,apifox,管理中心 > 管理项目 > 通知设置,消息通知,https://docs.apifox.com/message-notifications.md,read,True,not_implemented
AF-0217,apifox,管理中心 > 管理项目 > 通知设置,通知对象,https://docs.apifox.com/notification-targets.md,read,True,not_implemented
AF-0218,apifox,管理中心 > 管理项目 > 通知设置,通知事件,https://docs.apifox.com/notification-events.md,read,True,not_implemented
AF-0219,apifox,管理中心 > 管理项目 > 项目资源,数据库连接,https://docs.apifox.com/database-connections.md,read,True,not_implemented
AF-0220,apifox,管理中心 > 管理项目 > 项目资源,Git 仓库连接,https://docs.apifox.com/7230090m0.md,read,True,not_implemented
AF-0221,apifox,管理中心 > 管理团队,团队基本操作,https://docs.apifox.com/team-basic-operations.md,read,True,not_implemented
AF-0222,apifox,管理中心 > 管理团队,团队成员管理,https://docs.apifox.com/team-member-management.md,read,True,not_implemented
AF-0223,apifox,管理中心 > 管理团队,成员角色与权限设置,https://docs.apifox.com/member-roles-and-permissions.md,read,True,not_implemented
AF-0224,apifox,管理中心 > 管理团队,团队动态,https://docs.apifox.com/team-activities.md,read,True,not_implemented
AF-0225,apifox,管理中心 > 管理团队 > 团队资源,通用 Runner,https://docs.apifox.com/universal-runner.md,read,True,not_implemented
AF-0226,apifox,管理中心 > 管理团队 > 团队资源,请求代理 Agent（Proxy）,https://docs.apifox.com/request-proxy-agent.md,read,True,not_implemented
AF-0227,apifox,管理中心 > 管理团队 > 团队资源,团队变量,https://docs.apifox.com/team-variables.md,read,True,not_implemented
AF-0228,apifox,管理中心 > 管理团队 > 实时协作,团队协作,https://docs.apifox.com/team-collaboration.md,read,True,not_implemented
AF-0229,apifox,管理中心 > 管理组织,组织基本操作,https://docs.apifox.com/organization-basic-operations.md,read,True,not_implemented
AF-0230,apifox,管理中心 > 管理组织,审计日志,https://docs.apifox.com/9254394m0.md,read,True,not_implemented
AF-0231,apifox,管理中心 > 管理组织,管理组织内的团队,https://docs.apifox.com/managing-teams-in-org.md,read,True,not_implemented
AF-0232,apifox,管理中心 > 管理组织 > 单点登录（SSO）,单点登录（SSO）,https://docs.apifox.com/sso.md,read,True,not_implemented
AF-0233,apifox,管理中心 > 管理组织 > 单点登录（SSO）,为组织配置单点登录,https://docs.apifox.com/configure-sso-for-organization.md,read,True,not_implemented
AF-0234,apifox,管理中心 > 管理组织 > 单点登录（SSO）,管理用户账号,https://docs.apifox.com/manage-user-accounts.md,read,True,not_implemented
AF-0235,apifox,管理中心 > 管理组织 > 单点登录（SSO）,将组映射到团队,https://docs.apifox.com/map-groups-to-teams.md,read,True,not_implemented
AF-0236,apifox,管理中心 > 管理组织 > 单点登录（SSO）,Microsoft Entra ID,https://docs.apifox.com/microsoft-entra-id.md,read,True,not_implemented
AF-0237,apifox,管理中心 > 管理组织 > SCIM 用户管理,SCIM 用户管理,https://docs.apifox.com/scim-user-management.md,read,True,not_implemented
AF-0238,apifox,管理中心 > 管理组织 > SCIM 用户管理,Microsoft Entra ID,https://docs.apifox.com/scmi-microsoft-entra-id.md,read,True,not_implemented
AF-0239,apifox,管理中心 > 管理组织 > 组织资源,自托管 Runner,https://docs.apifox.com/self-hosted-runner.md,read,True,not_implemented
AF-0240,apifox,管理中心 > 安全管理,密钥扫描,https://docs.apifox.com/9252226m0.md,read,True,not_implemented
AF-0241,apifox,管理中心 > 订单管理,管理订阅,https://docs.apifox.com/manage-subscriptions.md,read,True,not_implemented
AF-0242,apifox,管理中心 > 订单管理,组织付费经理,https://docs.apifox.com/7191758m0.md,read,True,not_implemented
AF-0243,apifox,离线空间,离线空间,https://docs.apifox.com/offline-space.md,read,True,not_implemented
AF-0244,apifox,IDEA 插件,快速上手,https://docs.apifox.com/apifox-idea-plugin.md,read,True,not_implemented
AF-0245,apifox,IDEA 插件,生成接口文档,https://docs.apifox.com/generate-api-docs-with-idea.md,read,True,not_implemented
AF-0246,apifox,IDEA 插件,生成数据模型,https://docs.apifox.com/generate-data-schemas-with-idea.md,read,True,not_implemented
AF-0247,apifox,IDEA 插件 > 配置,全局配置,https://docs.apifox.com/5801717m0.md,read,True,not_implemented
AF-0248,apifox,IDEA 插件 > 配置,项目内配置,https://docs.apifox.com/5801720m0.md,read,True,not_implemented
AF-0249,apifox,IDEA 插件 > 配置,可配置规则,https://docs.apifox.com/5801721m0.md,read,True,not_implemented
AF-0250,apifox,IDEA 插件 > 配置,脚本工具,https://docs.apifox.com/5801722m0.md,read,True,not_implemented
AF-0251,apifox,IDEA 插件 > 配置,Groovy 本地扩展,https://docs.apifox.com/5801723m0.md,read,True,not_implemented
AF-0252,apifox,IDEA 插件 > 进阶配置,注释规范说明,https://docs.apifox.com/5801730m0.md,read,True,not_implemented
AF-0253,apifox,IDEA 插件 > 进阶配置,框架支持,https://docs.apifox.com/5801731m0.md,read,True,not_implemented
AF-0254,apifox,IDEA 插件 > 常见问题,常见问题,https://docs.apifox.com/apifox-idea-plugin-faqs.md,read,True,not_implemented
AF-0255,apifox,浏览器扩展,Chrome 浏览器扩展安装,https://docs.apifox.com/chrome-extension.md,read,True,not_implemented
AF-0256,apifox,浏览器扩展,Microsoft Edge 浏览器扩展安装,https://docs.apifox.com/microsoft-edge-extension.md,read,True,not_implemented
AF-0257,apifox,Apifox AI 功能,总览,https://docs.apifox.com/apifox-ai.md,read,True,not_implemented
AF-0258,apifox,Apifox AI 功能,启用 AI 功能,https://docs.apifox.com/enable-ai-features.md,read,True,not_implemented
AF-0259,apifox,Apifox AI 功能,生成测试用例,https://docs.apifox.com/generate-test-cases.md,read,True,not_implemented
AF-0260,apifox,Apifox AI 功能,修改数据模型,https://docs.apifox.com/generate-data-schemas-with-ai.md,read,True,not_implemented
AF-0261,apifox,Apifox AI 功能,接口规范性检测,https://docs.apifox.com/api-compliance-check.md,read,True,not_implemented
AF-0262,apifox,Apifox AI 功能,接口文档完整性检测,https://docs.apifox.com/api-docs-completeness-check.md,read,True,not_implemented
AF-0263,apifox,Apifox AI 功能,字段命名,https://docs.apifox.com/field-naming.md,read,True,not_implemented
AF-0264,apifox,Apifox AI 功能,常见问题,https://docs.apifox.com/apifox-ai-faqs.md,read,True,not_implemented
AF-0265,apifox,Apifox MCP Server,新版 MCP 内测,https://docs.apifox.com/8395000m0.md,read,True,not_implemented
AF-0266,apifox,Apifox MCP Server,Apifox MCP Server,https://docs.apifox.com/apifox-mcp-server.md,read,True,not_implemented
AF-0267,apifox,Apifox MCP Server,通过 MCP 使用 Apifox 项目内的 API 文档,https://docs.apifox.com/6327888m0.md,read,True,not_implemented
AF-0268,apifox,Apifox MCP Server,通过 MCP 使用公开发布的 API 文档,https://docs.apifox.com/6327890m0.md,read,True,not_implemented
AF-0269,apifox,Apifox MCP Server,通过 MCP 使用 OpenAPI/Swagger 文档,https://docs.apifox.com/6327891m0.md,read,True,not_implemented
AF-0270,apifox,最佳实践,最佳实践,https://docs.apifox.com/5743521m0.md,indexed,False,not_implemented
AF-0271,apifox,最佳实践,接口之间如何传递数据,https://docs.apifox.com/5793498m0.md,indexed,False,not_implemented
AF-0272,apifox,最佳实践,登录态（Auth）如何处理,https://docs.apifox.com/5802184m0.md,indexed,False,not_implemented
AF-0273,apifox,最佳实践,接口签名如何处理,https://docs.apifox.com/5802226m0.md,indexed,False,not_implemented
AF-0274,apifox,最佳实践,如何加密/解密接口数据,https://docs.apifox.com/5802338m0.md,indexed,False,not_implemented
AF-0275,apifox,最佳实践,Jenkins 定时触发任务,https://docs.apifox.com/5802381m0.md,indexed,False,not_implemented
AF-0276,apifox,最佳实践,如何计算 AI 问答成本,https://docs.apifox.com/5835636m0.md,indexed,False,not_implemented
AF-0277,apifox,最佳实践,与其他成员共用数据库连接配置,https://docs.apifox.com/6378711m0.md,indexed,False,not_implemented
AF-0278,apifox,最佳实践,通过 CLI 运行包含云端数据库连接配置的测试场景,https://docs.apifox.com/6378956m0.md,indexed,False,not_implemented
AF-0279,apifox,最佳实践,通过 Runner 运行包含云端数据库连接配置的测试场景,https://docs.apifox.com/6379146m0.md,indexed,False,not_implemented
AF-0280,apifox,最佳实践,Apifox 测试步骤之间怎么传递数据？,https://docs.apifox.com/6822783m0.md,indexed,False,not_implemented
AF-0281,apifox,账号&应用设置,账号设置,https://docs.apifox.com/account-settings.md,read,True,not_implemented
AF-0282,apifox,账号&应用设置,API 访问令牌,https://docs.apifox.com/api-access-token.md,read,True,not_implemented
AF-0283,apifox,账号&应用设置,通知,https://docs.apifox.com/notifications.md,read,True,not_implemented
AF-0284,apifox,账号&应用设置,语言设置,https://docs.apifox.com/language-settings.md,read,True,not_implemented
AF-0285,apifox,账号&应用设置,快捷键,https://docs.apifox.com/keyboard-shortcuts.md,read,True,not_implemented
AF-0286,apifox,账号&应用设置,网络代理,https://docs.apifox.com/network-proxy.md,read,True,not_implemented
AF-0287,apifox,账号&应用设置,数据备份与恢复,https://docs.apifox.com/data-backup-restore.md,read,True,not_implemented
AF-0288,apifox,账号&应用设置,更新 Apifox,https://docs.apifox.com/update-apifox.md,read,True,not_implemented
AF-0289,apifox,账号&应用设置,实验性功能,https://docs.apifox.com/experimental-features.md,read,True,not_implemented
AF-0290,apifox,身份验证 & Auth 鉴权指南,什么是 API Key,https://docs.apifox.com/what-is-api-key.md,indexed,False,not_implemented
AF-0291,apifox,身份验证 & Auth 鉴权指南,什么是 Bearer Token,https://docs.apifox.com/what-is-bearer-token.md,indexed,False,not_implemented
AF-0292,apifox,身份验证 & Auth 鉴权指南,什么是 JWT,https://docs.apifox.com/what-is-jwt.md,indexed,False,not_implemented
AF-0293,apifox,身份验证 & Auth 鉴权指南,什么是 Basic Auth,https://docs.apifox.com/what-is-basic-auth.md,indexed,False,not_implemented
AF-0294,apifox,身份验证 & Auth 鉴权指南,什么是 Digest Auth,https://docs.apifox.com/what-is-digest-auth.md,indexed,False,not_implemented
AF-0295,apifox,身份验证 & Auth 鉴权指南,什么是 OAuth 1.0,https://docs.apifox.com/what-is-oauth-1.md,indexed,False,not_implemented
AF-0296,apifox,身份验证 & Auth 鉴权指南 > 什么是 OAuth 2.0,什么是 OAuth 2.0,https://docs.apifox.com/what-is-oauth-2.md,indexed,False,not_implemented
AF-0297,apifox,身份验证 & Auth 鉴权指南 > 什么是 OAuth 2.0,授权码授权类型,https://docs.apifox.com/authorization-code-grant.md,indexed,False,not_implemented
AF-0298,apifox,身份验证 & Auth 鉴权指南 > 什么是 OAuth 2.0,授权码授权类型，带有 PKCE,https://docs.apifox.com/authorization-code-grant-with-pkce.md,indexed,False,not_implemented
AF-0299,apifox,身份验证 & Auth 鉴权指南 > 什么是 OAuth 2.0,隐式授权类型,https://docs.apifox.com/implicit-grant.md,indexed,False,not_implemented
AF-0300,apifox,身份验证 & Auth 鉴权指南 > 什么是 OAuth 2.0,密码凭证授权类型,https://docs.apifox.com/password-credentials-grant.md,indexed,False,not_implemented
AF-0301,apifox,身份验证 & Auth 鉴权指南 > 什么是 OAuth 2.0,客户端凭证授权类型,https://docs.apifox.com/client-credentials-grant.md,indexed,False,not_implemented
AF-0302,apifox,服务与隐私协议,服务协议,https://docs.apifox.com/service-agreement.md,indexed,False,not_implemented
AF-0303,apifox,服务与隐私协议,隐私协议,https://docs.apifox.com/privacy-policy.md,indexed,False,not_implemented
AF-0304,apifox,服务与隐私协议,服务等级协议,https://docs.apifox.com/sla.md,indexed,False,not_implemented
AF-0305,apifox,参考资料,API 设计优先理念,https://docs.apifox.com/api-first-design.md,indexed,False,not_implemented
AF-0306,apifox,参考资料,JSON Schema 介绍,https://docs.apifox.com/json-schema.md,indexed,False,not_implemented
AF-0307,apifox,参考资料,JSONPath 介绍,https://docs.apifox.com/jsonpath.md,indexed,False,not_implemented
AF-0308,apifox,参考资料,XPath 介绍,https://docs.apifox.com/xpath.md,indexed,False,not_implemented
AF-0309,apifox,参考资料,Apifox Markdown 语法,https://docs.apifox.com/apifox-markdown.md,indexed,False,not_implemented
AF-0310,apifox,参考资料,CSV 格式规范,https://docs.apifox.com/csv.md,indexed,False,not_implemented
AF-0311,apifox,参考资料,正则表达式,https://docs.apifox.com/regex.md,indexed,False,not_implemented
AF-0312,apifox,参考资料,安装 Java 环境,https://docs.apifox.com/install-java.md,indexed,False,not_implemented
AF-0313,apifox,参考资料,Runner 运行环境,https://docs.apifox.com/runner-environment.md,indexed,False,not_implemented
AF-0314,apifox,参考资料,常见编程语言对应的数据类型,https://docs.apifox.com/programming-data-types.md,indexed,False,not_implemented
AF-0315,apifox,参考资料,Socket 粘包和分包问题,https://docs.apifox.com/socket-packet-fragmentation-and-merging.md,indexed,False,not_implemented
AF-0316,apifox,参考资料,词汇表,https://docs.apifox.com/glossary.md,indexed,False,not_implemented
AF-0317,apifox,参考资料 > Apifox Swagger 扩展,概述,https://docs.apifox.com/apifox-openapi-swagger-extension.md,indexed,False,not_implemented
AF-0318,apifox,参考资料 > Apifox Swagger 扩展,x-apifox-folder,https://docs.apifox.com/x-apifox-folder.md,indexed,False,not_implemented
AF-0319,apifox,参考资料 > Apifox Swagger 扩展,x-apifox-status,https://docs.apifox.com/x-apifox-status.md,indexed,False,not_implemented
AF-0320,apifox,参考资料 > Apifox Swagger 扩展,x-apifox-name,https://docs.apifox.com/x-apifox-name.md,indexed,False,not_implemented
AF-0321,apifox,参考资料 > Apifox Swagger 扩展,x-apifox-maintainer,https://docs.apifox.com/x-apifox-maintainer.md,indexed,False,not_implemented
AF-0322,apifox,参考资料 > Apifox JSON Schema 扩展,概述,https://docs.apifox.com/apifox-json-schema-extension.md,indexed,False,not_implemented
AF-0323,apifox,参考资料 > Apifox JSON Schema 扩展,x-apifox-mock,https://docs.apifox.com/x-apifox-mock.md,indexed,False,not_implemented
AF-0324,apifox,参考资料 > Apifox JSON Schema 扩展,x-apifox-orders,https://docs.apifox.com/x-apifox-orders.md,indexed,False,not_implemented
AF-0325,apifox,参考资料 > Apifox JSON Schema 扩展,x-apifox-enum,https://docs.apifox.com/x-apifox-enum.md,indexed,False,not_implemented
AF-0326,apifox,参考资料,动态值表达式,https://docs.apifox.com/46262793f0.md,indexed,False,not_implemented
AF-0327,apifox,参考资料 > 动态值表达式,概述,https://docs.apifox.com/dynamic-value-expressions.md,indexed,False,not_implemented
AF-0328,apifox,参考资料 > 动态值表达式,航空公司（Airline）,https://docs.apifox.com/5589658m0.md,indexed,False,not_implemented
AF-0329,apifox,参考资料 > 动态值表达式,动物（Animal）,https://docs.apifox.com/5589662m0.md,indexed,False,not_implemented
AF-0330,apifox,参考资料 > 动态值表达式,颜色（Color）,https://docs.apifox.com/5589666m0.md,indexed,False,not_implemented
AF-0331,apifox,参考资料 > 动态值表达式,商业（Commerce）,https://docs.apifox.com/5589669m0.md,indexed,False,not_implemented
AF-0332,apifox,参考资料 > 动态值表达式,公司（Company）,https://docs.apifox.com/5589672m0.md,indexed,False,not_implemented
AF-0333,apifox,参考资料 > 动态值表达式,数据库（Company）,https://docs.apifox.com/5589675m0.md,indexed,False,not_implemented
AF-0334,apifox,参考资料 > 动态值表达式,数据类型（Datatype）,https://docs.apifox.com/5589677m0.md,indexed,False,not_implemented
AF-0335,apifox,参考资料 > 动态值表达式,日期（Date）,https://docs.apifox.com/5589680m0.md,indexed,False,not_implemented
AF-0336,apifox,参考资料 > 动态值表达式,金融（Finance）,https://docs.apifox.com/5589683m0.md,indexed,False,not_implemented
AF-0337,apifox,参考资料 > 动态值表达式,食物（Food）,https://docs.apifox.com/5589685m0.md,indexed,False,not_implemented
AF-0338,apifox,参考资料 > 动态值表达式,Git,https://docs.apifox.com/5589688m0.md,indexed,False,not_implemented
AF-0339,apifox,参考资料 > 动态值表达式,黑客（Hacker）,https://docs.apifox.com/5589689m0.md,indexed,False,not_implemented
AF-0340,apifox,参考资料 > 动态值表达式,辅助函数（Helpers）,https://docs.apifox.com/5589690m0.md,indexed,False,not_implemented
AF-0341,apifox,参考资料 > 动态值表达式,图片（Image）,https://docs.apifox.com/5589695m0.md,indexed,False,not_implemented
AF-0342,apifox,参考资料 > 动态值表达式,网络（Internet）,https://docs.apifox.com/5589698m0.md,indexed,False,not_implemented
AF-0343,apifox,参考资料 > 动态值表达式,地点和位置（Location）,https://docs.apifox.com/5589700m0.md,indexed,False,not_implemented
AF-0344,apifox,参考资料 > 动态值表达式,随机文本单词（Lorem）,https://docs.apifox.com/5589703m0.md,indexed,False,not_implemented
AF-0345,apifox,参考资料 > 动态值表达式,音乐（Music）,https://docs.apifox.com/5589733m0.md,indexed,False,not_implemented
AF-0346,apifox,参考资料 > 动态值表达式,数字（Number）,https://docs.apifox.com/5589760m0.md,indexed,False,not_implemented
AF-0347,apifox,参考资料 > 动态值表达式,人物（Person）,https://docs.apifox.com/5589761m0.md,indexed,False,not_implemented
AF-0348,apifox,参考资料 > 动态值表达式,电话（Phone）,https://docs.apifox.com/5589763m0.md,indexed,False,not_implemented
AF-0349,apifox,参考资料 > 动态值表达式,科学（Science）,https://docs.apifox.com/5589766m0.md,indexed,False,not_implemented
AF-0350,apifox,参考资料 > 动态值表达式,字符串（String）,https://docs.apifox.com/5589794m0.md,indexed,False,not_implemented
AF-0351,apifox,参考资料 > 动态值表达式,系统（System）,https://docs.apifox.com/5589800m0.md,indexed,False,not_implemented
AF-0352,apifox,参考资料 > 动态值表达式,车辆（Vehicle）,https://docs.apifox.com/5589801m0.md,indexed,False,not_implemented
AF-0353,apifox,参考资料 > 动态值表达式,单词（Word）,https://docs.apifox.com/5589803m0.md,indexed,False,not_implemented
AF-0354,apifox,常见问题,技术支持概览,https://docs.apifox.com/5835927m0.md,indexed,False,not_implemented
AF-0355,apifox,常见问题,导入/导出,https://docs.apifox.com/49062298f0.md,indexed,False,not_implemented
AF-0356,apifox,常见问题 > 导入/导出,如何导入接口数据到 Apifox?,https://docs.apifox.com/5837253m0.md,indexed,False,not_implemented
AF-0357,apifox,常见问题 > 导入/导出,如何导入 cURL 到 Apifox？,https://docs.apifox.com/5837259m0.md,indexed,False,not_implemented
AF-0358,apifox,常见问题 > 导入/导出,如何将 Postman 的环境变量迁移到 Apifox？,https://docs.apifox.com/5837289m0.md,indexed,False,not_implemented
AF-0359,apifox,常见问题 > 导入/导出,为什么导出的 API 数量减少了？,https://docs.apifox.com/5872996m0.md,indexed,False,not_implemented
AF-0360,apifox,常见问题 > 导入/导出,为什么导出到 Markdown 和 HTML 时 API 顺序混乱？,https://docs.apifox.com/5872999m0.md,indexed,False,not_implemented
AF-0361,apifox,常见问题 > 导入/导出,如何将文档导出为 PDF/Word？,https://docs.apifox.com/5873007m0.md,indexed,False,not_implemented
AF-0362,apifox,常见问题 > 导入/导出,如何在 Apifox 中导入 Swagger/OpenAPI 时自动将接口分组？,https://docs.apifox.com/6597992m0.md,indexed,False,not_implemented
AF-0363,apifox,常见问题 > 导入/导出,Postman导入提示错误:URImalformed,https://docs.apifox.com/6834744m0.md,indexed,False,not_implemented
AF-0364,apifox,常见问题 > 导入/导出,开放接口，选择导入 「OpenAPI/Swagger 格式数据 - URL 导入」，使用本地的服务地址无法导入,https://docs.apifox.com/7607867m0.md,indexed,False,not_implemented
AF-0365,apifox,常见问题 > 导入/导出,导入报错，如何排查？,https://docs.apifox.com/8819145m0.md,indexed,False,not_implemented
AF-0366,apifox,常见问题,发送请求,https://docs.apifox.com/49062315f0.md,indexed,False,not_implemented
AF-0367,apifox,常见问题 > 发送请求,Apifox 是否支持调试 Socket.IO？,https://docs.apifox.com/5837658m0.md,indexed,False,not_implemented
AF-0368,apifox,常见问题 > 发送请求,Apifox 是否支持在 WebSocket 接口中使用前置/后置脚本或者断言？,https://docs.apifox.com/5837836m0.md,indexed,False,not_implemented
AF-0369,apifox,常见问题 > 发送请求,"为什么发送请求的时候，出现""socket hang up""？",https://docs.apifox.com/5881479m0.md,indexed,False,not_implemented
AF-0370,apifox,常见问题 > 发送请求,"为什么发送请求，提示“Invalid URI xxx""?",https://docs.apifox.com/6534734m0.md,indexed,False,not_implemented
AF-0371,apifox,常见问题 > 发送请求,"为什么同一个接口客户端请求成功，在web端调试会出现错误：""无法请求地址"" ？",https://docs.apifox.com/5885206m0.md,indexed,False,not_implemented
AF-0372,apifox,常见问题 > 发送请求,接口响应过大时，为什么 Apifox 会报错提示超出 nodejs 字符串最大长度？,https://docs.apifox.com/5894955m0.md,indexed,False,not_implemented
AF-0373,apifox,常见问题 > 发送请求 > 解决请求错误,解决 read ECONNRESET 错误,https://docs.apifox.com/7468626m0.md,indexed,False,not_implemented
AF-0374,apifox,常见问题 > 发送请求 > 解决请求错误,解决 ECONNREFUSED: XXXX 错误,https://docs.apifox.com/7468622m0.md,indexed,False,not_implemented
AF-0375,apifox,常见问题 > 发送请求 > 解决请求错误,解决 ETIMEDOUT: XXXX 错误,https://docs.apifox.com/7468623m0.md,indexed,False,not_implemented
AF-0376,apifox,常见问题 > 发送请求 > 解决请求错误,解决 ENOTFOUND: Couldn't resolve host 错误,https://docs.apifox.com/6534745m0.md,indexed,False,not_implemented
AF-0377,apifox,常见问题 > 发送请求 > 解决请求错误,解决 ENOTFOUND: getaddrinfo ENOTFOUND www 错误,https://docs.apifox.com/7468620m0.md,indexed,False,not_implemented
AF-0378,apifox,常见问题 > 发送请求 > 解决请求错误,解决 EHOSTUNREACH：macOS 请求内网接口错误,https://docs.apifox.com/fixing-the-connect-ehostunreach-error.md,indexed,False,not_implemented
AF-0379,apifox,常见问题,设计 API,https://docs.apifox.com/49062328f0.md,indexed,False,not_implemented
AF-0380,apifox,常见问题 > 设计 API,标签页使用说明（单击临时打开与双击固定打开）,https://docs.apifox.com/7973260m0.md,indexed,False,not_implemented
AF-0381,apifox,常见问题 > 设计 API,可以把响应组件作为默认响应吗？,https://docs.apifox.com/5837858m0.md,indexed,False,not_implemented
AF-0382,apifox,常见问题 > 设计 API,怎么查看是谁修改了接口？,https://docs.apifox.com/5837871m0.md,indexed,False,not_implemented
AF-0383,apifox,常见问题 > 设计 API,如何在 Apifox 中批量删除目录？,https://docs.apifox.com/5837878m0.md,indexed,False,not_implemented
AF-0384,apifox,常见问题 > 设计 API,如何在 Apifox 中批量删除接口？,https://docs.apifox.com/5873849m0.md,indexed,False,not_implemented
AF-0385,apifox,常见问题 > 设计 API,怎么给接口批量添加或删除 URL 前缀？,https://docs.apifox.com/5837905m0.md,indexed,False,not_implemented
AF-0386,apifox,常见问题 > 设计 API,如何获取 Apifox 的资源目录 ID？,https://docs.apifox.com/5920973m0.md,indexed,False,not_implemented
AF-0387,apifox,常见问题 > 设计 API,如何在 URL 路径中使用变量？,https://docs.apifox.com/5973791m0.md,indexed,False,not_implemented
AF-0388,apifox,常见问题 > 设计 API,如何使用 Apifox 给接口录制流量？,https://docs.apifox.com/5970584m0.md,indexed,False,not_implemented
AF-0389,apifox,常见问题 > 设计 API,在定义接口响应时，是否允许接口没有任何响应内容？,https://docs.apifox.com/5974307m0.md,indexed,False,not_implemented
AF-0390,apifox,常见问题 > 设计 API,接口/文档/测试场景不小心删除了怎么通过回收站、历史记录恢复？,https://docs.apifox.com/5985074m0.md,indexed,False,not_implemented
AF-0391,apifox,常见问题 > 设计 API,Apifox 是否支持自定义接口的请求代码？,https://docs.apifox.com/6028063m0.md,indexed,False,not_implemented
AF-0392,apifox,常见问题 > 设计 API,如何在 Apifox 接口列表中设置显示 接口名称 或 接口 URL？,https://docs.apifox.com/6260195m0.md,indexed,False,not_implemented
AF-0393,apifox,常见问题 > 设计 API,为什么接口定义的字段在文档中看不到？,https://docs.apifox.com/6306587m0.md,indexed,False,not_implemented
AF-0394,apifox,常见问题 > 设计 API,如何获取项目ID？,https://docs.apifox.com/6358540m0.md,indexed,False,not_implemented
AF-0395,apifox,常见问题 > 设计 API,如何快速编辑 JSON 数据结构中的必填字段？,https://docs.apifox.com/6363766m0.md,indexed,False,not_implemented
AF-0396,apifox,常见问题 > 设计 API,为什么在路径中不支持输入 “#” ？,https://docs.apifox.com/6749450m0.md,indexed,False,not_implemented
AF-0397,apifox,常见问题 > 设计 API,如果一个字符串属性有多个枚举值，而且在不同地方都用到了，怎么才能保证这个枚举在整个文档里都保持一致？,https://docs.apifox.com/5837930m0.md,indexed,False,not_implemented
AF-0398,apifox,常见问题 > 设计 API,数组如何配置枚举？,https://docs.apifox.com/6802030m0.md,indexed,False,not_implemented
AF-0399,apifox,常见问题 > 设计 API,数组如何设置元素的唯一性？,https://docs.apifox.com/6802276m0.md,indexed,False,not_implemented
AF-0400,apifox,常见问题 > 设计 API,form-data 中字段使用 JSON 值,https://docs.apifox.com/6839931m0.md,indexed,False,not_implemented
AF-0401,apifox,常见问题 > 设计 API,为什么在 Header 添加 Authorization 会有删除线,https://docs.apifox.com/6965181m0.md,indexed,False,not_implemented
AF-0402,apifox,常见问题 > 设计 API,如何查看最近创建 / 修改的接口？,https://docs.apifox.com/7149933m0.md,indexed,False,not_implemented
AF-0403,apifox,常见问题 > 设计 API,如何在 Apifox 中的同一字段处理字符串和文件类型？,https://docs.apifox.com/7266497m0.md,indexed,False,not_implemented
AF-0404,apifox,常见问题 > 设计 API,接口保存提示 “参数字段长度超过限制”，但未发现单个参数过长，如何解决？,https://docs.apifox.com/7408490m0.md,indexed,False,not_implemented
AF-0405,apifox,常见问题 > 设计 API,如果同时发送 file 和 json（body请求参数又要有实体类又要有文件）,https://docs.apifox.com/7466897m0.md,indexed,False,not_implemented
AF-0406,apifox,常见问题 > 设计 API,接口参数值如何设置为 null,https://docs.apifox.com/7464107m0.md,indexed,False,not_implemented
AF-0407,apifox,常见问题 > 设计 API,Apifox是否可以在打开新接口时，直接打开新的Tab，而不是替换当前Tab,https://docs.apifox.com/7630851m0.md,indexed,False,not_implemented
AF-0408,apifox,常见问题 > 设计 API,如何指定目录和接口的服务（前置 URL）？,https://docs.apifox.com/7731906m0.md,indexed,False,not_implemented
AF-0409,apifox,常见问题 > 设计 API,接口参数如何使用表格来呈现？,https://docs.apifox.com/7767453m0.md,indexed,False,not_implemented
AF-0410,apifox,常见问题,调试 API,https://docs.apifox.com/49062368f0.md,indexed,False,not_implemented
AF-0411,apifox,常见问题 > 调试 API,为什么同样的请求在其它工具（比如 Postman）里能正常工作，但在 Apifox 里却不行？,https://docs.apifox.com/5838500m0.md,indexed,False,not_implemented
AF-0412,apifox,常见问题 > 调试 API,怎么在 Apifox 里用脚本做断言？,https://docs.apifox.com/5838537m0.md,indexed,False,not_implemented
AF-0413,apifox,常见问题 > 调试 API,JSONPath 只能提取数组，那在 Apifox 里怎么从数组中提取单个元素呢？,https://docs.apifox.com/5838559m0.md,indexed,False,not_implemented
AF-0414,apifox,常见问题 > 调试 API,在 Apifox 中，不同环境有不同的数据库连接，怎么配置数据库操作？,https://docs.apifox.com/5838591m0.md,indexed,False,not_implemented
AF-0415,apifox,常见问题 > 调试 API,如何在目录级别添加 header 参数？,https://docs.apifox.com/5880028m0.md,indexed,False,not_implemented
AF-0416,apifox,常见问题 > 调试 API,如何在自定义脚本中获取服务 baseURL？,https://docs.apifox.com/5880296m0.md,indexed,False,not_implemented
AF-0417,apifox,常见问题 > 调试 API,如何在 Apifox 自定义脚本中生成动态值？,https://docs.apifox.com/5981036m0.md,indexed,False,not_implemented
AF-0418,apifox,常见问题 > 调试 API,如何在 Apifox 中查看原始报文？,https://docs.apifox.com/5985055m0.md,indexed,False,not_implemented
AF-0419,apifox,常见问题 > 调试 API,如何在 Apifox 脚本中发起异步请求？,https://docs.apifox.com/5987717m0.md,indexed,False,not_implemented
AF-0420,apifox,常见问题 > 调试 API,控制台打印内容大小限制是多少？为什么打印大文件会报错？,https://docs.apifox.com/5990696m0.md,indexed,False,not_implemented
AF-0421,apifox,常见问题 > 调试 API,如何在接口请求时上传文件？,https://docs.apifox.com/6019188m0.md,indexed,False,not_implemented
AF-0422,apifox,常见问题 > 调试 API,Apifox 中如何设置请求超时时间？,https://docs.apifox.com/6062173m0.md,indexed,False,not_implemented
AF-0423,apifox,常见问题 > 调试 API,使用 Windows 版本连接 DB2 数据库时报错怎么解决？,https://docs.apifox.com/6134121m0.md,indexed,False,not_implemented
AF-0424,apifox,常见问题 > 调试 API,如何批量修改 Header 的 User-Agent 字段,https://docs.apifox.com/6151324m0.md,indexed,False,not_implemented
AF-0425,apifox,常见问题 > 调试 API,接口带上了非预期的 Cookie 怎么处理？,https://docs.apifox.com/6151392m0.md,indexed,False,not_implemented
AF-0426,apifox,常见问题 > 调试 API,发送请求失败 “Error: getaddrinfo ENOTFOUND xxx.xxx.xxx.xxx” 的原因及排查方法,https://docs.apifox.com/6363836m0.md,indexed,False,not_implemented
AF-0427,apifox,常见问题 > 调试 API,为什么Web端发送请求正常，客户端发送请求，出现“read ECONNRESET”？,https://docs.apifox.com/6531337m0.md,indexed,False,not_implemented
AF-0428,apifox,常见问题 > 调试 API,使用 Apifox 连接 Oracle 数据库报错 NJS-045?,https://docs.apifox.com/6672036m0.md,indexed,False,not_implemented
AF-0429,apifox,常见问题 > 调试 API,怎么把其它工具的环境迁移到Apifox？,https://docs.apifox.com/5838520m0.md,indexed,False,not_implemented
AF-0430,apifox,常见问题 > 调试 API,为什么 WebSocket 在 web 端连接正常，在客户端报“1006 Abnormal Closure“？,https://docs.apifox.com/6803954m0.md,indexed,False,not_implemented
AF-0431,apifox,常见问题 > 调试 API,为什么网络正常，访问 Apifox 提示“连接 Apifox 服务器出错，请检查网络是否异常”？,https://docs.apifox.com/6808407m0.md,indexed,False,not_implemented
AF-0432,apifox,常见问题 > 调试 API,为什么 curl 请求正常返回 200，但在 Apifox 中请求却返回 400？,https://docs.apifox.com/6811414m0.md,indexed,False,not_implemented
AF-0433,apifox,常见问题 > 调试 API,为什么在 Apifox 上传文件，后台接收不到？,https://docs.apifox.com/6818573m0.md,indexed,False,not_implemented
AF-0434,apifox,常见问题 > 调试 API,"Dubbo 接口调试时出现 ""The socket was closed.(address:address=>bolt://{ip})"" 错误，如何解决？",https://docs.apifox.com/6818713m0.md,indexed,False,not_implemented
AF-0435,apifox,常见问题 > 调试 API,如何通过本地解压文件的方式添加 Apifox 浏览器插件？,https://docs.apifox.com/6834748m0.md,indexed,False,not_implemented
AF-0436,apifox,常见问题 > 调试 API,接口签名使用 AES-GCM 加密,https://docs.apifox.com/6839988m0.md,indexed,False,not_implemented
AF-0437,apifox,常见问题 > 调试 API,前置脚本如何使用 SHA256withRSA 加密？,https://docs.apifox.com/6850089m0.md,indexed,False,not_implemented
AF-0438,apifox,常见问题 > 调试 API,"Web端运行接口时，报错提示 Get ""http://localhost:3000/test"": dial tcp [::1]:3000: connect: connedtion refused",https://docs.apifox.com/6888333m0.md,indexed,False,not_implemented
AF-0439,apifox,常见问题 > 调试 API,为什么使用 Web 网页端，通过浏览器插件请求 Ollama 部署的大模型会提示 403？,https://docs.apifox.com/6926172m0.md,indexed,False,not_implemented
AF-0440,apifox,常见问题 > 调试 API,为什么在 WEB 端中修改 Referer 请求头无效？,https://docs.apifox.com/7228009m0.md,indexed,False,not_implemented
AF-0441,apifox,常见问题 > 调试 API,接口返回的是 Protobuf 数据，如何正常查看？,https://docs.apifox.com/7230269m0.md,indexed,False,not_implemented
AF-0442,apifox,常见问题 > 调试 API,接口请求中 Header 携带 Authorization 参数不生效问题,https://docs.apifox.com/7280161m0.md,indexed,False,not_implemented
AF-0443,apifox,常见问题 > 调试 API,为什么点击 Body 的自动生成 点击不生效，不更新参数值？,https://docs.apifox.com/7286419m0.md,indexed,False,not_implemented
AF-0444,apifox,常见问题 > 调试 API,为什么直接使用 Apifox 生成的 curl 运行报 “URL using bad/illegal format or missing URL“ ？,https://docs.apifox.com/7409895m0.md,indexed,False,not_implemented
AF-0445,apifox,常见问题 > 调试 API,Apifox 是否支持 STOMP 协议的 WebSocket 连接？,https://docs.apifox.com/7409967m0.md,indexed,False,not_implemented
AF-0446,apifox,常见问题 > 调试 API,如何在文件修改后，接口直接读取修改的文件（本地文件路径以变量存储）,https://docs.apifox.com/7456294m0.md,indexed,False,not_implemented
AF-0447,apifox,常见问题 > 调试 API,Socket 如何使用 GBK 格式发送数据？,https://docs.apifox.com/7456376m0.md,indexed,False,not_implemented
AF-0448,apifox,常见问题 > 调试 API,"为什么参数值中的""+""会被解码成空格？",https://docs.apifox.com/5837806m0.md,indexed,False,not_implemented
AF-0449,apifox,常见问题 > 调试 API,如何在自定义脚本中获取变量时，同时替换该变量的变量值中的变量或动态值,https://docs.apifox.com/7562187m0.md,indexed,False,not_implemented
AF-0450,apifox,常见问题 > 调试 API,gRPC 请求报 “Request Exception Received message larger than max” 如何解决？,https://docs.apifox.com/7653433m0.md,indexed,False,not_implemented
AF-0451,apifox,常见问题 > 调试 API,数据库连接报错，该如何排查？,https://docs.apifox.com/8209235m0.md,indexed,False,not_implemented
AF-0452,apifox,常见问题 > 调试 API,杀毒软件报毒“openapi-generator-cli.jar”如何解决？,https://docs.apifox.com/8658588m0.md,indexed,False,not_implemented
AF-0453,apifox,常见问题 > 调试 API,为什么变量有值却取不到？,https://docs.apifox.com/8875297m0.md,indexed,False,not_implemented
AF-0454,apifox,常见问题 > 调试 API,开启兼容带注释 JSON 后仍不生效，如何处理？,https://docs.apifox.com/8937510m0.md,indexed,False,not_implemented
AF-0455,apifox,常见问题,Mock 数据,https://docs.apifox.com/49062427f0.md,indexed,False,not_implemented
AF-0456,apifox,常见问题 > Mock 数据,Apifox支持 Mock WebSocket 接口吗？,https://docs.apifox.com/5838607m0.md,indexed,False,not_implemented
AF-0457,apifox,常见问题 > Mock 数据,为什么浏览器请求 Mock 接口没有返回内容？,https://docs.apifox.com/6016634m0.md,indexed,False,not_implemented
AF-0458,apifox,常见问题 > Mock 数据,Mock 数组数据时，如何让生成的数据不重复？,https://docs.apifox.com/6676371m0.md,indexed,False,not_implemented
AF-0459,apifox,常见问题 > Mock 数据,本地 Mock 服务启动失败怎么办？,https://docs.apifox.com/7834828m0.md,indexed,False,not_implemented
AF-0460,apifox,常见问题,自动化测试,https://docs.apifox.com/49062440f0.md,indexed,False,not_implemented
AF-0461,apifox,常见问题 > 自动化测试,为什么测试场景 Apifox 客户端运行没问题，但在 Apifox CLI 或 Runner 中运行时却出错了？,https://docs.apifox.com/5838673m0.md,indexed,False,not_implemented
AF-0462,apifox,常见问题 > 自动化测试,为什么无法成功引用前置步骤数据？,https://docs.apifox.com/5838707m0.md,indexed,False,not_implemented
AF-0463,apifox,常见问题 > 自动化测试,在性能测试中怎么查看实际的请求和响应？,https://docs.apifox.com/5838722m0.md,indexed,False,not_implemented
AF-0464,apifox,常见问题 > 自动化测试,在 Apifox 中怎么导出性能测试报告？,https://docs.apifox.com/5838726m0.md,indexed,False,not_implemented
AF-0465,apifox,常见问题 > 自动化测试,如何使用数据库查询得到的数据循环传参给接口运行?,https://docs.apifox.com/5890939m0.md,indexed,False,not_implemented
AF-0466,apifox,常见问题 > 自动化测试,"如何解决 ""Error: unable to verify the first certificate on runner"" 错误？",https://docs.apifox.com/5925837m0.md,indexed,False,not_implemented
AF-0467,apifox,常见问题 > 自动化测试,为什么在 CLI 执行完生成的测试报告，使用 Apifox 客户端查看报告每个 case 的详情都看不到呢？,https://docs.apifox.com/6002138m0.md,indexed,False,not_implemented
AF-0468,apifox,常见问题 > 自动化测试,如何在 Apifox Web 版设置通用 Runner 的服务器 Host？,https://docs.apifox.com/6032295m0.md,indexed,False,not_implemented
AF-0469,apifox,常见问题 > 自动化测试,接口参数是一个上传文件在 Runner、CLI 中找不到怎么办？,https://docs.apifox.com/6034316m0.md,indexed,False,not_implemented
AF-0470,apifox,常见问题 > 自动化测试,当 Runner 发生问题了，如何查询 Runner 日志用以定位？,https://docs.apifox.com/6135723m0.md,indexed,False,not_implemented
AF-0471,apifox,常见问题 > 自动化测试,如何查看 runner 版本号？,https://docs.apifox.com/6045669m0.md,indexed,False,not_implemented
AF-0472,apifox,常见问题 > 自动化测试,"使用 Runner 运行测试场景报错，报告提示""unsafe legacy renegotiation disabled""?",https://docs.apifox.com/6002366m0.md,indexed,False,not_implemented
AF-0473,apifox,常见问题 > 自动化测试,用自托管 Runner 执行了任务， 服务器有对应测试报告生成吗？,https://docs.apifox.com/6710361m0.md,indexed,False,not_implemented
AF-0474,apifox,常见问题 > 自动化测试,为什么linux系统在安装cli后不能直接使用,https://docs.apifox.com/6164544m0.md,indexed,False,not_implemented
AF-0475,apifox,常见问题 > 自动化测试,为什么测试步骤同步不了接口的参数值？,https://docs.apifox.com/6165124m0.md,indexed,False,not_implemented
AF-0476,apifox,常见问题 > 自动化测试,为什么接口用例改了，测试步骤没有自动同步？,https://docs.apifox.com/6166467m0.md,indexed,False,not_implemented
AF-0477,apifox,常见问题 > 自动化测试,如何在 PowerShell 中运行 Apifox CLI 命令,https://docs.apifox.com/6378958m0.md,indexed,False,not_implemented
AF-0478,apifox,常见问题 > 自动化测试,可以给测试场景下的请求添加统一的前后置操作吗？,https://docs.apifox.com/6668505m0.md,indexed,False,not_implemented
AF-0479,apifox,常见问题 > 自动化测试,自动化测试中如何让动态值在单次测试中保持一致？,https://docs.apifox.com/6704429m0.md,indexed,False,not_implemented
AF-0480,apifox,常见问题 > 自动化测试,如何在持续集成中选择多个测试场景一起运行？,https://docs.apifox.com/6811309m0.md,indexed,False,not_implemented
AF-0481,apifox,常见问题 > 自动化测试,使用 CI/CD 是否支持通知,https://docs.apifox.com/6967748m0.md,indexed,False,not_implemented
AF-0482,apifox,常见问题 > 自动化测试,为什么使用数据库步骤查看时间数据时，与 Navicat 之类的工具显示格式不一致？,https://docs.apifox.com/7409844m0.md,indexed,False,not_implemented
AF-0483,apifox,常见问题 > 自动化测试,为什么 Apifox 性能测试中，实际发出的请求数与报告记录数不一致？,https://docs.apifox.com/7676396m0.md,indexed,False,not_implemented
AF-0484,apifox,常见问题 > 自动化测试,接口有前后置操作，导入到测试场景丢失了，如何排查？,https://docs.apifox.com/8952930m0.md,indexed,False,not_implemented
AF-0485,apifox,常见问题,发布 API 文档,https://docs.apifox.com/49062471f0.md,indexed,False,not_implemented
AF-0486,apifox,常见问题 > 发布 API 文档,怎么在发布的文档中隐藏所有 Apifox 的元素（Logo、按钮等）？,https://docs.apifox.com/5838772m0.md,indexed,False,not_implemented
AF-0487,apifox,常见问题 > 发布 API 文档,当在 Apifox 中更新文档内容时，已发布的线上 API 文档会跟着改变吗？,https://docs.apifox.com/5838811m0.md,indexed,False,not_implemented
AF-0488,apifox,常见问题 > 发布 API 文档,自定义域名一直显示未生效怎么办？,https://docs.apifox.com/5946267m0.md,indexed,False,not_implemented
AF-0489,apifox,常见问题 > 发布 API 文档,如何检查 CNAME 配置是否正确？,https://docs.apifox.com/5946310m0.md,indexed,False,not_implemented
AF-0490,apifox,常见问题 > 发布 API 文档,Apifox 自定义域名的 SSL 证书生成失败怎么办？,https://docs.apifox.com/5946320m0.md,indexed,False,not_implemented
AF-0491,apifox,常见问题 > 发布 API 文档,Apifox 发布文档/快捷分享中，如何让使用者修改请求的 Base URL ？,https://docs.apifox.com/6598703m0.md,indexed,False,not_implemented
AF-0492,apifox,常见问题 > 发布 API 文档,如何将 Apifox 发布文档复制到自己的项目中？,https://docs.apifox.com/6707249m0.md,indexed,False,not_implemented
AF-0493,apifox,常见问题 > 发布 API 文档,如何在 Apifox 在线文档中共享 Header（如 Token）？,https://docs.apifox.com/7110742m0.md,indexed,False,not_implemented
AF-0494,apifox,常见问题 > 发布 API 文档,"在线文档中调试 http 接口时报错""Mixed Content request rejected""？",https://docs.apifox.com/7233460m0.md,indexed,False,not_implemented
AF-0495,apifox,常见问题 > 发布 API 文档,"当发布文档中图片显示“该图片来自其他私有项目,不可访问”,如何处理",https://docs.apifox.com/7309129m0.md,indexed,False,not_implemented
AF-0496,apifox,常见问题 > 发布 API 文档,分享文档请求接口报“错误：ELANREFUSED. The agent server refused requests from LAN hosts”，如何解决？,https://docs.apifox.com/7675714m0.md,indexed,False,not_implemented
AF-0497,apifox,常见问题 > 发布 API 文档,Apifox 自定义域名自动生成 SSL 证书错误如何解决？,https://docs.apifox.com/9241660m0.md,indexed,False,not_implemented
AF-0498,apifox,常见问题,迭代分支,https://docs.apifox.com/49062497f0.md,indexed,False,not_implemented
AF-0499,apifox,常见问题 > 迭代分支,怎么访问迭代分支？,https://docs.apifox.com/5838852m0.md,indexed,False,not_implemented
AF-0500,apifox,常见问题,管理中心,https://docs.apifox.com/49062530f0.md,indexed,False,not_implemented
AF-0501,apifox,常见问题 > 管理中心,Apifox 项目、团队和组织的区别,https://docs.apifox.com/6026168m0.md,indexed,False,not_implemented
AF-0502,apifox,常见问题 > 管理中心,如何为 Apifox 添加白名单？,https://docs.apifox.com/6032153m0.md,indexed,False,not_implemented
AF-0503,apifox,常见问题 > 管理中心,如何为 Apifox 中的团队配置「IP 允许访问名单」？,https://docs.apifox.com/6689669m0.md,indexed,False,not_implemented
AF-0504,apifox,常见问题 > 管理中心,如何设置项目权限？,https://docs.apifox.com/5838863m0.md,indexed,False,not_implemented
AF-0505,apifox,常见问题 > 管理中心,如何设置团队权限,https://docs.apifox.com/5838872m0.md,indexed,False,not_implemented
AF-0506,apifox,常见问题 > 管理中心,如何邀请已加入团队的成员进入项目？,https://docs.apifox.com/6377191m0.md,indexed,False,not_implemented
AF-0507,apifox,常见问题 > IDEA 插件,为什么通过 idea 插件导入的数据模型名称带有《》？,https://docs.apifox.com/6132756m0.md,indexed,False,not_implemented
AF-0508,apifox,常见问题 > IDEA 插件,Apifox IDEA 插件可以上传某个 controller 里的指定接口么？,https://docs.apifox.com/6900764m0.md,indexed,False,not_implemented
AF-0509,apifox,常见问题 > IDEA 插件,为什么 IDEA 上更新字段内容后推送到 Apifox 内容没更新？,https://docs.apifox.com/7409914m0.md,indexed,False,not_implemented
AF-0510,apifox,常见问题 > IDEA 插件,在 IDEA 上如何标记泛型？,https://docs.apifox.com/7409869m0.md,indexed,False,not_implemented
AF-0511,apifox,常见问题 > IDEA 插件,IDEA 插件上传 API 时，如何携带 context-path？,https://docs.apifox.com/7653086m0.md,indexed,False,not_implemented
AF-0512,apifox,常见问题 > IDEA 插件,IDEA 插件上传接口时，日志出现乱码，如何解决？,https://docs.apifox.com/7675731m0.md,indexed,False,not_implemented
AF-0513,apifox,常见问题 > IDEA 插件,IDEA 插件搜索接口的快捷键是什么？,https://docs.apifox.com/8209213m0.md,indexed,False,not_implemented
AF-0514,apifox,常见问题 > IDEA 插件,IDEA 插件如何生成枚举值、名称、说明？,https://docs.apifox.com/9264171m0.md,indexed,False,not_implemented
AF-0515,apifox,常见问题 > IDEA 插件,Apifox IDEA 插件安装失败，提示 app.zip 相关错误怎么办？,https://docs.apifox.com/9285614m0.md,indexed,False,not_implemented
AF-0516,apifox,常见问题 > Markdown 相关,如何在 Apifox 的卡片组件中链接到项目内的文档或接口？,https://docs.apifox.com/5883079m0.md,indexed,False,not_implemented
AF-0517,apifox,常见问题 > Markdown 相关,如何在 Markdown 文档中插入项目内接口/文档/数据模型/目录？,https://docs.apifox.com/6709643m0.md,indexed,False,not_implemented
AF-0518,apifox,常见问题 > Markdown 相关,怎么在 Apifox 的 Markdown 中使用透明背景图片？,https://docs.apifox.com/5838796m0.md,indexed,False,not_implemented
AF-0519,apifox,常见问题 > Markdown 相关,为什么 Markdown 文档中使用多个 $ 时部分内容没有正确显示？,https://docs.apifox.com/5891165m0.md,indexed,False,not_implemented
AF-0520,apifox,常见问题 > Markdown 相关,如何在 Apifox 的 Markdown 中编写流程图？,https://docs.apifox.com/5981008m0.md,indexed,False,not_implemented
AF-0521,apifox,常见问题 > Markdown 相关,如何控制 Markdown 表格的列宽？,https://docs.apifox.com/6002792m0.md,indexed,False,not_implemented
AF-0522,apifox,常见问题,收费与部署,https://docs.apifox.com/49052074f0.md,indexed,False,not_implemented
AF-0523,apifox,常见问题 > 收费与部署,Apifox 是否收费？最新免费功能权益有哪些？,https://docs.apifox.com/5836730m0.md,indexed,False,not_implemented
AF-0524,apifox,常见问题 > 收费与部署,Apifox 免费版常见问题（FAQ）：关于人数、团队与协作限制的说明,https://docs.apifox.com/8079501m0.md,indexed,False,not_implemented
AF-0525,apifox,常见问题 > 收费与部署,数据是存储在本地还是云端？可否离线使用？可否私有化部署？,https://docs.apifox.com/5836756m0.md,indexed,False,not_implemented
AF-0526,apifox,常见问题 > 收费与部署,购买【商业专业版】1年，使用半年后升级到【商业旗舰版】，如何计费？,https://docs.apifox.com/6166498m0.md,indexed,False,not_implemented
AF-0527,apifox,常见问题,Web 端与客户端,https://docs.apifox.com/49054255f0.md,indexed,False,not_implemented
AF-0528,apifox,常见问题 > Web 端与客户端,Apifox alpha 版下载,https://docs.apifox.com/download-alpha.md,indexed,False,not_implemented
AF-0529,apifox,常见问题 > Web 端与客户端,Apifox Linux 桌面版下载安装,https://docs.apifox.com/install-apifox-linux.md,indexed,False,not_implemented
AF-0530,apifox,常见问题 > Web 端与客户端,Web 端与客户端有何区别？,https://docs.apifox.com/5836794m0.md,indexed,False,not_implemented
AF-0531,apifox,常见问题 > Web 端与客户端,Web 端与客户端数据不同步如何处理？,https://docs.apifox.com/5836815m0.md,indexed,False,not_implemented
AF-0532,apifox,常见问题 > Web 端与客户端,为什么Web端或在线文档请求HTTP接口，Apifox响应显示跨域，但是在客户端运行是正常的？,https://docs.apifox.com/7630900m0.md,indexed,False,not_implemented
AF-0533,apifox,常见问题 > Web 端与客户端,为什么下载时会跳到百度网盘或天翼网盘？,https://docs.apifox.com/5922065m0.md,indexed,False,not_implemented
AF-0534,apifox,常见问题 > Web 端与客户端,ApifoxAppAgent 进程的作用是什么？,https://docs.apifox.com/5836857m0.md,indexed,False,not_implemented
AF-0535,apifox,常见问题 > Web 端与客户端,为何 Apifox 启动会有多个 Helper 进程？,https://docs.apifox.com/6965746m0.md,indexed,False,not_implemented
AF-0536,apifox,常见问题 > Web 端与客户端,Apifox 闪退、白屏怎么办？,https://docs.apifox.com/5947012m0.md,indexed,False,not_implemented
AF-0537,apifox,常见问题 > Web 端与客户端,Apifox 如何打开开发者工具？,https://docs.apifox.com/5947017m0.md,indexed,False,not_implemented
AF-0538,apifox,常见问题 > Web 端与客户端,Apifox 支持 win7 吗?,https://docs.apifox.com/5984981m0.md,indexed,False,not_implemented
AF-0539,apifox,常见问题 > Web 端与客户端,Win 系统自动更新后打不开可能是什么原因？,https://docs.apifox.com/6549770m0.md,indexed,False,not_implemented
AF-0540,apifox,常见问题 > Web 端与客户端,为什么 Windows 安装新版本后打开还是旧版本？,https://docs.apifox.com/6706031m0.md,indexed,False,not_implemented
AF-0541,apifox,常见问题 > Web 端与客户端,微信、手机号提示已经被绑定了怎么办？,https://docs.apifox.com/5988105m0.md,indexed,False,not_implemented
AF-0542,apifox,常见问题 > Web 端与客户端,"为什么安装 Apifox 后启动提示""无法定位程序输入点DiscardVirtualMemory 于动态链接库KERNEL32.dll""",https://docs.apifox.com/6305005m0.md,indexed,False,not_implemented
AF-0543,apifox,常见问题 > Web 端与客户端,Ubuntu 24 无法启动 Apifox，如何处理？,https://docs.apifox.com/7415138m0.md,indexed,False,not_implemented
AF-0544,apifox,常见问题 > Web 端与客户端,Apifox 启动白屏修复方案（沙箱机制兼容问题）,https://docs.apifox.com/8818643m0.md,indexed,False,not_implemented
AF-0545,apifox,常见问题 > MCP Server,Apifox 新增接口目录后，MCP 没有获取到新的目录?,https://docs.apifox.com/6664716m0.md,indexed,False,not_implemented
AF-0546,apifox,常见问题 > MCP Server,Apifox MCP 为什么会识别不到本地文档的 API 接口?,https://docs.apifox.com/6668467m0.md,indexed,False,not_implemented
AF-0547,apifox,常见问题 > MCP Server,内网私有部署的大模型，能够直接用 apifox 的 mcp 嘛？,https://docs.apifox.com/6850099m0.md,indexed,False,not_implemented
AF-0548,apifox,常见问题 > MCP Server,如何让 Apifox MCP Server 的 Tools 名称后面不添加随机字符串,https://docs.apifox.com/7267427m0.md,indexed,False,not_implemented
AF-0549,apifox,常见问题 > 公告,关于 Apifox 外部 JS 文件受篡改的风险提示与升级公告,https://docs.apifox.com/8392582m0.md,indexed,False,not_implemented
AF-0550,apifox,常见问题 > 离线空间,如何将 Apifox 项目导入到离线空间里？,https://docs.apifox.com/6926471m0.md,indexed,False,not_implemented
AF-0551,apifox,常见问题 > 离线空间,如何将离线空间里的数据导入到 Apifox 项目里？,https://docs.apifox.com/8803651m0.md,indexed,False,not_implemented
AF-0552,apifox,常见问题 > AI 功能,配置了自定义大模型、非内置服务商，Apifox 提示连接失败该怎么排查？,https://docs.apifox.com/9142568m0.md,indexed,False,not_implemented
AF-0553,apifox,常见问题 > Apifox CLI,为什么使用 Apifox CLI 时提示 unknown option '--verbose'？,https://docs.apifox.com/9242788m0.md,indexed,False,not_implemented
AF-0554,apifox,常见问题 > Apifox CLI,如何在 Apifox CLI 中保存和复用运行后的变量值？,https://docs.apifox.com/9252635m0.md,indexed,False,not_implemented
AF-0555,apifox,常见问题 > Apifox CLI,Apifox CLI 登录报错 400，如何解决？,https://docs.apifox.com/9259242m0.md,indexed,False,not_implemented
AF-0556,apifox,常见问题 > WebService,WebService 接口请求返回 WSDL，而不是业务响应，如何解决？,https://docs.apifox.com/9257282m0.md,indexed,False,not_implemented
AF-0557,apifox,,技术支持概览,https://docs.apifox.com/5835927m0.md?nav=01JHMQ9DFDQ3G5JYCPTZE4EH3J,indexed,False,not_implemented
AF-0558,apifox,,导入/导出,https://docs.apifox.com/49062298f0.md?nav=01JHMQ9DFDQ3G5JYCPTZE4EH3J,indexed,False,not_implemented
AF-0559,apifox,导入/导出,如何导入接口数据到 Apifox?,https://docs.apifox.com/5837253m0.md?nav=01JHMQ9DFDQ3G5JYCPTZE4EH3J,indexed,False,not_implemented
AF-0560,apifox,导入/导出,如何导入 cURL 到 Apifox？,https://docs.apifox.com/5837259m0.md?nav=01JHMQ9DFDQ3G5JYCPTZE4EH3J,indexed,False,not_implemented
AF-0561,apifox,导入/导出,如何将 Postman 的环境变量迁移到 Apifox？,https://docs.apifox.com/5837289m0.md?nav=01JHMQ9DFDQ3G5JYCPTZE4EH3J,indexed,False,not_implemented
AF-0562,apifox,导入/导出,为什么导出的 API 数量减少了？,https://docs.apifox.com/5872996m0.md?nav=01JHMQ9DFDQ3G5JYCPTZE4EH3J,indexed,False,not_implemented
AF-0563,apifox,导入/导出,为什么导出到 Markdown 和 HTML 时 API 顺序混乱？,https://docs.apifox.com/5872999m0.md?nav=01JHMQ9DFDQ3G5JYCPTZE4EH3J,indexed,False,not_implemented
AF-0564,apifox,导入/导出,如何将文档导出为 PDF/Word？,https://docs.apifox.com/5873007m0.md?nav=01JHMQ9DFDQ3G5JYCPTZE4EH3J,indexed,False,not_implemented
AF-0565,apifox,导入/导出,如何在 Apifox 中导入 Swagger/OpenAPI 时自动将接口分组？,https://docs.apifox.com/6597992m0.md?nav=01JHMQ9DFDQ3G5JYCPTZE4EH3J,indexed,False,not_implemented
AF-0566,apifox,导入/导出,Postman导入提示错误:URImalformed,https://docs.apifox.com/6834744m0.md?nav=01JHMQ9DFDQ3G5JYCPTZE4EH3J,indexed,False,not_implemented
AF-0567,apifox,导入/导出,开放接口，选择导入 「OpenAPI/Swagger 格式数据 - URL 导入」，使用本地的服务地址无法导入,https://docs.apifox.com/7607867m0.md?nav=01JHMQ9DFDQ3G5JYCPTZE4EH3J,indexed,False,not_implemented
AF-0568,apifox,导入/导出,导入报错，如何排查？,https://docs.apifox.com/8819145m0.md?nav=01JHMQ9DFDQ3G5JYCPTZE4EH3J,indexed,False,not_implemented
AF-0569,apifox,,发送请求,https://docs.apifox.com/49062315f0.md?nav=01JHMQ9DFDQ3G5JYCPTZE4EH3J,indexed,False,not_implemented
AF-0570,apifox,发送请求,Apifox 是否支持调试 Socket.IO？,https://docs.apifox.com/5837658m0.md?nav=01JHMQ9DFDQ3G5JYCPTZE4EH3J,indexed,False,not_implemented
AF-0571,apifox,发送请求,Apifox 是否支持在 WebSocket 接口中使用前置/后置脚本或者断言？,https://docs.apifox.com/5837836m0.md?nav=01JHMQ9DFDQ3G5JYCPTZE4EH3J,indexed,False,not_implemented
AF-0572,apifox,发送请求,"为什么发送请求的时候，出现""socket hang up""？",https://docs.apifox.com/5881479m0.md?nav=01JHMQ9DFDQ3G5JYCPTZE4EH3J,indexed,False,not_implemented
AF-0573,apifox,发送请求,"为什么发送请求，提示“Invalid URI xxx""?",https://docs.apifox.com/6534734m0.md?nav=01JHMQ9DFDQ3G5JYCPTZE4EH3J,indexed,False,not_implemented
AF-0574,apifox,发送请求,"为什么同一个接口客户端请求成功，在web端调试会出现错误：""无法请求地址"" ？",https://docs.apifox.com/5885206m0.md?nav=01JHMQ9DFDQ3G5JYCPTZE4EH3J,indexed,False,not_implemented
AF-0575,apifox,发送请求,接口响应过大时，为什么 Apifox 会报错提示超出 nodejs 字符串最大长度？,https://docs.apifox.com/5894955m0.md?nav=01JHMQ9DFDQ3G5JYCPTZE4EH3J,indexed,False,not_implemented
AF-0576,apifox,发送请求 > 解决请求错误,解决 read ECONNRESET 错误,https://docs.apifox.com/7468626m0.md?nav=01JHMQ9DFDQ3G5JYCPTZE4EH3J,indexed,False,not_implemented
AF-0577,apifox,发送请求 > 解决请求错误,解决 ECONNREFUSED: XXXX 错误,https://docs.apifox.com/7468622m0.md?nav=01JHMQ9DFDQ3G5JYCPTZE4EH3J,indexed,False,not_implemented
AF-0578,apifox,发送请求 > 解决请求错误,解决 ETIMEDOUT: XXXX 错误,https://docs.apifox.com/7468623m0.md?nav=01JHMQ9DFDQ3G5JYCPTZE4EH3J,indexed,False,not_implemented
AF-0579,apifox,发送请求 > 解决请求错误,解决 ENOTFOUND: Couldn't resolve host 错误,https://docs.apifox.com/6534745m0.md?nav=01JHMQ9DFDQ3G5JYCPTZE4EH3J,indexed,False,not_implemented
AF-0580,apifox,发送请求 > 解决请求错误,解决 ENOTFOUND: getaddrinfo ENOTFOUND www 错误,https://docs.apifox.com/7468620m0.md?nav=01JHMQ9DFDQ3G5JYCPTZE4EH3J,indexed,False,not_implemented
AF-0581,apifox,发送请求 > 解决请求错误,解决 EHOSTUNREACH：macOS 请求内网接口错误,https://docs.apifox.com/fixing-the-connect-ehostunreach-error.md?nav=01JHMQ9DFDQ3G5JYCPTZE4EH3J,indexed,False,not_implemented
AF-0582,apifox,,设计 API,https://docs.apifox.com/49062328f0.md?nav=01JHMQ9DFDQ3G5JYCPTZE4EH3J,indexed,False,not_implemented
AF-0583,apifox,设计 API,标签页使用说明（单击临时打开与双击固定打开）,https://docs.apifox.com/7973260m0.md?nav=01JHMQ9DFDQ3G5JYCPTZE4EH3J,indexed,False,not_implemented
AF-0584,apifox,设计 API,可以把响应组件作为默认响应吗？,https://docs.apifox.com/5837858m0.md?nav=01JHMQ9DFDQ3G5JYCPTZE4EH3J,indexed,False,not_implemented
AF-0585,apifox,设计 API,怎么查看是谁修改了接口？,https://docs.apifox.com/5837871m0.md?nav=01JHMQ9DFDQ3G5JYCPTZE4EH3J,indexed,False,not_implemented
AF-0586,apifox,设计 API,如何在 Apifox 中批量删除目录？,https://docs.apifox.com/5837878m0.md?nav=01JHMQ9DFDQ3G5JYCPTZE4EH3J,indexed,False,not_implemented
AF-0587,apifox,设计 API,如何在 Apifox 中批量删除接口？,https://docs.apifox.com/5873849m0.md?nav=01JHMQ9DFDQ3G5JYCPTZE4EH3J,indexed,False,not_implemented
AF-0588,apifox,设计 API,怎么给接口批量添加或删除 URL 前缀？,https://docs.apifox.com/5837905m0.md?nav=01JHMQ9DFDQ3G5JYCPTZE4EH3J,indexed,False,not_implemented
AF-0589,apifox,设计 API,如何获取 Apifox 的资源目录 ID？,https://docs.apifox.com/5920973m0.md?nav=01JHMQ9DFDQ3G5JYCPTZE4EH3J,indexed,False,not_implemented
AF-0590,apifox,设计 API,如何在 URL 路径中使用变量？,https://docs.apifox.com/5973791m0.md?nav=01JHMQ9DFDQ3G5JYCPTZE4EH3J,indexed,False,not_implemented
AF-0591,apifox,设计 API,如何使用 Apifox 给接口录制流量？,https://docs.apifox.com/5970584m0.md?nav=01JHMQ9DFDQ3G5JYCPTZE4EH3J,indexed,False,not_implemented
AF-0592,apifox,设计 API,在定义接口响应时，是否允许接口没有任何响应内容？,https://docs.apifox.com/5974307m0.md?nav=01JHMQ9DFDQ3G5JYCPTZE4EH3J,indexed,False,not_implemented
AF-0593,apifox,设计 API,接口/文档/测试场景不小心删除了怎么通过回收站、历史记录恢复？,https://docs.apifox.com/5985074m0.md?nav=01JHMQ9DFDQ3G5JYCPTZE4EH3J,indexed,False,not_implemented
AF-0594,apifox,设计 API,Apifox 是否支持自定义接口的请求代码？,https://docs.apifox.com/6028063m0.md?nav=01JHMQ9DFDQ3G5JYCPTZE4EH3J,indexed,False,not_implemented
AF-0595,apifox,设计 API,如何在 Apifox 接口列表中设置显示 接口名称 或 接口 URL？,https://docs.apifox.com/6260195m0.md?nav=01JHMQ9DFDQ3G5JYCPTZE4EH3J,indexed,False,not_implemented
AF-0596,apifox,设计 API,为什么接口定义的字段在文档中看不到？,https://docs.apifox.com/6306587m0.md?nav=01JHMQ9DFDQ3G5JYCPTZE4EH3J,indexed,False,not_implemented
AF-0597,apifox,设计 API,如何获取项目ID？,https://docs.apifox.com/6358540m0.md?nav=01JHMQ9DFDQ3G5JYCPTZE4EH3J,indexed,False,not_implemented
AF-0598,apifox,设计 API,如何快速编辑 JSON 数据结构中的必填字段？,https://docs.apifox.com/6363766m0.md?nav=01JHMQ9DFDQ3G5JYCPTZE4EH3J,indexed,False,not_implemented
AF-0599,apifox,设计 API,为什么在路径中不支持输入 “#” ？,https://docs.apifox.com/6749450m0.md?nav=01JHMQ9DFDQ3G5JYCPTZE4EH3J,indexed,False,not_implemented
AF-0600,apifox,设计 API,如果一个字符串属性有多个枚举值，而且在不同地方都用到了，怎么才能保证这个枚举在整个文档里都保持一致？,https://docs.apifox.com/5837930m0.md?nav=01JHMQ9DFDQ3G5JYCPTZE4EH3J,indexed,False,not_implemented
AF-0601,apifox,设计 API,数组如何配置枚举？,https://docs.apifox.com/6802030m0.md?nav=01JHMQ9DFDQ3G5JYCPTZE4EH3J,indexed,False,not_implemented
AF-0602,apifox,设计 API,数组如何设置元素的唯一性？,https://docs.apifox.com/6802276m0.md?nav=01JHMQ9DFDQ3G5JYCPTZE4EH3J,indexed,False,not_implemented
AF-0603,apifox,设计 API,form-data 中字段使用 JSON 值,https://docs.apifox.com/6839931m0.md?nav=01JHMQ9DFDQ3G5JYCPTZE4EH3J,indexed,False,not_implemented
AF-0604,apifox,设计 API,为什么在 Header 添加 Authorization 会有删除线,https://docs.apifox.com/6965181m0.md?nav=01JHMQ9DFDQ3G5JYCPTZE4EH3J,indexed,False,not_implemented
AF-0605,apifox,设计 API,如何查看最近创建 / 修改的接口？,https://docs.apifox.com/7149933m0.md?nav=01JHMQ9DFDQ3G5JYCPTZE4EH3J,indexed,False,not_implemented
AF-0606,apifox,设计 API,如何在 Apifox 中的同一字段处理字符串和文件类型？,https://docs.apifox.com/7266497m0.md?nav=01JHMQ9DFDQ3G5JYCPTZE4EH3J,indexed,False,not_implemented
AF-0607,apifox,设计 API,接口保存提示 “参数字段长度超过限制”，但未发现单个参数过长，如何解决？,https://docs.apifox.com/7408490m0.md?nav=01JHMQ9DFDQ3G5JYCPTZE4EH3J,indexed,False,not_implemented
AF-0608,apifox,设计 API,如果同时发送 file 和 json（body请求参数又要有实体类又要有文件）,https://docs.apifox.com/7466897m0.md?nav=01JHMQ9DFDQ3G5JYCPTZE4EH3J,indexed,False,not_implemented
AF-0609,apifox,设计 API,接口参数值如何设置为 null,https://docs.apifox.com/7464107m0.md?nav=01JHMQ9DFDQ3G5JYCPTZE4EH3J,indexed,False,not_implemented
AF-0610,apifox,设计 API,Apifox是否可以在打开新接口时，直接打开新的Tab，而不是替换当前Tab,https://docs.apifox.com/7630851m0.md?nav=01JHMQ9DFDQ3G5JYCPTZE4EH3J,indexed,False,not_implemented
AF-0611,apifox,设计 API,如何指定目录和接口的服务（前置 URL）？,https://docs.apifox.com/7731906m0.md?nav=01JHMQ9DFDQ3G5JYCPTZE4EH3J,indexed,False,not_implemented
AF-0612,apifox,设计 API,接口参数如何使用表格来呈现？,https://docs.apifox.com/7767453m0.md?nav=01JHMQ9DFDQ3G5JYCPTZE4EH3J,indexed,False,not_implemented
AF-0613,apifox,,调试 API,https://docs.apifox.com/49062368f0.md?nav=01JHMQ9DFDQ3G5JYCPTZE4EH3J,indexed,False,not_implemented
AF-0614,apifox,调试 API,为什么同样的请求在其它工具（比如 Postman）里能正常工作，但在 Apifox 里却不行？,https://docs.apifox.com/5838500m0.md?nav=01JHMQ9DFDQ3G5JYCPTZE4EH3J,indexed,False,not_implemented
AF-0615,apifox,调试 API,怎么在 Apifox 里用脚本做断言？,https://docs.apifox.com/5838537m0.md?nav=01JHMQ9DFDQ3G5JYCPTZE4EH3J,indexed,False,not_implemented
AF-0616,apifox,调试 API,JSONPath 只能提取数组，那在 Apifox 里怎么从数组中提取单个元素呢？,https://docs.apifox.com/5838559m0.md?nav=01JHMQ9DFDQ3G5JYCPTZE4EH3J,indexed,False,not_implemented
AF-0617,apifox,调试 API,在 Apifox 中，不同环境有不同的数据库连接，怎么配置数据库操作？,https://docs.apifox.com/5838591m0.md?nav=01JHMQ9DFDQ3G5JYCPTZE4EH3J,indexed,False,not_implemented
AF-0618,apifox,调试 API,如何在目录级别添加 header 参数？,https://docs.apifox.com/5880028m0.md?nav=01JHMQ9DFDQ3G5JYCPTZE4EH3J,indexed,False,not_implemented
AF-0619,apifox,调试 API,如何在自定义脚本中获取服务 baseURL？,https://docs.apifox.com/5880296m0.md?nav=01JHMQ9DFDQ3G5JYCPTZE4EH3J,indexed,False,not_implemented
AF-0620,apifox,调试 API,如何在 Apifox 自定义脚本中生成动态值？,https://docs.apifox.com/5981036m0.md?nav=01JHMQ9DFDQ3G5JYCPTZE4EH3J,indexed,False,not_implemented
AF-0621,apifox,调试 API,如何在 Apifox 中查看原始报文？,https://docs.apifox.com/5985055m0.md?nav=01JHMQ9DFDQ3G5JYCPTZE4EH3J,indexed,False,not_implemented
AF-0622,apifox,调试 API,如何在 Apifox 脚本中发起异步请求？,https://docs.apifox.com/5987717m0.md?nav=01JHMQ9DFDQ3G5JYCPTZE4EH3J,indexed,False,not_implemented
AF-0623,apifox,调试 API,控制台打印内容大小限制是多少？为什么打印大文件会报错？,https://docs.apifox.com/5990696m0.md?nav=01JHMQ9DFDQ3G5JYCPTZE4EH3J,indexed,False,not_implemented
AF-0624,apifox,调试 API,如何在接口请求时上传文件？,https://docs.apifox.com/6019188m0.md?nav=01JHMQ9DFDQ3G5JYCPTZE4EH3J,indexed,False,not_implemented
AF-0625,apifox,调试 API,Apifox 中如何设置请求超时时间？,https://docs.apifox.com/6062173m0.md?nav=01JHMQ9DFDQ3G5JYCPTZE4EH3J,indexed,False,not_implemented
AF-0626,apifox,调试 API,使用 Windows 版本连接 DB2 数据库时报错怎么解决？,https://docs.apifox.com/6134121m0.md?nav=01JHMQ9DFDQ3G5JYCPTZE4EH3J,indexed,False,not_implemented
AF-0627,apifox,调试 API,如何批量修改 Header 的 User-Agent 字段,https://docs.apifox.com/6151324m0.md?nav=01JHMQ9DFDQ3G5JYCPTZE4EH3J,indexed,False,not_implemented
AF-0628,apifox,调试 API,接口带上了非预期的 Cookie 怎么处理？,https://docs.apifox.com/6151392m0.md?nav=01JHMQ9DFDQ3G5JYCPTZE4EH3J,indexed,False,not_implemented
AF-0629,apifox,调试 API,发送请求失败 “Error: getaddrinfo ENOTFOUND xxx.xxx.xxx.xxx” 的原因及排查方法,https://docs.apifox.com/6363836m0.md?nav=01JHMQ9DFDQ3G5JYCPTZE4EH3J,indexed,False,not_implemented
AF-0630,apifox,调试 API,为什么Web端发送请求正常，客户端发送请求，出现“read ECONNRESET”？,https://docs.apifox.com/6531337m0.md?nav=01JHMQ9DFDQ3G5JYCPTZE4EH3J,indexed,False,not_implemented
AF-0631,apifox,调试 API,使用 Apifox 连接 Oracle 数据库报错 NJS-045?,https://docs.apifox.com/6672036m0.md?nav=01JHMQ9DFDQ3G5JYCPTZE4EH3J,indexed,False,not_implemented
AF-0632,apifox,调试 API,怎么把其它工具的环境迁移到Apifox？,https://docs.apifox.com/5838520m0.md?nav=01JHMQ9DFDQ3G5JYCPTZE4EH3J,indexed,False,not_implemented
AF-0633,apifox,调试 API,为什么 WebSocket 在 web 端连接正常，在客户端报“1006 Abnormal Closure“？,https://docs.apifox.com/6803954m0.md?nav=01JHMQ9DFDQ3G5JYCPTZE4EH3J,indexed,False,not_implemented
AF-0634,apifox,调试 API,为什么网络正常，访问 Apifox 提示“连接 Apifox 服务器出错，请检查网络是否异常”？,https://docs.apifox.com/6808407m0.md?nav=01JHMQ9DFDQ3G5JYCPTZE4EH3J,indexed,False,not_implemented
AF-0635,apifox,调试 API,为什么 curl 请求正常返回 200，但在 Apifox 中请求却返回 400？,https://docs.apifox.com/6811414m0.md?nav=01JHMQ9DFDQ3G5JYCPTZE4EH3J,indexed,False,not_implemented
AF-0636,apifox,调试 API,为什么在 Apifox 上传文件，后台接收不到？,https://docs.apifox.com/6818573m0.md?nav=01JHMQ9DFDQ3G5JYCPTZE4EH3J,indexed,False,not_implemented
AF-0637,apifox,调试 API,"Dubbo 接口调试时出现 ""The socket was closed.(address:address=>bolt://{ip})"" 错误，如何解决？",https://docs.apifox.com/6818713m0.md?nav=01JHMQ9DFDQ3G5JYCPTZE4EH3J,indexed,False,not_implemented
AF-0638,apifox,调试 API,如何通过本地解压文件的方式添加 Apifox 浏览器插件？,https://docs.apifox.com/6834748m0.md?nav=01JHMQ9DFDQ3G5JYCPTZE4EH3J,indexed,False,not_implemented
AF-0639,apifox,调试 API,接口签名使用 AES-GCM 加密,https://docs.apifox.com/6839988m0.md?nav=01JHMQ9DFDQ3G5JYCPTZE4EH3J,indexed,False,not_implemented
AF-0640,apifox,调试 API,前置脚本如何使用 SHA256withRSA 加密？,https://docs.apifox.com/6850089m0.md?nav=01JHMQ9DFDQ3G5JYCPTZE4EH3J,indexed,False,not_implemented
AF-0641,apifox,调试 API,"Web端运行接口时，报错提示 Get ""http://localhost:3000/test"": dial tcp [::1]:3000: connect: connedtion refused",https://docs.apifox.com/6888333m0.md?nav=01JHMQ9DFDQ3G5JYCPTZE4EH3J,indexed,False,not_implemented
AF-0642,apifox,调试 API,为什么使用 Web 网页端，通过浏览器插件请求 Ollama 部署的大模型会提示 403？,https://docs.apifox.com/6926172m0.md?nav=01JHMQ9DFDQ3G5JYCPTZE4EH3J,indexed,False,not_implemented
AF-0643,apifox,调试 API,为什么在 WEB 端中修改 Referer 请求头无效？,https://docs.apifox.com/7228009m0.md?nav=01JHMQ9DFDQ3G5JYCPTZE4EH3J,indexed,False,not_implemented
AF-0644,apifox,调试 API,接口返回的是 Protobuf 数据，如何正常查看？,https://docs.apifox.com/7230269m0.md?nav=01JHMQ9DFDQ3G5JYCPTZE4EH3J,indexed,False,not_implemented
AF-0645,apifox,调试 API,接口请求中 Header 携带 Authorization 参数不生效问题,https://docs.apifox.com/7280161m0.md?nav=01JHMQ9DFDQ3G5JYCPTZE4EH3J,indexed,False,not_implemented
AF-0646,apifox,调试 API,为什么点击 Body 的自动生成 点击不生效，不更新参数值？,https://docs.apifox.com/7286419m0.md?nav=01JHMQ9DFDQ3G5JYCPTZE4EH3J,indexed,False,not_implemented
AF-0647,apifox,调试 API,为什么直接使用 Apifox 生成的 curl 运行报 “URL using bad/illegal format or missing URL“ ？,https://docs.apifox.com/7409895m0.md?nav=01JHMQ9DFDQ3G5JYCPTZE4EH3J,indexed,False,not_implemented
AF-0648,apifox,调试 API,Apifox 是否支持 STOMP 协议的 WebSocket 连接？,https://docs.apifox.com/7409967m0.md?nav=01JHMQ9DFDQ3G5JYCPTZE4EH3J,indexed,False,not_implemented
AF-0649,apifox,调试 API,如何在文件修改后，接口直接读取修改的文件（本地文件路径以变量存储）,https://docs.apifox.com/7456294m0.md?nav=01JHMQ9DFDQ3G5JYCPTZE4EH3J,indexed,False,not_implemented
AF-0650,apifox,调试 API,Socket 如何使用 GBK 格式发送数据？,https://docs.apifox.com/7456376m0.md?nav=01JHMQ9DFDQ3G5JYCPTZE4EH3J,indexed,False,not_implemented
AF-0651,apifox,调试 API,"为什么参数值中的""+""会被解码成空格？",https://docs.apifox.com/5837806m0.md?nav=01JHMQ9DFDQ3G5JYCPTZE4EH3J,indexed,False,not_implemented
AF-0652,apifox,调试 API,如何在自定义脚本中获取变量时，同时替换该变量的变量值中的变量或动态值,https://docs.apifox.com/7562187m0.md?nav=01JHMQ9DFDQ3G5JYCPTZE4EH3J,indexed,False,not_implemented
AF-0653,apifox,调试 API,gRPC 请求报 “Request Exception Received message larger than max” 如何解决？,https://docs.apifox.com/7653433m0.md?nav=01JHMQ9DFDQ3G5JYCPTZE4EH3J,indexed,False,not_implemented
AF-0654,apifox,调试 API,数据库连接报错，该如何排查？,https://docs.apifox.com/8209235m0.md?nav=01JHMQ9DFDQ3G5JYCPTZE4EH3J,indexed,False,not_implemented
AF-0655,apifox,调试 API,杀毒软件报毒“openapi-generator-cli.jar”如何解决？,https://docs.apifox.com/8658588m0.md?nav=01JHMQ9DFDQ3G5JYCPTZE4EH3J,indexed,False,not_implemented
AF-0656,apifox,调试 API,为什么变量有值却取不到？,https://docs.apifox.com/8875297m0.md?nav=01JHMQ9DFDQ3G5JYCPTZE4EH3J,indexed,False,not_implemented
AF-0657,apifox,调试 API,开启兼容带注释 JSON 后仍不生效，如何处理？,https://docs.apifox.com/8937510m0.md?nav=01JHMQ9DFDQ3G5JYCPTZE4EH3J,indexed,False,not_implemented
AF-0658,apifox,,Mock 数据,https://docs.apifox.com/49062427f0.md?nav=01JHMQ9DFDQ3G5JYCPTZE4EH3J,indexed,False,not_implemented
AF-0659,apifox,Mock 数据,Apifox支持 Mock WebSocket 接口吗？,https://docs.apifox.com/5838607m0.md?nav=01JHMQ9DFDQ3G5JYCPTZE4EH3J,indexed,False,not_implemented
AF-0660,apifox,Mock 数据,为什么浏览器请求 Mock 接口没有返回内容？,https://docs.apifox.com/6016634m0.md?nav=01JHMQ9DFDQ3G5JYCPTZE4EH3J,indexed,False,not_implemented
AF-0661,apifox,Mock 数据,Mock 数组数据时，如何让生成的数据不重复？,https://docs.apifox.com/6676371m0.md?nav=01JHMQ9DFDQ3G5JYCPTZE4EH3J,indexed,False,not_implemented
AF-0662,apifox,Mock 数据,本地 Mock 服务启动失败怎么办？,https://docs.apifox.com/7834828m0.md?nav=01JHMQ9DFDQ3G5JYCPTZE4EH3J,indexed,False,not_implemented
AF-0663,apifox,,自动化测试,https://docs.apifox.com/49062440f0.md?nav=01JHMQ9DFDQ3G5JYCPTZE4EH3J,indexed,False,not_implemented
AF-0664,apifox,自动化测试,为什么测试场景 Apifox 客户端运行没问题，但在 Apifox CLI 或 Runner 中运行时却出错了？,https://docs.apifox.com/5838673m0.md?nav=01JHMQ9DFDQ3G5JYCPTZE4EH3J,indexed,False,not_implemented
AF-0665,apifox,自动化测试,为什么无法成功引用前置步骤数据？,https://docs.apifox.com/5838707m0.md?nav=01JHMQ9DFDQ3G5JYCPTZE4EH3J,indexed,False,not_implemented
AF-0666,apifox,自动化测试,在性能测试中怎么查看实际的请求和响应？,https://docs.apifox.com/5838722m0.md?nav=01JHMQ9DFDQ3G5JYCPTZE4EH3J,indexed,False,not_implemented
AF-0667,apifox,自动化测试,在 Apifox 中怎么导出性能测试报告？,https://docs.apifox.com/5838726m0.md?nav=01JHMQ9DFDQ3G5JYCPTZE4EH3J,indexed,False,not_implemented
AF-0668,apifox,自动化测试,如何使用数据库查询得到的数据循环传参给接口运行?,https://docs.apifox.com/5890939m0.md?nav=01JHMQ9DFDQ3G5JYCPTZE4EH3J,indexed,False,not_implemented
AF-0669,apifox,自动化测试,"如何解决 ""Error: unable to verify the first certificate on runner"" 错误？",https://docs.apifox.com/5925837m0.md?nav=01JHMQ9DFDQ3G5JYCPTZE4EH3J,indexed,False,not_implemented
AF-0670,apifox,自动化测试,为什么在 CLI 执行完生成的测试报告，使用 Apifox 客户端查看报告每个 case 的详情都看不到呢？,https://docs.apifox.com/6002138m0.md?nav=01JHMQ9DFDQ3G5JYCPTZE4EH3J,indexed,False,not_implemented
AF-0671,apifox,自动化测试,如何在 Apifox Web 版设置通用 Runner 的服务器 Host？,https://docs.apifox.com/6032295m0.md?nav=01JHMQ9DFDQ3G5JYCPTZE4EH3J,indexed,False,not_implemented
AF-0672,apifox,自动化测试,接口参数是一个上传文件在 Runner、CLI 中找不到怎么办？,https://docs.apifox.com/6034316m0.md?nav=01JHMQ9DFDQ3G5JYCPTZE4EH3J,indexed,False,not_implemented
AF-0673,apifox,自动化测试,当 Runner 发生问题了，如何查询 Runner 日志用以定位？,https://docs.apifox.com/6135723m0.md?nav=01JHMQ9DFDQ3G5JYCPTZE4EH3J,indexed,False,not_implemented
AF-0674,apifox,自动化测试,如何查看 runner 版本号？,https://docs.apifox.com/6045669m0.md?nav=01JHMQ9DFDQ3G5JYCPTZE4EH3J,indexed,False,not_implemented
AF-0675,apifox,自动化测试,"使用 Runner 运行测试场景报错，报告提示""unsafe legacy renegotiation disabled""?",https://docs.apifox.com/6002366m0.md?nav=01JHMQ9DFDQ3G5JYCPTZE4EH3J,indexed,False,not_implemented
AF-0676,apifox,自动化测试,用自托管 Runner 执行了任务， 服务器有对应测试报告生成吗？,https://docs.apifox.com/6710361m0.md?nav=01JHMQ9DFDQ3G5JYCPTZE4EH3J,indexed,False,not_implemented
AF-0677,apifox,自动化测试,为什么linux系统在安装cli后不能直接使用,https://docs.apifox.com/6164544m0.md?nav=01JHMQ9DFDQ3G5JYCPTZE4EH3J,indexed,False,not_implemented
AF-0678,apifox,自动化测试,为什么测试步骤同步不了接口的参数值？,https://docs.apifox.com/6165124m0.md?nav=01JHMQ9DFDQ3G5JYCPTZE4EH3J,indexed,False,not_implemented
AF-0679,apifox,自动化测试,为什么接口用例改了，测试步骤没有自动同步？,https://docs.apifox.com/6166467m0.md?nav=01JHMQ9DFDQ3G5JYCPTZE4EH3J,indexed,False,not_implemented
AF-0680,apifox,自动化测试,如何在 PowerShell 中运行 Apifox CLI 命令,https://docs.apifox.com/6378958m0.md?nav=01JHMQ9DFDQ3G5JYCPTZE4EH3J,indexed,False,not_implemented
AF-0681,apifox,自动化测试,可以给测试场景下的请求添加统一的前后置操作吗？,https://docs.apifox.com/6668505m0.md?nav=01JHMQ9DFDQ3G5JYCPTZE4EH3J,indexed,False,not_implemented
AF-0682,apifox,自动化测试,自动化测试中如何让动态值在单次测试中保持一致？,https://docs.apifox.com/6704429m0.md?nav=01JHMQ9DFDQ3G5JYCPTZE4EH3J,indexed,False,not_implemented
AF-0683,apifox,自动化测试,如何在持续集成中选择多个测试场景一起运行？,https://docs.apifox.com/6811309m0.md?nav=01JHMQ9DFDQ3G5JYCPTZE4EH3J,indexed,False,not_implemented
AF-0684,apifox,自动化测试,使用 CI/CD 是否支持通知,https://docs.apifox.com/6967748m0.md?nav=01JHMQ9DFDQ3G5JYCPTZE4EH3J,indexed,False,not_implemented
AF-0685,apifox,自动化测试,为什么使用数据库步骤查看时间数据时，与 Navicat 之类的工具显示格式不一致？,https://docs.apifox.com/7409844m0.md?nav=01JHMQ9DFDQ3G5JYCPTZE4EH3J,indexed,False,not_implemented
AF-0686,apifox,自动化测试,为什么 Apifox 性能测试中，实际发出的请求数与报告记录数不一致？,https://docs.apifox.com/7676396m0.md?nav=01JHMQ9DFDQ3G5JYCPTZE4EH3J,indexed,False,not_implemented
AF-0687,apifox,自动化测试,接口有前后置操作，导入到测试场景丢失了，如何排查？,https://docs.apifox.com/8952930m0.md?nav=01JHMQ9DFDQ3G5JYCPTZE4EH3J,indexed,False,not_implemented
AF-0688,apifox,,发布 API 文档,https://docs.apifox.com/49062471f0.md?nav=01JHMQ9DFDQ3G5JYCPTZE4EH3J,indexed,False,not_implemented
AF-0689,apifox,发布 API 文档,怎么在发布的文档中隐藏所有 Apifox 的元素（Logo、按钮等）？,https://docs.apifox.com/5838772m0.md?nav=01JHMQ9DFDQ3G5JYCPTZE4EH3J,indexed,False,not_implemented
AF-0690,apifox,发布 API 文档,当在 Apifox 中更新文档内容时，已发布的线上 API 文档会跟着改变吗？,https://docs.apifox.com/5838811m0.md?nav=01JHMQ9DFDQ3G5JYCPTZE4EH3J,indexed,False,not_implemented
AF-0691,apifox,发布 API 文档,自定义域名一直显示未生效怎么办？,https://docs.apifox.com/5946267m0.md?nav=01JHMQ9DFDQ3G5JYCPTZE4EH3J,indexed,False,not_implemented
AF-0692,apifox,发布 API 文档,如何检查 CNAME 配置是否正确？,https://docs.apifox.com/5946310m0.md?nav=01JHMQ9DFDQ3G5JYCPTZE4EH3J,indexed,False,not_implemented
AF-0693,apifox,发布 API 文档,Apifox 自定义域名的 SSL 证书生成失败怎么办？,https://docs.apifox.com/5946320m0.md?nav=01JHMQ9DFDQ3G5JYCPTZE4EH3J,indexed,False,not_implemented
AF-0694,apifox,发布 API 文档,Apifox 发布文档/快捷分享中，如何让使用者修改请求的 Base URL ？,https://docs.apifox.com/6598703m0.md?nav=01JHMQ9DFDQ3G5JYCPTZE4EH3J,indexed,False,not_implemented
AF-0695,apifox,发布 API 文档,如何将 Apifox 发布文档复制到自己的项目中？,https://docs.apifox.com/6707249m0.md?nav=01JHMQ9DFDQ3G5JYCPTZE4EH3J,indexed,False,not_implemented
AF-0696,apifox,发布 API 文档,如何在 Apifox 在线文档中共享 Header（如 Token）？,https://docs.apifox.com/7110742m0.md?nav=01JHMQ9DFDQ3G5JYCPTZE4EH3J,indexed,False,not_implemented
AF-0697,apifox,发布 API 文档,"在线文档中调试 http 接口时报错""Mixed Content request rejected""？",https://docs.apifox.com/7233460m0.md?nav=01JHMQ9DFDQ3G5JYCPTZE4EH3J,indexed,False,not_implemented
AF-0698,apifox,发布 API 文档,"当发布文档中图片显示“该图片来自其他私有项目,不可访问”,如何处理",https://docs.apifox.com/7309129m0.md?nav=01JHMQ9DFDQ3G5JYCPTZE4EH3J,indexed,False,not_implemented
AF-0699,apifox,发布 API 文档,分享文档请求接口报“错误：ELANREFUSED. The agent server refused requests from LAN hosts”，如何解决？,https://docs.apifox.com/7675714m0.md?nav=01JHMQ9DFDQ3G5JYCPTZE4EH3J,indexed,False,not_implemented
AF-0700,apifox,发布 API 文档,Apifox 自定义域名自动生成 SSL 证书错误如何解决？,https://docs.apifox.com/9241660m0.md?nav=01JHMQ9DFDQ3G5JYCPTZE4EH3J,indexed,False,not_implemented
AF-0701,apifox,,迭代分支,https://docs.apifox.com/49062497f0.md?nav=01JHMQ9DFDQ3G5JYCPTZE4EH3J,indexed,False,not_implemented
AF-0702,apifox,迭代分支,怎么访问迭代分支？,https://docs.apifox.com/5838852m0.md?nav=01JHMQ9DFDQ3G5JYCPTZE4EH3J,indexed,False,not_implemented
AF-0703,apifox,,管理中心,https://docs.apifox.com/49062530f0.md?nav=01JHMQ9DFDQ3G5JYCPTZE4EH3J,indexed,False,not_implemented
AF-0704,apifox,管理中心,Apifox 项目、团队和组织的区别,https://docs.apifox.com/6026168m0.md?nav=01JHMQ9DFDQ3G5JYCPTZE4EH3J,indexed,False,not_implemented
AF-0705,apifox,管理中心,如何为 Apifox 添加白名单？,https://docs.apifox.com/6032153m0.md?nav=01JHMQ9DFDQ3G5JYCPTZE4EH3J,indexed,False,not_implemented
AF-0706,apifox,管理中心,如何为 Apifox 中的团队配置「IP 允许访问名单」？,https://docs.apifox.com/6689669m0.md?nav=01JHMQ9DFDQ3G5JYCPTZE4EH3J,indexed,False,not_implemented
AF-0707,apifox,管理中心,如何设置项目权限？,https://docs.apifox.com/5838863m0.md?nav=01JHMQ9DFDQ3G5JYCPTZE4EH3J,indexed,False,not_implemented
AF-0708,apifox,管理中心,如何设置团队权限,https://docs.apifox.com/5838872m0.md?nav=01JHMQ9DFDQ3G5JYCPTZE4EH3J,indexed,False,not_implemented
AF-0709,apifox,管理中心,如何邀请已加入团队的成员进入项目？,https://docs.apifox.com/6377191m0.md?nav=01JHMQ9DFDQ3G5JYCPTZE4EH3J,indexed,False,not_implemented
AF-0710,apifox,IDEA 插件,为什么通过 idea 插件导入的数据模型名称带有《》？,https://docs.apifox.com/6132756m0.md?nav=01JHMQ9DFDQ3G5JYCPTZE4EH3J,indexed,False,not_implemented
AF-0711,apifox,IDEA 插件,Apifox IDEA 插件可以上传某个 controller 里的指定接口么？,https://docs.apifox.com/6900764m0.md?nav=01JHMQ9DFDQ3G5JYCPTZE4EH3J,indexed,False,not_implemented
AF-0712,apifox,IDEA 插件,为什么 IDEA 上更新字段内容后推送到 Apifox 内容没更新？,https://docs.apifox.com/7409914m0.md?nav=01JHMQ9DFDQ3G5JYCPTZE4EH3J,indexed,False,not_implemented
AF-0713,apifox,IDEA 插件,在 IDEA 上如何标记泛型？,https://docs.apifox.com/7409869m0.md?nav=01JHMQ9DFDQ3G5JYCPTZE4EH3J,indexed,False,not_implemented
AF-0714,apifox,IDEA 插件,IDEA 插件上传 API 时，如何携带 context-path？,https://docs.apifox.com/7653086m0.md?nav=01JHMQ9DFDQ3G5JYCPTZE4EH3J,indexed,False,not_implemented
AF-0715,apifox,IDEA 插件,IDEA 插件上传接口时，日志出现乱码，如何解决？,https://docs.apifox.com/7675731m0.md?nav=01JHMQ9DFDQ3G5JYCPTZE4EH3J,indexed,False,not_implemented
AF-0716,apifox,IDEA 插件,IDEA 插件搜索接口的快捷键是什么？,https://docs.apifox.com/8209213m0.md?nav=01JHMQ9DFDQ3G5JYCPTZE4EH3J,indexed,False,not_implemented
AF-0717,apifox,IDEA 插件,IDEA 插件如何生成枚举值、名称、说明？,https://docs.apifox.com/9264171m0.md?nav=01JHMQ9DFDQ3G5JYCPTZE4EH3J,indexed,False,not_implemented
AF-0718,apifox,IDEA 插件,Apifox IDEA 插件安装失败，提示 app.zip 相关错误怎么办？,https://docs.apifox.com/9285614m0.md?nav=01JHMQ9DFDQ3G5JYCPTZE4EH3J,indexed,False,not_implemented
AF-0719,apifox,Markdown 相关,如何在 Apifox 的卡片组件中链接到项目内的文档或接口？,https://docs.apifox.com/5883079m0.md?nav=01JHMQ9DFDQ3G5JYCPTZE4EH3J,indexed,False,not_implemented
AF-0720,apifox,Markdown 相关,如何在 Markdown 文档中插入项目内接口/文档/数据模型/目录？,https://docs.apifox.com/6709643m0.md?nav=01JHMQ9DFDQ3G5JYCPTZE4EH3J,indexed,False,not_implemented
AF-0721,apifox,Markdown 相关,怎么在 Apifox 的 Markdown 中使用透明背景图片？,https://docs.apifox.com/5838796m0.md?nav=01JHMQ9DFDQ3G5JYCPTZE4EH3J,indexed,False,not_implemented
AF-0722,apifox,Markdown 相关,为什么 Markdown 文档中使用多个 $ 时部分内容没有正确显示？,https://docs.apifox.com/5891165m0.md?nav=01JHMQ9DFDQ3G5JYCPTZE4EH3J,indexed,False,not_implemented
AF-0723,apifox,Markdown 相关,如何在 Apifox 的 Markdown 中编写流程图？,https://docs.apifox.com/5981008m0.md?nav=01JHMQ9DFDQ3G5JYCPTZE4EH3J,indexed,False,not_implemented
AF-0724,apifox,Markdown 相关,如何控制 Markdown 表格的列宽？,https://docs.apifox.com/6002792m0.md?nav=01JHMQ9DFDQ3G5JYCPTZE4EH3J,indexed,False,not_implemented
AF-0725,apifox,,收费与部署,https://docs.apifox.com/49052074f0.md?nav=01JHMQ9DFDQ3G5JYCPTZE4EH3J,indexed,False,not_implemented
AF-0726,apifox,收费与部署,Apifox 是否收费？最新免费功能权益有哪些？,https://docs.apifox.com/5836730m0.md?nav=01JHMQ9DFDQ3G5JYCPTZE4EH3J,indexed,False,not_implemented
AF-0727,apifox,收费与部署,Apifox 免费版常见问题（FAQ）：关于人数、团队与协作限制的说明,https://docs.apifox.com/8079501m0.md?nav=01JHMQ9DFDQ3G5JYCPTZE4EH3J,indexed,False,not_implemented
AF-0728,apifox,收费与部署,数据是存储在本地还是云端？可否离线使用？可否私有化部署？,https://docs.apifox.com/5836756m0.md?nav=01JHMQ9DFDQ3G5JYCPTZE4EH3J,indexed,False,not_implemented
AF-0729,apifox,收费与部署,购买【商业专业版】1年，使用半年后升级到【商业旗舰版】，如何计费？,https://docs.apifox.com/6166498m0.md?nav=01JHMQ9DFDQ3G5JYCPTZE4EH3J,indexed,False,not_implemented
AF-0730,apifox,,Web 端与客户端,https://docs.apifox.com/49054255f0.md?nav=01JHMQ9DFDQ3G5JYCPTZE4EH3J,indexed,False,not_implemented
AF-0731,apifox,Web 端与客户端,Apifox alpha 版下载,https://docs.apifox.com/download-alpha.md?nav=01JHMQ9DFDQ3G5JYCPTZE4EH3J,indexed,False,not_implemented
AF-0732,apifox,Web 端与客户端,Apifox Linux 桌面版下载安装,https://docs.apifox.com/install-apifox-linux.md?nav=01JHMQ9DFDQ3G5JYCPTZE4EH3J,indexed,False,not_implemented
AF-0733,apifox,Web 端与客户端,Web 端与客户端有何区别？,https://docs.apifox.com/5836794m0.md?nav=01JHMQ9DFDQ3G5JYCPTZE4EH3J,indexed,False,not_implemented
AF-0734,apifox,Web 端与客户端,Web 端与客户端数据不同步如何处理？,https://docs.apifox.com/5836815m0.md?nav=01JHMQ9DFDQ3G5JYCPTZE4EH3J,indexed,False,not_implemented
AF-0735,apifox,Web 端与客户端,为什么Web端或在线文档请求HTTP接口，Apifox响应显示跨域，但是在客户端运行是正常的？,https://docs.apifox.com/7630900m0.md?nav=01JHMQ9DFDQ3G5JYCPTZE4EH3J,indexed,False,not_implemented
AF-0736,apifox,Web 端与客户端,为什么下载时会跳到百度网盘或天翼网盘？,https://docs.apifox.com/5922065m0.md?nav=01JHMQ9DFDQ3G5JYCPTZE4EH3J,indexed,False,not_implemented
AF-0737,apifox,Web 端与客户端,ApifoxAppAgent 进程的作用是什么？,https://docs.apifox.com/5836857m0.md?nav=01JHMQ9DFDQ3G5JYCPTZE4EH3J,indexed,False,not_implemented
AF-0738,apifox,Web 端与客户端,为何 Apifox 启动会有多个 Helper 进程？,https://docs.apifox.com/6965746m0.md?nav=01JHMQ9DFDQ3G5JYCPTZE4EH3J,indexed,False,not_implemented
AF-0739,apifox,Web 端与客户端,Apifox 闪退、白屏怎么办？,https://docs.apifox.com/5947012m0.md?nav=01JHMQ9DFDQ3G5JYCPTZE4EH3J,indexed,False,not_implemented
AF-0740,apifox,Web 端与客户端,Apifox 如何打开开发者工具？,https://docs.apifox.com/5947017m0.md?nav=01JHMQ9DFDQ3G5JYCPTZE4EH3J,indexed,False,not_implemented
AF-0741,apifox,Web 端与客户端,Apifox 支持 win7 吗?,https://docs.apifox.com/5984981m0.md?nav=01JHMQ9DFDQ3G5JYCPTZE4EH3J,indexed,False,not_implemented
AF-0742,apifox,Web 端与客户端,Win 系统自动更新后打不开可能是什么原因？,https://docs.apifox.com/6549770m0.md?nav=01JHMQ9DFDQ3G5JYCPTZE4EH3J,indexed,False,not_implemented
AF-0743,apifox,Web 端与客户端,为什么 Windows 安装新版本后打开还是旧版本？,https://docs.apifox.com/6706031m0.md?nav=01JHMQ9DFDQ3G5JYCPTZE4EH3J,indexed,False,not_implemented
AF-0744,apifox,Web 端与客户端,微信、手机号提示已经被绑定了怎么办？,https://docs.apifox.com/5988105m0.md?nav=01JHMQ9DFDQ3G5JYCPTZE4EH3J,indexed,False,not_implemented
AF-0745,apifox,Web 端与客户端,"为什么安装 Apifox 后启动提示""无法定位程序输入点DiscardVirtualMemory 于动态链接库KERNEL32.dll""",https://docs.apifox.com/6305005m0.md?nav=01JHMQ9DFDQ3G5JYCPTZE4EH3J,indexed,False,not_implemented
AF-0746,apifox,Web 端与客户端,Ubuntu 24 无法启动 Apifox，如何处理？,https://docs.apifox.com/7415138m0.md?nav=01JHMQ9DFDQ3G5JYCPTZE4EH3J,indexed,False,not_implemented
AF-0747,apifox,Web 端与客户端,Apifox 启动白屏修复方案（沙箱机制兼容问题）,https://docs.apifox.com/8818643m0.md?nav=01JHMQ9DFDQ3G5JYCPTZE4EH3J,indexed,False,not_implemented
AF-0748,apifox,MCP Server,Apifox 新增接口目录后，MCP 没有获取到新的目录?,https://docs.apifox.com/6664716m0.md?nav=01JHMQ9DFDQ3G5JYCPTZE4EH3J,indexed,False,not_implemented
AF-0749,apifox,MCP Server,Apifox MCP 为什么会识别不到本地文档的 API 接口?,https://docs.apifox.com/6668467m0.md?nav=01JHMQ9DFDQ3G5JYCPTZE4EH3J,indexed,False,not_implemented
AF-0750,apifox,MCP Server,内网私有部署的大模型，能够直接用 apifox 的 mcp 嘛？,https://docs.apifox.com/6850099m0.md?nav=01JHMQ9DFDQ3G5JYCPTZE4EH3J,indexed,False,not_implemented
AF-0751,apifox,MCP Server,如何让 Apifox MCP Server 的 Tools 名称后面不添加随机字符串,https://docs.apifox.com/7267427m0.md?nav=01JHMQ9DFDQ3G5JYCPTZE4EH3J,indexed,False,not_implemented
AF-0752,apifox,公告,关于 Apifox 外部 JS 文件受篡改的风险提示与升级公告,https://docs.apifox.com/8392582m0.md?nav=01JHMQ9DFDQ3G5JYCPTZE4EH3J,indexed,False,not_implemented
AF-0753,apifox,离线空间,如何将 Apifox 项目导入到离线空间里？,https://docs.apifox.com/6926471m0.md?nav=01JHMQ9DFDQ3G5JYCPTZE4EH3J,indexed,False,not_implemented
AF-0754,apifox,离线空间,如何将离线空间里的数据导入到 Apifox 项目里？,https://docs.apifox.com/8803651m0.md?nav=01JHMQ9DFDQ3G5JYCPTZE4EH3J,indexed,False,not_implemented
AF-0755,apifox,AI 功能,配置了自定义大模型、非内置服务商，Apifox 提示连接失败该怎么排查？,https://docs.apifox.com/9142568m0.md?nav=01JHMQ9DFDQ3G5JYCPTZE4EH3J,indexed,False,not_implemented
AF-0756,apifox,Apifox CLI,为什么使用 Apifox CLI 时提示 unknown option '--verbose'？,https://docs.apifox.com/9242788m0.md?nav=01JHMQ9DFDQ3G5JYCPTZE4EH3J,indexed,False,not_implemented
AF-0757,apifox,Apifox CLI,如何在 Apifox CLI 中保存和复用运行后的变量值？,https://docs.apifox.com/9252635m0.md?nav=01JHMQ9DFDQ3G5JYCPTZE4EH3J,indexed,False,not_implemented
AF-0758,apifox,Apifox CLI,Apifox CLI 登录报错 400，如何解决？,https://docs.apifox.com/9259242m0.md?nav=01JHMQ9DFDQ3G5JYCPTZE4EH3J,indexed,False,not_implemented
AF-0759,apifox,WebService,WebService 接口请求返回 WSDL，而不是业务响应，如何解决？,https://docs.apifox.com/9257282m0.md?nav=01JHMQ9DFDQ3G5JYCPTZE4EH3J,indexed,False,not_implemented
PM-0001,postman,,,https://learning.postman.com/,indexed,False,not_implemented
PM-0002,postman,getting-started,Get started in Postman,https://learning.postman.com/docs/getting-started/overview,read,True,not_implemented
PM-0003,postman,getting-started,Postman quick start,https://learning.postman.com/docs/getting-started/quick-start,read,True,not_implemented
PM-0004,postman,getting-started,Postman basics overview,https://learning.postman.com/docs/getting-started/basics/postman-basics,read,True,not_implemented
PM-0005,postman,getting-started,Navigating Postman,https://learning.postman.com/docs/getting-started/basics/navigating-postman,read,True,not_implemented
PM-0006,postman,getting-started,About Postman elements,https://learning.postman.com/docs/getting-started/basics/postman-elements,read,True,not_implemented
PM-0007,postman,getting-started,About the Postman Agent,https://learning.postman.com/docs/getting-started/basics/about-postman-agent,read,True,not_implemented
PM-0008,postman,getting-started,About Postman AI features,https://learning.postman.com/docs/getting-started/basics/about-ai,read,True,not_implemented
PM-0009,postman,getting-started,About Agent Mode,https://learning.postman.com/docs/getting-started/basics/about-agent-mode,read,True,not_implemented
PM-0010,postman,getting-started,Passport,https://learning.postman.com/docs/getting-started/basics/passport,read,True,not_implemented
PM-0011,postman,getting-started,Fabric AI Gateway,https://learning.postman.com/docs/getting-started/basics/fabric-gateway,read,True,not_implemented
PM-0012,postman,getting-started,Sync your changes across devices,https://learning.postman.com/docs/getting-started/basics/syncing,read,True,not_implemented
PM-0013,postman,getting-started,Build and send requests offline using the lightweight Postman API Client,https://learning.postman.com/docs/getting-started/basics/using-api-client,read,True,not_implemented
PM-0014,postman,getting-started,Build and send requests offline using the Scratch Pad,https://learning.postman.com/docs/getting-started/basics/using-scratch-pad,read,True,not_implemented
PM-0015,postman,getting-started,Postman installation overview,https://learning.postman.com/docs/getting-started/installation/overview,read,True,not_implemented
PM-0016,postman,getting-started,Postman system requirements,https://learning.postman.com/docs/getting-started/installation/system-requirements,read,True,not_implemented
PM-0017,postman,getting-started,Install Postman,https://learning.postman.com/docs/getting-started/installation/install-app,read,True,not_implemented
PM-0018,postman,getting-started,Update Postman,https://learning.postman.com/docs/getting-started/installation/update,read,True,not_implemented
PM-0019,postman,getting-started,Use Postman behind a firewall,https://learning.postman.com/docs/getting-started/installation/firewall,read,True,not_implemented
PM-0020,postman,getting-started,Troubleshoot your Postman installation,https://learning.postman.com/docs/getting-started/installation/troubleshoot,read,True,not_implemented
PM-0021,postman,getting-started,Customize Postman app settings,https://learning.postman.com/docs/getting-started/installation/settings/settings-overview,read,True,not_implemented
PM-0022,postman,getting-started,General settings,https://learning.postman.com/docs/getting-started/installation/settings/general-settings,read,True,not_implemented
PM-0023,postman,getting-started,Set working directory,https://learning.postman.com/docs/getting-started/installation/settings/working-directory,read,True,not_implemented
PM-0024,postman,getting-started,Change the Postman app theme,https://learning.postman.com/docs/getting-started/installation/settings/theme-settings,read,True,not_implemented
PM-0025,postman,getting-started,Shortcuts,https://learning.postman.com/docs/getting-started/installation/settings/shortcut-settings,read,True,not_implemented
PM-0026,postman,getting-started,Enable AI features,https://learning.postman.com/docs/getting-started/installation/settings/ai-settings,read,True,not_implemented
PM-0027,postman,getting-started,Data,https://learning.postman.com/docs/getting-started/installation/settings/data-settings,read,True,not_implemented
PM-0028,postman,getting-started,Install Postman add-ons,https://learning.postman.com/docs/getting-started/installation/settings/add-ons,read,True,not_implemented
PM-0029,postman,getting-started,Certificate settings,https://learning.postman.com/docs/getting-started/installation/settings/certificates,read,True,not_implemented
PM-0030,postman,getting-started,Connected accounts,https://learning.postman.com/docs/getting-started/installation/settings/connected-accounts,read,True,not_implemented
PM-0031,postman,getting-started,Proxy,https://learning.postman.com/docs/getting-started/installation/settings/proxy-settings,read,True,not_implemented
PM-0032,postman,getting-started,About Postman accounts,https://learning.postman.com/docs/getting-started/installation/account/overview,read,True,not_implemented
PM-0033,postman,getting-started,Sign up for Postman,https://learning.postman.com/docs/getting-started/installation/account/sign-up-for-postman,read,True,not_implemented
PM-0034,postman,getting-started,Manage your Postman account,https://learning.postman.com/docs/getting-started/installation/account/manage,read,True,not_implemented
PM-0035,postman,getting-started,Manage your Postman account settings,https://learning.postman.com/docs/getting-started/installation/account/settings,read,True,not_implemented
PM-0036,postman,getting-started,Customize your Postman profile,https://learning.postman.com/docs/getting-started/installation/postman-profile,read,True,not_implemented
PM-0037,postman,getting-started,Configure Postman to use a proxy server,https://learning.postman.com/docs/getting-started/installation/proxy,read,True,not_implemented
PM-0038,postman,getting-started,Try Postman Enterprise features,https://learning.postman.com/docs/getting-started/postman-trials/overview,read,True,not_implemented
PM-0039,postman,getting-started,Postman Enterprise Trial FAQs,https://learning.postman.com/docs/getting-started/postman-trials/enterprise-trial-faq,read,True,not_implemented
PM-0040,postman,getting-started,Data import and export in Postman,https://learning.postman.com/docs/getting-started/importing-and-exporting/importing-and-exporting-overview,read,True,not_implemented
PM-0041,postman,getting-started,Import data into Postman,https://learning.postman.com/docs/getting-started/importing-and-exporting/importing-data,read,True,not_implemented
PM-0042,postman,getting-started,Migrate from other API clients,https://learning.postman.com/docs/getting-started/importing-and-exporting/migrate-from-other-clients,read,True,not_implemented
PM-0043,postman,getting-started,Export data from Postman,https://learning.postman.com/docs/getting-started/importing-and-exporting/exporting-data,read,True,not_implemented
PM-0044,postman,getting-started,Troubleshoot issues with the Postman app,https://learning.postman.com/docs/getting-started/troubleshooting-inapp,read,True,not_implemented
PM-0045,postman,use,Use Postman,https://learning.postman.com/docs/use/overview,read,True,not_implemented
PM-0046,postman,use,Send API requests and get response data in Postman,https://learning.postman.com/docs/use/send-requests/requests,read,True,not_implemented
PM-0047,postman,use,Create and send API requests in Postman,https://learning.postman.com/docs/use/send-requests/create-requests/create-requests,read,True,not_implemented
PM-0048,postman,use,Send a request with the Postman API client,https://learning.postman.com/docs/use/send-requests/create-requests/request-basics,read,True,not_implemented
PM-0049,postman,use,Send parameters and body data with API requests in Postman,https://learning.postman.com/docs/use/send-requests/create-requests/parameters,read,True,not_implemented
PM-0050,postman,use,Configure headers for API requests in Postman,https://learning.postman.com/docs/use/send-requests/create-requests/headers,read,True,not_implemented
PM-0051,postman,use,Upload files for shared requests and cloud runs,https://learning.postman.com/docs/use/send-requests/create-requests/test-data,read,True,not_implemented
PM-0052,postman,use,Select custom settings for API requests in Postman,https://learning.postman.com/docs/use/send-requests/create-requests/request-settings,read,True,not_implemented
PM-0053,postman,use,Group API requests with Postman Collections,https://learning.postman.com/docs/use/send-requests/create-requests/intro-to-collections,read,True,not_implemented
PM-0054,postman,use,Generate code snippets from API requests,https://learning.postman.com/docs/use/send-requests/create-requests/generate-code-snippets,read,True,not_implemented
PM-0055,postman,use,API authentication and authorization in Postman,https://learning.postman.com/docs/use/send-requests/authorization/authorization,read,True,not_implemented
PM-0056,postman,use,Add and manage CA and client certificates in Postman,https://learning.postman.com/docs/use/send-requests/authorization/certificates,read,True,not_implemented
PM-0057,postman,use,Add API authorization details to requests in Postman,https://learning.postman.com/docs/use/send-requests/authorization/specifying-authorization-details,read,True,not_implemented
PM-0058,postman,use,Set up authorization for public APIs using Guided Auth,https://learning.postman.com/docs/use/send-requests/authorization/authentication-for-public-apis,read,True,not_implemented
PM-0059,postman,use,Authorization types supported by Postman,https://learning.postman.com/docs/use/send-requests/authorization/authorization-types,read,True,not_implemented
PM-0060,postman,use,Authenticate with Digest access authentication in Postman,https://learning.postman.com/docs/use/send-requests/authorization/digest-auth,read,True,not_implemented
PM-0061,postman,use,Authenticate with OAuth 1.0 authentication in Postman,https://learning.postman.com/docs/use/send-requests/authorization/oauth-10,read,True,not_implemented
PM-0062,postman,use,Authenticate with OAuth 2.0 authentication in Postman,https://learning.postman.com/docs/use/send-requests/authorization/oauth-20,read,True,not_implemented
PM-0063,postman,use,Authenticate with Hawk access authentication in Postman,https://learning.postman.com/docs/use/send-requests/authorization/hawk-authentication,read,True,not_implemented
PM-0064,postman,use,Authenticate with AWS Signature authentication workflow in Postman,https://learning.postman.com/docs/use/send-requests/authorization/aws-signature,read,True,not_implemented
PM-0065,postman,use,Authenticate with Windows NTLM authentication in Postman,https://learning.postman.com/docs/use/send-requests/authorization/ntlm-authentication,read,True,not_implemented
PM-0066,postman,use,Authenticate with Akamai EdgeGrid authentication in Postman,https://learning.postman.com/docs/use/send-requests/authorization/akamai-edgegrid,read,True,not_implemented
PM-0067,postman,use,Authenticate with Atlassian S2S in Postman,https://learning.postman.com/docs/use/send-requests/authorization/atlassian,read,True,not_implemented
PM-0068,postman,use,Work with API response data and cookies in Postman,https://learning.postman.com/docs/use/send-requests/response-data/response-data,read,True,not_implemented
PM-0069,postman,use,API response structure in Postman,https://learning.postman.com/docs/use/send-requests/response-data/responses,read,True,not_implemented
PM-0070,postman,use,Visualize request responses using Postman Visualizer,https://learning.postman.com/docs/use/send-requests/response-data/visualizer,read,True,not_implemented
PM-0071,postman,use,Create examples of request responses to illustrate API use cases,https://learning.postman.com/docs/use/send-requests/response-data/examples,read,True,not_implemented
PM-0072,postman,use,Create and capture cookies using Postman's cookie manager,https://learning.postman.com/docs/use/send-requests/response-data/cookies,read,True,not_implemented
PM-0073,postman,use,Debug API requests in Postman,https://learning.postman.com/docs/use/send-requests/response-data/troubleshooting-api-requests,read,True,not_implemented
PM-0074,postman,use,Reuse data with variables and environments in Postman,https://learning.postman.com/docs/use/send-requests/variables/variables-intro,read,True,not_implemented
PM-0075,postman,use,Store and reuse values using variables,https://learning.postman.com/docs/use/send-requests/variables/variables,read,True,not_implemented
PM-0076,postman,use,Define variables in Postman,https://learning.postman.com/docs/use/send-requests/variables/define-variables,read,True,not_implemented
PM-0077,postman,use,Use variables,https://learning.postman.com/docs/use/send-requests/variables/use-variables,read,True,not_implemented
PM-0078,postman,use,Share variables in Postman,https://learning.postman.com/docs/use/send-requests/variables/share-variables,read,True,not_implemented
PM-0079,postman,use,View and edit variables,https://learning.postman.com/docs/use/send-requests/variables/view-variables,read,True,not_implemented
PM-0080,postman,use,Group sets of variables in Postman using environments,https://learning.postman.com/docs/use/send-requests/variables/managing-environments,read,True,not_implemented
PM-0081,postman,use,Edit and set environment variables in Postman,https://learning.postman.com/docs/use/send-requests/variables/environment-variables,read,True,not_implemented
PM-0082,postman,use,Work with environments as a team in Postman,https://learning.postman.com/docs/use/send-requests/variables/team-environments,read,True,not_implemented
PM-0083,postman,use,Organize your workspace environments with colors,https://learning.postman.com/docs/use/send-requests/variables/environment-colors,read,True,not_implemented
PM-0084,postman,use,Pin environments to collections,https://learning.postman.com/docs/use/send-requests/variables/pinned-environments,read,True,not_implemented
PM-0085,postman,use,Other API protocols in Postman,https://learning.postman.com/docs/use/send-requests/protocols/protocols,read,True,not_implemented
PM-0086,postman,use,Create AI requests and add them to your collections,https://learning.postman.com/docs/use/send-requests/protocols/ai-requests/overview,read,True,not_implemented
PM-0087,postman,use,Create an AI request for your collection,https://learning.postman.com/docs/use/send-requests/protocols/ai-requests/create,read,True,not_implemented
PM-0088,postman,use,Add an MCP server to your AI request,https://learning.postman.com/docs/use/send-requests/protocols/ai-requests/add-mcp-servers,read,True,not_implemented
PM-0089,postman,use,Use your AI request to interact with an AI model,https://learning.postman.com/docs/use/send-requests/protocols/ai-requests/interact,read,True,not_implemented
PM-0090,postman,use,Manage how you interact with an AI model,https://learning.postman.com/docs/use/send-requests/protocols/ai-requests/manage,read,True,not_implemented
PM-0091,postman,use,Data requests in Postman,https://learning.postman.com/docs/use/send-requests/protocols/data/data-overview,read,True,not_implemented
PM-0092,postman,use,Create a data request in Postman,https://learning.postman.com/docs/use/send-requests/protocols/data/create-data-request,read,True,not_implemented
PM-0093,postman,use,GraphQL in Postman,https://learning.postman.com/docs/use/send-requests/protocols/graphql/graphql-overview,read,True,not_implemented
PM-0094,postman,use,Create GraphQL requests in Postman,https://learning.postman.com/docs/use/send-requests/protocols/graphql/graphql-client-first-request,read,True,not_implemented
PM-0095,postman,use,The GraphQL client interface,https://learning.postman.com/docs/use/send-requests/protocols/graphql/graphql-client-interface,read,True,not_implemented
PM-0096,postman,use,Make a GraphQL call with an HTTP request,https://learning.postman.com/docs/use/send-requests/protocols/graphql/graphql-http,read,True,not_implemented
PM-0097,postman,use,Manage gRPC APIs using Postman,https://learning.postman.com/docs/use/send-requests/protocols/grpc/grpc-client-overview,read,True,not_implemented
PM-0098,postman,use,The gRPC client interface,https://learning.postman.com/docs/use/send-requests/protocols/grpc/grpc-request-interface,read,True,not_implemented
PM-0099,postman,use,Invoke a gRPC request in Postman,https://learning.postman.com/docs/use/send-requests/protocols/grpc/first-grpc-request,read,True,not_implemented
PM-0100,postman,use,Manage service definitions for gRPC requests in Postman,https://learning.postman.com/docs/use/send-requests/protocols/grpc/using-service-definition,read,True,not_implemented
PM-0101,postman,use,Test and debug values in gRPC requests using JavaScript in Postman,https://learning.postman.com/docs/use/send-requests/protocols/grpc/scripting-in-grpc-request,read,True,not_implemented
PM-0102,postman,use,Create and use gRPC mock servers,https://learning.postman.com/docs/use/send-requests/protocols/grpc/using-grpc-mock,read,True,not_implemented
PM-0103,postman,use,"Save, edit, and share gRPC request-response examples",https://learning.postman.com/docs/use/send-requests/protocols/grpc/using-grpc-examples,read,True,not_implemented
PM-0104,postman,use,Read and write gRPC data using the Postman JSON interface,https://learning.postman.com/docs/use/send-requests/protocols/grpc/understanding-grpc-types,read,True,not_implemented
PM-0105,postman,use,Create MCP requests and add them to your collections,https://learning.postman.com/docs/use/send-requests/protocols/mcp-requests/overview,read,True,not_implemented
PM-0106,postman,use,Create an MCP request for your collection,https://learning.postman.com/docs/use/send-requests/protocols/mcp-requests/create,read,True,not_implemented
PM-0107,postman,use,Use your MCP request to interact with an MCP server,https://learning.postman.com/docs/use/send-requests/protocols/mcp-requests/interact,read,True,not_implemented
PM-0108,postman,use,Manage how you interact with an MCP server,https://learning.postman.com/docs/use/send-requests/protocols/mcp-requests/manage,read,True,not_implemented
PM-0109,postman,use,Debug OAuth 2.1 for MCP servers,https://learning.postman.com/docs/use/send-requests/protocols/mcp-requests/oauth-debugger,read,True,not_implemented
PM-0110,postman,use,Add an MCP server to your MCP host,https://learning.postman.com/docs/use/send-requests/protocols/mcp-requests/export-mcp-server-config,read,True,not_implemented
PM-0111,postman,use,MQTT overview,https://learning.postman.com/docs/use/send-requests/protocols/mqtt-client/mqtt-client-overview,read,True,not_implemented
PM-0112,postman,use,Using the MQTT request interface,https://learning.postman.com/docs/use/send-requests/protocols/mqtt-client/mqtt-request-interface,read,True,not_implemented
PM-0113,postman,use,Creating your first MQTT request,https://learning.postman.com/docs/use/send-requests/protocols/mqtt-client/first-mqtt-request,read,True,not_implemented
PM-0114,postman,use,Make HTTP calls using the SOAP protocol,https://learning.postman.com/docs/use/send-requests/protocols/soap/making-soap-requests,read,True,not_implemented
PM-0115,postman,use,Send requests over Unix sockets or named pipes,https://learning.postman.com/docs/use/send-requests/protocols/uds-named-pipes/send-uds-named-pipes-requests,read,True,not_implemented
PM-0116,postman,use,Webhooks in Postman,https://learning.postman.com/docs/use/send-requests/protocols/webhooks,read,True,not_implemented
PM-0117,postman,use,Send WebSocket requests with Postman,https://learning.postman.com/docs/use/send-requests/protocols/websocket/websocket-overview,read,True,not_implemented
PM-0118,postman,use,Create a WebSocket Request,https://learning.postman.com/docs/use/send-requests/protocols/websocket/create-a-websocket-request,read,True,not_implemented
PM-0119,postman,use,Create a Socket.IO request,https://learning.postman.com/docs/use/send-requests/protocols/websocket/create-a-socketio-request,read,True,not_implemented
PM-0120,postman,use,Work with WebSocket messages,https://learning.postman.com/docs/use/send-requests/protocols/websocket/work-with-websocket-messages,read,True,not_implemented
PM-0121,postman,use,Listen to Socket.IO events,https://learning.postman.com/docs/use/send-requests/protocols/websocket/listen-to-socketio-events,read,True,not_implemented
PM-0122,postman,use,Use variables in WebSocket requests,https://learning.postman.com/docs/use/send-requests/protocols/websocket/use-variables-with-websocket,read,True,not_implemented
PM-0123,postman,use,Add details to a WebSocket or Socket.IO request,https://learning.postman.com/docs/use/send-requests/protocols/websocket/add-details-websocket,read,True,not_implemented
PM-0124,postman,use,Save WebSocket requests,https://learning.postman.com/docs/use/send-requests/protocols/websocket/save-websocket-requests,read,True,not_implemented
PM-0125,postman,use,Document WebSocket requests,https://learning.postman.com/docs/use/send-requests/protocols/websocket/document-websocket-requests,read,True,not_implemented
PM-0126,postman,use,Troubleshoot WebSocket requests,https://learning.postman.com/docs/use/send-requests/protocols/websocket/troubleshoot-websocket-requests,read,True,not_implemented
PM-0127,postman,use,Create and manage request collections in Postman,https://learning.postman.com/docs/use/use-collections/overview,read,True,not_implemented
PM-0128,postman,use,Create collections of API requests in Postman,https://learning.postman.com/docs/use/use-collections/create-collections,read,True,not_implemented
PM-0129,postman,use,Add API requests to Postman Collections,https://learning.postman.com/docs/use/use-collections/add-requests-to-collections,read,True,not_implemented
PM-0130,postman,use,Manage and organize Postman Collections,https://learning.postman.com/docs/use/use-collections/manage-collections,read,True,not_implemented
PM-0131,postman,use,Share and collaborate on Postman Collections,https://learning.postman.com/docs/use/use-collections/collaborate-with-collections,read,True,not_implemented
PM-0132,postman,use,View collection activity and elements with the Overview tab,https://learning.postman.com/docs/use/use-collections/collection-overview-tab,read,True,not_implemented
PM-0133,postman,use,Postman Collections schemas,https://learning.postman.com/docs/use/use-collections/collections-schemas,read,True,not_implemented
PM-0134,postman,use,About Native Git,https://learning.postman.com/docs/use/native-git/overview,read,True,not_implemented
PM-0135,postman,use,Set up Native Git,https://learning.postman.com/docs/use/native-git/setup,read,True,not_implemented
PM-0136,postman,use,Develop locally with Native Git,https://learning.postman.com/docs/use/native-git/develop-locally,read,True,not_implemented
PM-0137,postman,use,Collaborate with your team using Native Git,https://learning.postman.com/docs/use/native-git/collaborate,read,True,not_implemented
PM-0138,postman,use,Automate Native Git with CI/CD,https://learning.postman.com/docs/use/native-git/automation,read,True,not_implemented
PM-0139,postman,use,Agent Mode,https://learning.postman.com/docs/use/agent-mode/overview,read,True,not_implemented
PM-0140,postman,use,Get started,https://learning.postman.com/docs/use/agent-mode/get-started,read,True,not_implemented
PM-0141,postman,use,Run automated tasks with Postman AI Skills,https://learning.postman.com/docs/use/agent-mode/skills,read,True,not_implemented
PM-0142,postman,use,Agent Mode Enterprise features,https://learning.postman.com/docs/use/agent-mode/enterprise,read,True,not_implemented
PM-0143,postman,use,Use Postman AI Recipes,https://learning.postman.com/docs/use/agent-mode/recipes,read,True,not_implemented
PM-0144,postman,use,Troubleshoot Agent Mode,https://learning.postman.com/docs/use/agent-mode/troubleshoot,read,True,not_implemented
PM-0145,postman,use,About Postman Agent Mode on Cloud,https://learning.postman.com/docs/use/agent-mode-cloud/overview,read,True,not_implemented
PM-0146,postman,use,Get started with the Postman Agent Mode on Cloud,https://learning.postman.com/docs/use/agent-mode-cloud/get-started,read,True,not_implemented
PM-0147,postman,use,Use Agent Automations,https://learning.postman.com/docs/use/agent-mode-cloud/automations,read,True,not_implemented
PM-0148,postman,use,About Postman Context Graph,https://learning.postman.com/docs/use/context-graph/get-started,read,True,not_implemented
PM-0149,postman,use,Query Context Graph with an MCP client,https://learning.postman.com/docs/use/context-graph/mcp-query,read,True,not_implemented
PM-0150,postman,use,Store secrets in Postman Vault,https://learning.postman.com/docs/use/postman-vault/postman-vault-secrets,read,True,not_implemented
PM-0151,postman,use,Access Postman Vault,https://learning.postman.com/docs/use/postman-vault/postman-vault-key,read,True,not_implemented
PM-0152,postman,use,Create and manage vault secrets in Postman Vault,https://learning.postman.com/docs/use/postman-vault/manage-vault-secrets,read,True,not_implemented
PM-0153,postman,use,Use vault secrets in Postman,https://learning.postman.com/docs/use/postman-vault/use-vault-secrets,read,True,not_implemented
PM-0154,postman,use,Export and import vault secrets from your Postman Local Vault,https://learning.postman.com/docs/use/postman-vault/import-export-vault-secrets,read,True,not_implemented
PM-0155,postman,use,Integrate Postman Vault with external vaults,https://learning.postman.com/docs/use/postman-vault/postman-vault-integrations,read,True,not_implemented
PM-0156,postman,use,Integrate Postman Vault with 1Password,https://learning.postman.com/docs/use/postman-vault/1password,read,True,not_implemented
PM-0157,postman,use,Integrate Postman Vault with AWS Secrets Manager,https://learning.postman.com/docs/use/postman-vault/aws-secrets-manager,read,True,not_implemented
PM-0158,postman,use,Integrate Postman Vault with Azure Key Vault,https://learning.postman.com/docs/use/postman-vault/azure-key-vault,read,True,not_implemented
PM-0159,postman,use,Integrate Postman Vault with HashiCorp Vault,https://learning.postman.com/docs/use/postman-vault/hashicorp-vault,read,True,not_implemented
PM-0160,postman,use,Manage Postman Vault integrations,https://learning.postman.com/docs/use/postman-vault/manage-postman-vault-integrations,read,True,not_implemented
PM-0161,postman,use,Troubleshoot vault secrets,https://learning.postman.com/docs/use/postman-vault/troubleshoot-vault-secrets,read,True,not_implemented
PM-0162,postman,use,Capture HTTP traffic and sync cookies in Postman,https://learning.postman.com/docs/use/capturing-request-data/capture-overview,read,True,not_implemented
PM-0163,postman,use,Capture traffic using the Postman built-in proxy,https://learning.postman.com/docs/use/capturing-request-data/capture-with-proxy,read,True,not_implemented
PM-0164,postman,use,Capture HTTP requests in Postman,https://learning.postman.com/docs/use/capturing-request-data/capturing-http-requests,read,True,not_implemented
PM-0165,postman,use,Capture HTTPS traffic using the Postman built-in proxy,https://learning.postman.com/docs/use/capturing-request-data/capturing-https-traffic,read,True,not_implemented
PM-0166,postman,use,Capture traffic from a web browser using Postman Interceptor,https://learning.postman.com/docs/use/capturing-request-data/interceptor,read,True,not_implemented
PM-0167,postman,use,Capture traffic with the Postman Browser Tool,https://learning.postman.com/docs/use/capturing-request-data/browser-tool/overview,read,True,not_implemented
PM-0168,postman,use,Inspect network traffic with the Postman Browser Tool,https://learning.postman.com/docs/use/capturing-request-data/browser-tool/inspect-traffic,read,True,not_implemented
PM-0169,postman,use,Use Agent Mode to interact with web applications,https://learning.postman.com/docs/use/capturing-request-data/browser-tool/agent-mode-web-apps,read,True,not_implemented
PM-0170,postman,use,Sync cookies using Postman Interceptor and the Postman proxy,https://learning.postman.com/docs/use/capturing-request-data/syncing-cookies,read,True,not_implemented
PM-0171,postman,tests-and-scripts,Test APIs and write scripts in Postman,https://learning.postman.com/docs/tests-and-scripts/tests-and-scripts,read,True,not_implemented
PM-0172,postman,tests-and-scripts,Use scripts to add logic and tests to Postman requests,https://learning.postman.com/docs/tests-and-scripts/write-scripts/intro-to-scripts,read,True,not_implemented
PM-0173,postman,tests-and-scripts,Write pre-request scripts to add dynamic behavior in Postman,https://learning.postman.com/docs/tests-and-scripts/write-scripts/pre-request-scripts,read,True,not_implemented
PM-0174,postman,tests-and-scripts,Write scripts to test API response data in Postman,https://learning.postman.com/docs/tests-and-scripts/write-scripts/test-scripts,read,True,not_implemented
PM-0175,postman,tests-and-scripts,Import packages into Postman,https://learning.postman.com/docs/tests-and-scripts/write-scripts/packages/overview,read,True,not_implemented
PM-0176,postman,tests-and-scripts,Add internal scripts to the Package Library in Postman,https://learning.postman.com/docs/tests-and-scripts/write-scripts/packages/package-library,read,True,not_implemented
PM-0177,postman,tests-and-scripts,Import packages from external registries in Postman,https://learning.postman.com/docs/tests-and-scripts/write-scripts/packages/external-package-registries,read,True,not_implemented
PM-0178,postman,tests-and-scripts,Postman test script examples,https://learning.postman.com/docs/tests-and-scripts/write-scripts/test-examples,read,True,not_implemented
PM-0179,postman,tests-and-scripts,Use dynamic variables to return randomly generated data,https://learning.postman.com/docs/tests-and-scripts/write-scripts/variables-list,read,True,not_implemented
PM-0180,postman,tests-and-scripts,Postman Sandbox API reference,https://learning.postman.com/docs/tests-and-scripts/write-scripts/postman-sandbox-reference/overview,read,True,not_implemented
PM-0181,postman,tests-and-scripts,Reference variables in Postman scripts,https://learning.postman.com/docs/tests-and-scripts/write-scripts/postman-sandbox-reference/pm-variables,read,True,not_implemented
PM-0182,postman,tests-and-scripts,Reference vault secrets in Postman scripts,https://learning.postman.com/docs/tests-and-scripts/write-scripts/postman-sandbox-reference/pm-vault,read,True,not_implemented
PM-0183,postman,tests-and-scripts,Access cookies in Postman scripts,https://learning.postman.com/docs/tests-and-scripts/write-scripts/postman-sandbox-reference/pm-cookies,read,True,not_implemented
PM-0184,postman,tests-and-scripts,Reference Postman requests in scripts,https://learning.postman.com/docs/tests-and-scripts/write-scripts/postman-sandbox-reference/pm-request,read,True,not_implemented
PM-0185,postman,tests-and-scripts,Reference Postman responses in scripts,https://learning.postman.com/docs/tests-and-scripts/write-scripts/postman-sandbox-reference/pm-response,read,True,not_implemented
PM-0186,postman,tests-and-scripts,Use scripts to send requests in Postman,https://learning.postman.com/docs/tests-and-scripts/write-scripts/postman-sandbox-reference/pm-send-request,read,True,not_implemented
PM-0187,postman,tests-and-scripts,Script Postman Visualizations,https://learning.postman.com/docs/tests-and-scripts/write-scripts/postman-sandbox-reference/pm-visualizer,read,True,not_implemented
PM-0188,postman,tests-and-scripts,Writing tests and assertions in scripts,https://learning.postman.com/docs/tests-and-scripts/write-scripts/postman-sandbox-reference/pm-test-expect,read,True,not_implemented
PM-0189,postman,tests-and-scripts,Import packages into your scripts,https://learning.postman.com/docs/tests-and-scripts/write-scripts/postman-sandbox-reference/pm-require,read,True,not_implemented
PM-0190,postman,tests-and-scripts,Use scripts in collection runs,https://learning.postman.com/docs/tests-and-scripts/write-scripts/postman-sandbox-reference/pm-execution,read,True,not_implemented
PM-0191,postman,tests-and-scripts,Reference message data in scripts,https://learning.postman.com/docs/tests-and-scripts/write-scripts/postman-sandbox-reference/pm-message,read,True,not_implemented
PM-0192,postman,tests-and-scripts,Reference request metadata in scripts,https://learning.postman.com/docs/tests-and-scripts/write-scripts/postman-sandbox-reference/pm-info,read,True,not_implemented
PM-0193,postman,tests-and-scripts,Reference requests and examples in mocks,https://learning.postman.com/docs/tests-and-scripts/write-scripts/postman-sandbox-reference/pm-mock,read,True,not_implemented
PM-0194,postman,tests-and-scripts,Manage and use datasets in scripts,https://learning.postman.com/docs/tests-and-scripts/write-scripts/postman-sandbox-reference/pm-datasets,read,True,not_implemented
PM-0195,postman,tests-and-scripts,Persist state across requests in mocks,https://learning.postman.com/docs/tests-and-scripts/write-scripts/postman-sandbox-reference/pm-state,read,True,not_implemented
PM-0196,postman,tests-and-scripts,Troubleshoot common test errors,https://learning.postman.com/docs/tests-and-scripts/write-scripts/troubleshoot-tests,read,True,not_implemented
PM-0197,postman,tests-and-scripts,Test APIs with datasets in Postman,https://learning.postman.com/docs/tests-and-scripts/datasets/overview,read,True,not_implemented
PM-0198,postman,tests-and-scripts,Create datasets in Postman,https://learning.postman.com/docs/tests-and-scripts/datasets/create-datasets,read,True,not_implemented
PM-0199,postman,tests-and-scripts,Manage datasets in Postman,https://learning.postman.com/docs/tests-and-scripts/datasets/manage-datasets,read,True,not_implemented
PM-0200,postman,tests-and-scripts,Use datasets in Postman,https://learning.postman.com/docs/tests-and-scripts/datasets/use-datasets,read,True,not_implemented
PM-0201,postman,tests-and-scripts,Query datasets with SQL in Postman,https://learning.postman.com/docs/tests-and-scripts/datasets/example-dataset-views,read,True,not_implemented
PM-0202,postman,tests-and-scripts,Query datasets from scripts and mocks in Postman,https://learning.postman.com/docs/tests-and-scripts/datasets/query-datasets-in-scripts,read,True,not_implemented
PM-0203,postman,tests-and-scripts,Test API functionality and performance in Postman,https://learning.postman.com/docs/tests-and-scripts/test-apis/test-apis,read,True,not_implemented
PM-0204,postman,tests-and-scripts,Test API integrations and data flow in Postman,https://learning.postman.com/docs/tests-and-scripts/test-apis/integration-testing,read,True,not_implemented
PM-0205,postman,tests-and-scripts,Test end-to-end API workflows in Postman,https://learning.postman.com/docs/tests-and-scripts/test-apis/end-to-end-testing,read,True,not_implemented
PM-0206,postman,tests-and-scripts,Test your APIs for regressions in Postman,https://learning.postman.com/docs/tests-and-scripts/test-apis/regression-testing,read,True,not_implemented
PM-0207,postman,tests-and-scripts,Test your API's performance in Postman,https://learning.postman.com/docs/tests-and-scripts/test-apis/performance-testing,read,True,not_implemented
PM-0208,postman,tests-and-scripts,Run and automate API tests in Postman,https://learning.postman.com/docs/tests-and-scripts/run-tests/run-tests,read,True,not_implemented
PM-0209,postman,tests-and-scripts,Run API tests manually in Postman,https://learning.postman.com/docs/tests-and-scripts/run-tests/run-tests-manually,read,True,not_implemented
PM-0210,postman,tests-and-scripts,Run API tests on a schedule in Postman,https://learning.postman.com/docs/tests-and-scripts/run-tests/run-tests-on-schedule,read,True,not_implemented
PM-0211,postman,tests-and-scripts,Run API tests in your CI/CD pipeline using Postman,https://learning.postman.com/docs/tests-and-scripts/run-tests/run-tests-with-ci-cd,read,True,not_implemented
PM-0212,postman,tests-and-scripts,Run API tests using Postman Monitors,https://learning.postman.com/docs/tests-and-scripts/run-tests/test-with-monitors,read,True,not_implemented
PM-0213,postman,tests-and-scripts,Application Inventory overview,https://learning.postman.com/docs/tests-and-scripts/test-applications/overview,read,True,not_implemented
PM-0214,postman,tests-and-scripts,Integrate your test suite with the Application Inventory,https://learning.postman.com/docs/tests-and-scripts/test-applications/test,read,True,not_implemented
PM-0215,postman,tests-and-scripts,Application Inventory FAQs,https://learning.postman.com/docs/tests-and-scripts/test-applications/application-testing-faqs,read,True,not_implemented
PM-0216,postman,tests-and-scripts,Test your API functionality,https://learning.postman.com/docs/tests-and-scripts/running-collections/running-collections-overview,read,True,not_implemented
PM-0217,postman,tests-and-scripts,Test your API using the Collection Runner,https://learning.postman.com/docs/tests-and-scripts/running-collections/intro-to-collection-runs,read,True,not_implemented
PM-0218,postman,tests-and-scripts,Automate collection runs on a schedule,https://learning.postman.com/docs/tests-and-scripts/running-collections/scheduling-collection-runs,read,True,not_implemented
PM-0219,postman,tests-and-scripts,View scheduled collection runs in Postman,https://learning.postman.com/docs/tests-and-scripts/running-collections/viewing-scheduled-collection-runs,read,True,not_implemented
PM-0220,postman,tests-and-scripts,Run a collection with a mock,https://learning.postman.com/docs/tests-and-scripts/running-collections/run-collection-with-mock,read,True,not_implemented
PM-0221,postman,tests-and-scripts,Automate collection runs using Postman Monitors,https://learning.postman.com/docs/tests-and-scripts/running-collections/scheduling-collection-runs-monitors,read,True,not_implemented
PM-0222,postman,tests-and-scripts,Trigger collection runs using webhooks,https://learning.postman.com/docs/tests-and-scripts/running-collections/collection-webhooks,read,True,not_implemented
PM-0223,postman,tests-and-scripts,Customize request order in a collection run,https://learning.postman.com/docs/tests-and-scripts/running-collections/building-workflows,read,True,not_implemented
PM-0224,postman,tests-and-scripts,Test data for collection runs,https://learning.postman.com/docs/tests-and-scripts/running-collections/test-data/overview,read,True,not_implemented
PM-0225,postman,tests-and-scripts,Run collections using imported data,https://learning.postman.com/docs/tests-and-scripts/running-collections/test-data/working-with-data-files,read,True,not_implemented
PM-0226,postman,tests-and-scripts,Use a dataset with a collection run,https://learning.postman.com/docs/tests-and-scripts/running-collections/test-data/collection-run-datasets,read,True,not_implemented
PM-0227,postman,tests-and-scripts,Simulate user traffic to test your API performance,https://learning.postman.com/docs/tests-and-scripts/performance-testing/testing-api-performance,read,True,not_implemented
PM-0228,postman,tests-and-scripts,Configure and run performance tests in Postman,https://learning.postman.com/docs/tests-and-scripts/performance-testing/performance-test-configuration,read,True,not_implemented
PM-0229,postman,tests-and-scripts,View metrics for performance tests,https://learning.postman.com/docs/tests-and-scripts/performance-testing/performance-test-metrics,read,True,not_implemented
PM-0230,postman,tests-and-scripts,View failed test assertions for performance tests,https://learning.postman.com/docs/tests-and-scripts/performance-testing/test-assertions/overview,read,True,not_implemented
PM-0231,postman,tests-and-scripts,View test assertion failure trends in performance tests,https://learning.postman.com/docs/tests-and-scripts/performance-testing/test-assertions/performance-test-failures,read,True,not_implemented
PM-0232,postman,tests-and-scripts,View test assertions by virtual user load in performance tests,https://learning.postman.com/docs/tests-and-scripts/performance-testing/test-assertions/performance-test-virtual-user-load,read,True,not_implemented
PM-0233,postman,tests-and-scripts,View error details for performance tests,https://learning.postman.com/docs/tests-and-scripts/performance-testing/performance-test-errors,read,True,not_implemented
PM-0234,postman,tests-and-scripts,View run timeline in performance tests,https://learning.postman.com/docs/tests-and-scripts/performance-testing/performance-test-timeline,read,True,not_implemented
PM-0235,postman,tests-and-scripts,Test data overview,https://learning.postman.com/docs/tests-and-scripts/performance-testing/test-data/overview,read,True,not_implemented
PM-0236,postman,tests-and-scripts,Use a data file to simulate virtual users,https://learning.postman.com/docs/tests-and-scripts/performance-testing/test-data/performance-test-data-files,read,True,not_implemented
PM-0237,postman,tests-and-scripts,Use a dataset to simulate virtual users,https://learning.postman.com/docs/tests-and-scripts/performance-testing/test-data/performance-test-dataset,read,True,not_implemented
PM-0238,postman,tests-and-scripts,Troubleshoot performance tests in Postman,https://learning.postman.com/docs/tests-and-scripts/performance-testing/troubleshoot-performance-tests,read,True,not_implemented
PM-0239,postman,monitoring-your-api,Monitor health and performance of your APIs in Postman,https://learning.postman.com/docs/monitoring-your-api/intro-monitors,read,True,not_implemented
PM-0240,postman,monitoring-your-api,Set up a monitor in Postman,https://learning.postman.com/docs/monitoring-your-api/setting-up-monitor,read,True,not_implemented
PM-0241,postman,monitoring-your-api,Test data for monitors,https://learning.postman.com/docs/monitoring-your-api/test-data/overview,read,True,not_implemented
PM-0242,postman,monitoring-your-api,Use a data file with a monitor,https://learning.postman.com/docs/monitoring-your-api/test-data/monitors-data-files,read,True,not_implemented
PM-0243,postman,monitoring-your-api,Use a dataset with a monitor,https://learning.postman.com/docs/monitoring-your-api/test-data/monitors-datasets,read,True,not_implemented
PM-0244,postman,monitoring-your-api,View monitor results,https://learning.postman.com/docs/monitoring-your-api/viewing-monitor-results,read,True,not_implemented
PM-0245,postman,monitoring-your-api,Share API health using monitor reports in Postman,https://learning.postman.com/docs/monitoring-your-api/monitor-reports/overview,read,True,not_implemented
PM-0246,postman,monitoring-your-api,Publish monitor reports in Postman,https://learning.postman.com/docs/monitoring-your-api/monitor-reports/publish-monitor-reports,read,True,not_implemented
PM-0247,postman,monitoring-your-api,Update monitor reports in Postman,https://learning.postman.com/docs/monitoring-your-api/monitor-reports/update-monitor-reports,read,True,not_implemented
PM-0248,postman,monitoring-your-api,Manage monitor usage in Postman,https://learning.postman.com/docs/monitoring-your-api/monitor-usage,read,True,not_implemented
PM-0249,postman,monitoring-your-api,Monitor internal APIs with runners,https://learning.postman.com/docs/monitoring-your-api/runners/overview,read,True,not_implemented
PM-0250,postman,monitoring-your-api,Configure runners for internal APIs,https://learning.postman.com/docs/monitoring-your-api/runners/configure-a-runner,read,True,not_implemented
PM-0251,postman,monitoring-your-api,Set up a runner in your restricted network,https://learning.postman.com/docs/monitoring-your-api/runners/set-up-a-runner-in-your-network,read,True,not_implemented
PM-0252,postman,monitoring-your-api,Set up a runner to use a proxy server,https://learning.postman.com/docs/monitoring-your-api/runners/proxy-server/overview,read,True,not_implemented
PM-0253,postman,monitoring-your-api,Set up a runner to use a proxy server,https://learning.postman.com/docs/monitoring-your-api/runners/proxy-server/runners-proxy-server,read,True,not_implemented
PM-0254,postman,monitoring-your-api,Start a runner with the built-in proxy server,https://learning.postman.com/docs/monitoring-your-api/runners/proxy-server/use-built-in-proxy-server,read,True,not_implemented
PM-0255,postman,monitoring-your-api,Manage runners for internal APIs,https://learning.postman.com/docs/monitoring-your-api/runners/manage-runners,read,True,not_implemented
PM-0256,postman,monitoring-your-api,Scale runners in your restricted network,https://learning.postman.com/docs/monitoring-your-api/runners/scale-runners,read,True,not_implemented
PM-0257,postman,monitoring-your-api,Troubleshoot runners in Postman,https://learning.postman.com/docs/monitoring-your-api/runners/troubleshoot-runners,read,True,not_implemented
PM-0258,postman,monitoring-your-api,Configure Postman Monitors to run from static IPs,https://learning.postman.com/docs/monitoring-your-api/using-static-IPs-to-monitor,read,True,not_implemented
PM-0259,postman,monitoring-your-api,Troubleshoot monitors in Postman,https://learning.postman.com/docs/monitoring-your-api/troubleshooting-monitors,read,True,not_implemented
PM-0260,postman,monitoring-your-api,Postman Monitors frequently asked questions,https://learning.postman.com/docs/monitoring-your-api/faqs-monitors,read,True,not_implemented
PM-0261,postman,design-apis,Simulate your API in Postman with a mock server,https://learning.postman.com/docs/design-apis/mock-apis/overview,read,True,not_implemented
PM-0262,postman,design-apis,Build API mocks with JavaScript,https://learning.postman.com/docs/design-apis/mock-apis/local-mock-servers,read,True,not_implemented
PM-0263,postman,design-apis,Deploy a mock server,https://learning.postman.com/docs/design-apis/mock-apis/set-up-mock-servers,read,True,not_implemented
PM-0264,postman,design-apis,Make calls to mock servers,https://learning.postman.com/docs/design-apis/mock-apis/mock-server-calls,read,True,not_implemented
PM-0265,postman,design-apis,Generate dynamic mock server responses with variables,https://learning.postman.com/docs/design-apis/mock-apis/create-dynamic-responses,read,True,not_implemented
PM-0266,postman,design-apis,How a Postman mock server matches requests to saved examples,https://learning.postman.com/docs/design-apis/mock-apis/matching-algorithm,read,True,not_implemented
PM-0267,postman,design-apis,Learn how to use mock servers with tutorials,https://learning.postman.com/docs/design-apis/mock-apis/tutorials/overview,read,True,not_implemented
PM-0268,postman,design-apis,Mock APIs with response examples,https://learning.postman.com/docs/design-apis/mock-apis/tutorials/mock-with-examples,read,True,not_implemented
PM-0269,postman,design-apis,Create and use a mock server using the Postman API,https://learning.postman.com/docs/design-apis/mock-apis/tutorials/mock-with-api,read,True,not_implemented
PM-0270,postman,design-apis,Create and run simulations in Postman,https://learning.postman.com/docs/design-apis/simulate-conditions,read,True,not_implemented
PM-0271,postman,collaborating-in-postman,Collaborate in Postman,https://learning.postman.com/docs/collaborating-in-postman/collaborate-in-postman-overview,read,True,not_implemented
PM-0272,postman,collaborating-in-postman,Collaboration concepts,https://learning.postman.com/docs/collaborating-in-postman/collaboration-concepts,read,True,not_implemented
PM-0273,postman,collaborating-in-postman,API collaboration features in Postman,https://learning.postman.com/docs/collaborating-in-postman/api-collaboration-features,read,True,not_implemented
PM-0274,postman,collaborating-in-postman,Collaborate with your team in Postman,https://learning.postman.com/docs/collaborating-in-postman/use-teams,read,True,not_implemented
PM-0275,postman,collaborating-in-postman,Request and approve access to Postman resources,https://learning.postman.com/docs/collaborating-in-postman/requesting-access-to-elements,read,True,not_implemented
PM-0276,postman,collaborating-in-postman,Share your work in Postman,https://learning.postman.com/docs/collaborating-in-postman/sharing,read,True,not_implemented
PM-0277,postman,collaborating-in-postman,Collaborate in Postman with Live Sessions,https://learning.postman.com/docs/collaborating-in-postman/live-sessions,read,True,not_implemented
PM-0278,postman,collaborating-in-postman,Collaborate in Postman using comments,https://learning.postman.com/docs/collaborating-in-postman/comments,read,True,not_implemented
PM-0279,postman,publishing-your-api,Document your APIs,https://learning.postman.com/docs/publishing-your-api/api-documentation-overview,read,True,not_implemented
PM-0280,postman,publishing-your-api,Document your APIs in Postman,https://learning.postman.com/docs/publishing-your-api/postman-documentation-overview,read,True,not_implemented
PM-0281,postman,publishing-your-api,Document a collection in Postman,https://learning.postman.com/docs/publishing-your-api/document-a-collection,read,True,not_implemented
PM-0282,postman,publishing-your-api,Add API documentation in Postman,https://learning.postman.com/docs/publishing-your-api/documenting-your-api,read,True,not_implemented
PM-0283,postman,publishing-your-api,Write documentation in Postman,https://learning.postman.com/docs/publishing-your-api/authoring-your-documentation,read,True,not_implemented
PM-0284,postman,publishing-your-api,Publish documentation in Postman,https://learning.postman.com/docs/publishing-your-api/publishing-your-docs,read,True,not_implemented
PM-0285,postman,publishing-your-api,View documentation in Postman,https://learning.postman.com/docs/publishing-your-api/viewing-documentation,read,True,not_implemented
PM-0286,postman,publishing-your-api,Host API documentation with a custom domain,https://learning.postman.com/docs/publishing-your-api/custom-doc-domains,read,True,not_implemented
PM-0287,postman,publishing-your-api,Set up Guided Auth for public APIs in Postman,https://learning.postman.com/docs/publishing-your-api/setting-up-authentication-for-public-apis,read,True,not_implemented
PM-0288,postman,collaborating-in-postman,Discover your organization's internal APIs with your Private API Network,https://learning.postman.com/docs/collaborating-in-postman/private-api-network/overview,read,True,not_implemented
PM-0289,postman,collaborating-in-postman,Explore your organization's Private API Network,https://learning.postman.com/docs/collaborating-in-postman/private-api-network/explore,read,True,not_implemented
PM-0290,postman,collaborating-in-postman,Manage your organization's Private API Network,https://learning.postman.com/docs/collaborating-in-postman/private-api-network/manage,read,True,not_implemented
PM-0291,postman,collaborating-in-postman,Migrate your organization's Private API Network,https://learning.postman.com/docs/collaborating-in-postman/private-api-network/migrate,read,True,not_implemented
PM-0292,postman,collaborating-in-postman,Version control for Postman elements,https://learning.postman.com/docs/collaborating-in-postman/using-version-control/version-control-overview,read,True,not_implemented
PM-0293,postman,collaborating-in-postman,Fork elements in Postman,https://learning.postman.com/docs/collaborating-in-postman/using-version-control/forking-elements,read,True,not_implemented
PM-0294,postman,collaborating-in-postman,Create a pull request to contribute to an element you forked,https://learning.postman.com/docs/collaborating-in-postman/using-version-control/creating-pull-requests,read,True,not_implemented
PM-0295,postman,collaborating-in-postman,Review pull requests in Postman,https://learning.postman.com/docs/collaborating-in-postman/using-version-control/reviewing-pull-requests,read,True,not_implemented
PM-0296,postman,collaborating-in-postman,Watch pull requests in Postman,https://learning.postman.com/docs/collaborating-in-postman/using-version-control/watching-pull-requests,read,True,not_implemented
PM-0297,postman,collaborating-in-postman,Manage public elements in Postman,https://learning.postman.com/docs/collaborating-in-postman/manage-public-elements,read,True,not_implemented
PM-0298,postman,collaborating-in-postman,Workspaces overview,https://learning.postman.com/docs/collaborating-in-postman/using-workspaces/overview,read,True,not_implemented
PM-0299,postman,collaborating-in-postman,Create a workspace in Postman,https://learning.postman.com/docs/collaborating-in-postman/using-workspaces/create-workspaces,read,True,not_implemented
PM-0300,postman,collaborating-in-postman,Collaborate with your team in Postman,https://learning.postman.com/docs/collaborating-in-postman/using-workspaces/internal-workspaces/overview,read,True,not_implemented
PM-0301,postman,collaborating-in-postman,Use Postman workspaces,https://learning.postman.com/docs/collaborating-in-postman/using-workspaces/internal-workspaces/use-workspaces,read,True,not_implemented
PM-0302,postman,collaborating-in-postman,Manage Postman workspaces,https://learning.postman.com/docs/collaborating-in-postman/using-workspaces/internal-workspaces/manage-workspaces,read,True,not_implemented
PM-0303,postman,collaborating-in-postman,Communicate API changes using workspace updates,https://learning.postman.com/docs/collaborating-in-postman/using-workspaces/internal-workspaces/workspace-updates,read,True,not_implemented
PM-0304,postman,collaborating-in-postman,Collaborate with external partners in Postman using Partner Workspaces,https://learning.postman.com/docs/collaborating-in-postman/using-workspaces/partner-workspaces/overview,read,True,not_implemented
PM-0305,postman,collaborating-in-postman,Set up a Partner Workspace,https://learning.postman.com/docs/collaborating-in-postman/using-workspaces/partner-workspaces/setup,read,True,not_implemented
PM-0306,postman,collaborating-in-postman,Collaborate in a Partner Workspace,https://learning.postman.com/docs/collaborating-in-postman/using-workspaces/partner-workspaces/collaborate,read,True,not_implemented
PM-0307,postman,collaborating-in-postman,Collaborate with multiple partners using multi-partner mode,https://learning.postman.com/docs/collaborating-in-postman/using-workspaces/partner-workspaces/multipartner-workspaces,read,True,not_implemented
PM-0308,postman,collaborating-in-postman,Manage Partner Workspaces in Postman,https://learning.postman.com/docs/collaborating-in-postman/using-workspaces/partner-workspaces/manage,read,True,not_implemented
PM-0309,postman,collaborating-in-postman,Team-to-team Partner Workspaces FAQ,https://learning.postman.com/docs/collaborating-in-postman/using-workspaces/partner-workspaces/faq,read,True,not_implemented
PM-0310,postman,collaborating-in-postman,Collaborate with the Postman community using public workspaces,https://learning.postman.com/docs/collaborating-in-postman/using-workspaces/public-workspaces,read,True,not_implemented
PM-0311,postman,collaborating-in-postman,Workspace documents in Postman,https://learning.postman.com/docs/collaborating-in-postman/using-workspaces/workspace-documents,read,True,not_implemented
PM-0312,postman,design-apis,Design and build your APIs in Postman,https://learning.postman.com/docs/design-apis/overview,read,True,not_implemented
PM-0313,postman,design-apis,Design your APIs with Postman Collections,https://learning.postman.com/docs/design-apis/collections/overview,read,True,not_implemented
PM-0314,postman,design-apis,Add types to parameters and headers with an API collection,https://learning.postman.com/docs/design-apis/collections/add-properties-to-parameters-and-headers,read,True,not_implemented
PM-0315,postman,design-apis,Add types to body data with an API collection,https://learning.postman.com/docs/design-apis/collections/add-properties-to-body-data,read,True,not_implemented
PM-0316,postman,design-apis,View types and documentation for an API collection,https://learning.postman.com/docs/design-apis/collections/view-properties-and-documentation,read,True,not_implemented
PM-0317,postman,design-apis,Generate an API specification from your collection,https://learning.postman.com/docs/design-apis/collections/generate-specifications,read,True,not_implemented
PM-0318,postman,design-apis,Design API specifications in Postman,https://learning.postman.com/docs/design-apis/specifications/overview,read,True,not_implemented
PM-0319,postman,design-apis,Create a new API specification,https://learning.postman.com/docs/design-apis/specifications/create-a-specification,read,True,not_implemented
PM-0320,postman,design-apis,Import an API specification,https://learning.postman.com/docs/design-apis/specifications/import-a-specification,read,True,not_implemented
PM-0321,postman,design-apis,Edit your API specification,https://learning.postman.com/docs/design-apis/specifications/edit-a-specification,read,True,not_implemented
PM-0322,postman,design-apis,Edit an OpenAPI specification with the Visual editor,https://learning.postman.com/docs/design-apis/specifications/spec-hub-visual-editor,read,True,not_implemented
PM-0323,postman,design-apis,Manage a multi-file API specification,https://learning.postman.com/docs/design-apis/specifications/add-files-to-a-specification,read,True,not_implemented
PM-0324,postman,design-apis,Validate an API specification,https://learning.postman.com/docs/design-apis/specifications/validate-a-specification,read,True,not_implemented
PM-0325,postman,design-apis,View live documentation for your API specification,https://learning.postman.com/docs/design-apis/specifications/view-live-documentation,read,True,not_implemented
PM-0326,postman,design-apis,Reuse specification components with the Component Library in Postman,https://learning.postman.com/docs/design-apis/specifications/component-library,read,True,not_implemented
PM-0327,postman,design-apis,Collaborate with specifications in Postman,https://learning.postman.com/docs/design-apis/specifications/collaborate-with-specifications,read,True,not_implemented
PM-0328,postman,design-apis,Generate collections from your API specification,https://learning.postman.com/docs/design-apis/specifications/generate-collections,read,True,not_implemented
PM-0329,postman,design-apis,Sync collections and specifications reference,https://learning.postman.com/docs/design-apis/sync-specifications-reference,read,True,not_implemented
PM-0330,postman,design-apis,Migrate your API specifications from the API Builder to Spec Hub,https://learning.postman.com/docs/design-apis/migrate-to-spec-hub,read,True,not_implemented
PM-0331,postman,design-apis,Develop APIs with the API Builder in Postman,https://learning.postman.com/docs/design-apis/api-builder/overview,read,True,not_implemented
PM-0332,postman,design-apis,About MCP toolsets in Postman,https://learning.postman.com/docs/design-apis/toolsets/overview,read,True,not_implemented
PM-0333,postman,design-apis,Generate and implement MCP tools in Postman,https://learning.postman.com/docs/design-apis/toolsets/generate-toolsets,read,True,not_implemented
PM-0334,postman,observe,Observe your APIs in Postman,https://learning.postman.com/docs/observe/overview,read,True,not_implemented
PM-0335,postman,api-catalog,About the API Catalog,https://learning.postman.com/docs/api-catalog/overview,read,True,not_implemented
PM-0336,postman,api-catalog,Connect API Catalog to your services,https://learning.postman.com/docs/api-catalog/connect/overview,read,True,not_implemented
PM-0337,postman,api-catalog,Connect your API gateway to the API Catalog,https://learning.postman.com/docs/api-catalog/connect/cloud,read,True,not_implemented
PM-0338,postman,api-catalog,Discover APIs and services through code connection,https://learning.postman.com/docs/api-catalog/connect/code,read,True,not_implemented
PM-0339,postman,api-catalog,Connect with the API Catalog using Postman Insights Agent,https://learning.postman.com/docs/api-catalog/connect/insights,read,True,not_implemented
PM-0340,postman,api-catalog,Connect with Cluster Watcher,https://learning.postman.com/docs/api-catalog/connect/watcher,read,True,not_implemented
PM-0341,postman,api-catalog,Set up CLI reporting in the API Catalog,https://learning.postman.com/docs/api-catalog/cli-reporting,read,True,not_implemented
PM-0342,postman,api-catalog,Explore your services in the API Catalog,https://learning.postman.com/docs/api-catalog/explore,read,True,not_implemented
PM-0343,postman,api-catalog,Create and manage API scorecards,https://learning.postman.com/docs/api-catalog/scorecards,read,True,not_implemented
PM-0344,postman,api-catalog,Monitor security findings across your API catalog,https://learning.postman.com/docs/api-catalog/security,read,True,not_implemented
PM-0345,postman,api-catalog,Define and enforce API standards with governance groups in Postman,https://learning.postman.com/docs/api-catalog/governance-groups/overview,read,True,not_implemented
PM-0346,postman,api-catalog,Manage your team's API governance groups,https://learning.postman.com/docs/api-catalog/governance-groups/governance-groups,read,True,not_implemented
PM-0347,postman,api-catalog,Manage your API governance rulesets and functions,https://learning.postman.com/docs/api-catalog/governance-groups/ruleset-library,read,True,not_implemented
PM-0348,postman,api-catalog,Monitor API governance with reports,https://learning.postman.com/docs/api-catalog/governance-groups/reports,read,True,not_implemented
PM-0349,postman,insights,About Postman Insights,https://learning.postman.com/docs/insights/overview,read,True,not_implemented
PM-0350,postman,insights,Get started with Postman Insights,https://learning.postman.com/docs/insights/get-started/overview,read,True,not_implemented
PM-0351,postman,insights,Try a local Insights demo,https://learning.postman.com/docs/insights/get-started/demo,read,True,not_implemented
PM-0352,postman,insights,Install Postman Insights Agent on Kubernetes,https://learning.postman.com/docs/insights/get-started/kubernetes/overview,read,True,not_implemented
PM-0353,postman,insights,Install Postman Insights Agent as a DaemonSet,https://learning.postman.com/docs/insights/get-started/kubernetes/daemonset,read,True,not_implemented
PM-0354,postman,insights,Install Postman Insights Agent as a sidecar,https://learning.postman.com/docs/insights/get-started/kubernetes/sidecar,read,True,not_implemented
PM-0355,postman,insights,Install Postman Insights Agent on AWS ECS,https://learning.postman.com/docs/insights/get-started/ecs,read,True,not_implemented
PM-0356,postman,insights,Install Postman Insights Agent on EC2,https://learning.postman.com/docs/insights/get-started/ec2,read,True,not_implemented
PM-0357,postman,insights,Install Postman Insights Agent on AWS Elastic Beanstalk,https://learning.postman.com/docs/insights/get-started/beanstalk,read,True,not_implemented
PM-0358,postman,insights,Debug with Insights,https://learning.postman.com/docs/insights/debug,read,True,not_implemented
PM-0359,postman,insights,Customize your Postman Insights,https://learning.postman.com/docs/insights/customize,read,True,not_implemented
PM-0360,postman,insights,Diagnose and troubleshoot Insights errors,https://learning.postman.com/docs/insights/troubleshoot/overview,read,True,not_implemented
PM-0361,postman,insights,ECS memory issues,https://learning.postman.com/docs/insights/troubleshoot/memory,read,True,not_implemented
PM-0362,postman,insights,Troubleshoot traffic issues,https://learning.postman.com/docs/insights/troubleshoot/traffic,read,True,not_implemented
PM-0363,postman,insights,Uninstall the Postman Insights Agent,https://learning.postman.com/docs/insights/uninstall,read,True,not_implemented
PM-0364,postman,insights,Postman Insights data access and storage,https://learning.postman.com/docs/insights/data/overview,read,True,not_implemented
PM-0365,postman,insights,Data access and handling,https://learning.postman.com/docs/insights/data/access,read,True,not_implemented
PM-0366,postman,insights,Repro mode data redactions,https://learning.postman.com/docs/insights/data/redactions,read,True,not_implemented
PM-0367,postman,insights,Repro Mode security considerations,https://learning.postman.com/docs/insights/data/repro-mode-security,read,True,not_implemented
PM-0368,postman,insights,DaemonSet security considerations,https://learning.postman.com/docs/insights/data/daemonset-security,read,True,not_implemented
PM-0369,postman,insights,Postman Insights reference,https://learning.postman.com/docs/insights/reference/overview,read,True,not_implemented
PM-0370,postman,insights,Postman Insights interface,https://learning.postman.com/docs/insights/reference/app/overview,read,True,not_implemented
PM-0371,postman,insights,Insights Overview,https://learning.postman.com/docs/insights/reference/app/overview-tab,read,True,not_implemented
PM-0372,postman,insights,Insights Errors tab,https://learning.postman.com/docs/insights/reference/app/errors-tab,read,True,not_implemented
PM-0373,postman,insights,Insights Latency,https://learning.postman.com/docs/insights/reference/app/latency-tab,read,True,not_implemented
PM-0374,postman,insights,Insights Endpoints,https://learning.postman.com/docs/insights/reference/app/endpoints-tab,read,True,not_implemented
PM-0375,postman,insights,Insights Diagnostics,https://learning.postman.com/docs/insights/reference/app/diagnostics-tab,read,True,not_implemented
PM-0376,postman,insights,Insights Settings,https://learning.postman.com/docs/insights/reference/app/settings-tab,read,True,not_implemented
PM-0377,postman,insights,apidump command reference,https://learning.postman.com/docs/insights/reference/agent/overview,read,True,not_implemented
PM-0378,postman,insights,Insights Agent deployment modes for the API Catalog,https://learning.postman.com/docs/insights/reference/agent/api-catalog,read,True,not_implemented
PM-0379,postman,insights,apidump command reference,https://learning.postman.com/docs/insights/reference/agent/apidump,read,True,not_implemented
PM-0380,postman,insights,kube inject command reference,https://learning.postman.com/docs/insights/reference/agent/kube-inject,read,True,not_implemented
PM-0381,postman,insights,kube helm-fragment command reference,https://learning.postman.com/docs/insights/reference/agent/kube-helm-fragment,read,True,not_implemented
PM-0382,postman,insights,kube helm-fragment command reference,https://learning.postman.com/docs/insights/reference/agent/kube-tf-fragment,read,True,not_implemented
PM-0383,postman,insights,ecs add command reference,https://learning.postman.com/docs/insights/reference/agent/ecs-add,read,True,not_implemented
PM-0384,postman,insights,ecs task-def command reference,https://learning.postman.com/docs/insights/reference/agent/ecs-task-def,read,True,not_implemented
PM-0385,postman,insights,ecs cf-fragment command reference,https://learning.postman.com/docs/insights/reference/agent/ecs-cf-fragment,read,True,not_implemented
PM-0386,postman,insights,completion command reference,https://learning.postman.com/docs/insights/reference/agent/completion,read,True,not_implemented
PM-0387,postman,insights,Frequently asked questions about Postman Insights,https://learning.postman.com/docs/insights/faq,read,True,not_implemented
PM-0388,postman,reports,View reports in Postman,https://learning.postman.com/docs/reports/reports-overview,read,True,not_implemented
PM-0389,postman,reports,View reports about workspaces,https://learning.postman.com/docs/reports/workspaces-reports,read,True,not_implemented
PM-0390,postman,reports,View reports about API activity across the API lifecycle,https://learning.postman.com/docs/reports/api-lifecycle-reports,read,True,not_implemented
PM-0391,postman,reports,View reports about Agent Mode usage across workspaces,https://learning.postman.com/docs/reports/agent-mode-usage-reports,read,True,not_implemented
PM-0392,postman,reports,"View reports about team invites, member activity, and role distribution",https://learning.postman.com/docs/reports/team-and-organization-reports,read,True,not_implemented
PM-0393,postman,reports,View reports about API rule compliance in API specifications,https://learning.postman.com/docs/reports/api-governance-specifications-reports,read,True,not_implemented
PM-0394,postman,reports,View Secret Scanner reports,https://learning.postman.com/docs/reports/secret-scanner-reports,read,True,not_implemented
PM-0395,postman,publish,Publish APIs with Postman,https://learning.postman.com/docs/publish/overview,read,True,not_implemented
PM-0396,postman,postman-api-network,Explore and Publish to the Postman API Network,https://learning.postman.com/docs/postman-api-network/overview,read,True,not_implemented
PM-0397,postman,postman-api-network,Explore public APIs on the Postman API Network,https://learning.postman.com/docs/postman-api-network/explore/overview,read,True,not_implemented
PM-0398,postman,postman-api-network,Find public APIs on the Postman API Network,https://learning.postman.com/docs/postman-api-network/explore/find/overview,read,True,not_implemented
PM-0399,postman,postman-api-network,Search for public APIs on the Postman API Network,https://learning.postman.com/docs/postman-api-network/explore/find/search,read,True,not_implemented
PM-0400,postman,postman-api-network,Browse public APIs on the Postman API Network,https://learning.postman.com/docs/postman-api-network/explore/find/browse,read,True,not_implemented
PM-0401,postman,postman-api-network,Consume public APIs from the Postman API Network,https://learning.postman.com/docs/postman-api-network/explore/consume,read,True,not_implemented
PM-0402,postman,postman-api-network,Showcase your public APIs on the Postman API Network,https://learning.postman.com/docs/postman-api-network/showcase/overview,read,True,not_implemented
PM-0403,postman,postman-api-network,Prepare your public APIs for the Postman API Network,https://learning.postman.com/docs/postman-api-network/showcase/prepare/overview,read,True,not_implemented
PM-0404,postman,postman-api-network,Become a verified publisher on the Postman API Network,https://learning.postman.com/docs/postman-api-network/showcase/prepare/verify-publisher-team,read,True,not_implemented
PM-0405,postman,postman-api-network,Prepare your public workspace for the Postman API Network,https://learning.postman.com/docs/postman-api-network/showcase/prepare/public-workspace,read,True,not_implemented
PM-0406,postman,postman-api-network,Prepare your public collections for the Postman API Network,https://learning.postman.com/docs/postman-api-network/showcase/prepare/public-collections,read,True,not_implemented
PM-0407,postman,postman-api-network,Curate your public collections for the Postman API Network,https://learning.postman.com/docs/postman-api-network/showcase/prepare/curate/overview,read,True,not_implemented
PM-0408,postman,postman-api-network,Curate your public collection's overview for the Postman API Network,https://learning.postman.com/docs/postman-api-network/showcase/prepare/curate/public-collections-overview,read,True,not_implemented
PM-0409,postman,postman-api-network,Curate your public collection's requests for the Postman API Network,https://learning.postman.com/docs/postman-api-network/showcase/prepare/curate/public-collections-requests,read,True,not_implemented
PM-0410,postman,postman-api-network,Curate your public collection's developer experience for the Postman API Network,https://learning.postman.com/docs/postman-api-network/showcase/prepare/curate/public-collections-developer-experience,read,True,not_implemented
PM-0411,postman,postman-api-network,Prepare your internal workspace for team collaboration,https://learning.postman.com/docs/postman-api-network/showcase/prepare/team-workspace,read,True,not_implemented
PM-0412,postman,postman-api-network,Publish your public APIs to the Postman API Network,https://learning.postman.com/docs/postman-api-network/showcase/publish/overview,read,True,not_implemented
PM-0413,postman,postman-api-network,Publish your public APIs to the Postman API Network,https://learning.postman.com/docs/postman-api-network/showcase/publish/public-apis,read,True,not_implemented
PM-0414,postman,publishing-your-api,Streamline the developer onboarding experience with the Run in Postman button,https://learning.postman.com/docs/publishing-your-api/run-in-postman/introduction-run-button,read,True,not_implemented
PM-0415,postman,publishing-your-api,Create a Run in Postman button for your API consumers,https://learning.postman.com/docs/publishing-your-api/run-in-postman/creating-run-button,read,True,not_implemented
PM-0416,postman,publishing-your-api,Customize your Run in Postman button,https://learning.postman.com/docs/publishing-your-api/run-in-postman/customize-run-button,read,True,not_implemented
PM-0417,postman,postman-api-network,Create MCP servers with the Postman API Network,https://learning.postman.com/docs/postman-api-network/showcase/publish/mcp-servers/overview,read,True,not_implemented
PM-0418,postman,postman-api-network,Generate an MCP server with public APIs from the Postman API Network,https://learning.postman.com/docs/postman-api-network/showcase/publish/mcp-servers/generate,read,True,not_implemented
PM-0419,postman,postman-api-network,Set up and start your generated MCP server locally,https://learning.postman.com/docs/postman-api-network/showcase/publish/mcp-servers/set-up-start,read,True,not_implemented
PM-0420,postman,postman-api-network,Use Postman to interact with your generated MCP server and an AI model,https://learning.postman.com/docs/postman-api-network/showcase/publish/mcp-servers/interact,read,True,not_implemented
PM-0421,postman,postman-api-network,Promote your MCP server on the Postman API Network,https://learning.postman.com/docs/postman-api-network/showcase/publish/mcp-servers/promote,read,True,not_implemented
PM-0422,postman,postman-api-network,Maintain your public APIs for the Postman API Network,https://learning.postman.com/docs/postman-api-network/showcase/maintain-public-apis,read,True,not_implemented
PM-0423,postman,postman-api-network,Explore your Postman API Network publisher tools,https://learning.postman.com/docs/postman-api-network/showcase/explore-publisher-tools,read,True,not_implemented
PM-0424,postman,postman-api-network,Analyze developer engagement across your public APIs,https://learning.postman.com/docs/postman-api-network/showcase/analyze-developer-engagement,read,True,not_implemented
PM-0425,postman,sdk-generator,About Postman SDK Generator,https://learning.postman.com/docs/sdk-generator/overview,read,True,not_implemented
PM-0426,postman,sdk-generator,Generate SDKs in Postman,https://learning.postman.com/docs/sdk-generator/generate/overview,read,True,not_implemented
PM-0427,postman,sdk-generator,Generate SDKs from collections and API specifications,https://learning.postman.com/docs/sdk-generator/generate/generate-sdks,read,True,not_implemented
PM-0428,postman,sdk-generator,Generate SDKs locally and sync with GitHub,https://learning.postman.com/docs/sdk-generator/generate/generate-sdks-locally,read,True,not_implemented
PM-0429,postman,sdk-generator,Use SDKs generated in Postman,https://learning.postman.com/docs/sdk-generator/use/overview,read,True,not_implemented
PM-0430,postman,sdk-generator,Use TypeScript SDKs generated in Postman,https://learning.postman.com/docs/sdk-generator/use/typescript-sdk,read,True,not_implemented
PM-0431,postman,sdk-generator,Use Java SDKs generated in Postman,https://learning.postman.com/docs/sdk-generator/use/java-sdk,read,True,not_implemented
PM-0432,postman,sdk-generator,Use Kotlin SDKs generated in Postman,https://learning.postman.com/docs/sdk-generator/use/kotlin-sdk,read,True,not_implemented
PM-0433,postman,sdk-generator,Use Python SDKs generated in Postman,https://learning.postman.com/docs/sdk-generator/use/python-sdk,read,True,not_implemented
PM-0434,postman,sdk-generator,Use C# SDKs generated in Postman,https://learning.postman.com/docs/sdk-generator/use/csharp-sdk,read,True,not_implemented
PM-0435,postman,sdk-generator,Use Go SDKs generated in Postman,https://learning.postman.com/docs/sdk-generator/use/go-sdk,read,True,not_implemented
PM-0436,postman,sdk-generator,Use PHP SDKs generated in Postman,https://learning.postman.com/docs/sdk-generator/use/php-sdk,read,True,not_implemented
PM-0437,postman,sdk-generator,Use Ruby SDKs generated in Postman,https://learning.postman.com/docs/sdk-generator/use/ruby-sdk,read,True,not_implemented
PM-0438,postman,sdk-generator,Use Rust SDKs generated in Postman,https://learning.postman.com/docs/sdk-generator/use/rust-sdk,read,True,not_implemented
PM-0439,postman,sdk-generator,Publish SDKs generated in Postman,https://learning.postman.com/docs/sdk-generator/publish/overview,read,True,not_implemented
PM-0440,postman,sdk-generator,Publish TypeScript SDKs manually,https://learning.postman.com/docs/sdk-generator/publish/typescript-manual,read,True,not_implemented
PM-0441,postman,sdk-generator,Publish TypeScript SDKs automatically,https://learning.postman.com/docs/sdk-generator/publish/typescript-auto,read,True,not_implemented
PM-0442,postman,sdk-generator,Publish Java SDKs manually,https://learning.postman.com/docs/sdk-generator/publish/java-manual,read,True,not_implemented
PM-0443,postman,sdk-generator,Publish Java SDKs automatically,https://learning.postman.com/docs/sdk-generator/publish/java-auto,read,True,not_implemented
PM-0444,postman,sdk-generator,Publish Kotlin SDKs manually,https://learning.postman.com/docs/sdk-generator/publish/kotlin-manual,read,True,not_implemented
PM-0445,postman,sdk-generator,Publish Kotlin SDKs automatically,https://learning.postman.com/docs/sdk-generator/publish/kotlin-auto,read,True,not_implemented
PM-0446,postman,sdk-generator,Publish Python SDKs manually,https://learning.postman.com/docs/sdk-generator/publish/python-manual,read,True,not_implemented
PM-0447,postman,sdk-generator,Publish Python SDKs automatically,https://learning.postman.com/docs/sdk-generator/publish/python-auto,read,True,not_implemented
PM-0448,postman,sdk-generator,Publish C# SDKs generated in Postman,https://learning.postman.com/docs/sdk-generator/publish/csharp-manual,read,True,not_implemented
PM-0449,postman,sdk-generator,Publish C# SDKs automatically,https://learning.postman.com/docs/sdk-generator/publish/csharp-auto,read,True,not_implemented
PM-0450,postman,sdk-generator,Publish Go SDKs generated in Postman,https://learning.postman.com/docs/sdk-generator/publish/go-manual,read,True,not_implemented
PM-0451,postman,sdk-generator,Publish Go SDKs automatically,https://learning.postman.com/docs/sdk-generator/publish/go-auto,read,True,not_implemented
PM-0452,postman,sdk-generator,Publish PHP SDKs manually,https://learning.postman.com/docs/sdk-generator/publish/php-manual,read,True,not_implemented
PM-0453,postman,sdk-generator,Publish PHP SDKs automatically,https://learning.postman.com/docs/sdk-generator/publish/php-auto,read,True,not_implemented
PM-0454,postman,sdk-generator,Publish Ruby SDKs manually,https://learning.postman.com/docs/sdk-generator/publish/ruby-manual,read,True,not_implemented
PM-0455,postman,sdk-generator,Publish Ruby SDKs automatically,https://learning.postman.com/docs/sdk-generator/publish/ruby-auto,read,True,not_implemented
PM-0456,postman,sdk-generator,Publish Rust SDKs manually,https://learning.postman.com/docs/sdk-generator/publish/rust-manual,read,True,not_implemented
PM-0457,postman,sdk-generator,Publish Rust SDKs automatically,https://learning.postman.com/docs/sdk-generator/publish/rust-auto,read,True,not_implemented
PM-0458,postman,sdk-generator,Configure SDK generation in Postman,https://learning.postman.com/docs/sdk-generator/configure/overview,read,True,not_implemented
PM-0459,postman,sdk-generator,Postman SDK core configuration options,https://learning.postman.com/docs/sdk-generator/configure/core-options,read,True,not_implemented
PM-0460,postman,sdk-generator,Postman SDK customization options,https://learning.postman.com/docs/sdk-generator/configure/customization-options,read,True,not_implemented
PM-0461,postman,sdk-generator,Postman SDK language options,https://learning.postman.com/docs/sdk-generator/configure/language-options,read,True,not_implemented
PM-0462,postman,sdk-generator,Troubleshoot SDK errors in Postman,https://learning.postman.com/docs/sdk-generator/troubleshoot,read,True,not_implemented
PM-0463,postman,sdk-generator,SDK generator guides,https://learning.postman.com/docs/sdk-generator/guides/overview,read,True,not_implemented
PM-0464,postman,sdk-generator,Generate an SDK with custom code using the Postman CLI,https://learning.postman.com/docs/sdk-generator/guides/custom-code,read,True,not_implemented
PM-0465,postman,sdk-generator,Automate SDK updates with Postman and GitHub,https://learning.postman.com/docs/sdk-generator/guides/auto-pr,read,True,not_implemented
PM-0466,postman,cli-generator,Generate CLI from your collection or specification,https://learning.postman.com/docs/cli-generator/overview,read,True,not_implemented
PM-0467,postman,cli-generator,Use generated CLIs,https://learning.postman.com/docs/cli-generator/generated-cli,read,True,not_implemented
PM-0468,postman,cli-generator,Use generated CLIs with AI agents,https://learning.postman.com/docs/cli-generator/cli-ai,read,True,not_implemented
PM-0469,postman,fern,Document your APIs with Fern,https://learning.postman.com/docs/fern/overview,read,True,not_implemented
PM-0470,postman,fern,Document a collection with Fern,https://learning.postman.com/docs/fern/document-a-collection,read,True,not_implemented
PM-0471,postman,administration,Administer Postman,https://learning.postman.com/docs/administration/admin-overview,read,True,not_implemented
PM-0472,postman,administration,Onboarding checklist,https://learning.postman.com/docs/administration/onboarding-checklist,read,True,not_implemented
PM-0473,postman,administration,Define roles and permissions within Postman,https://learning.postman.com/docs/administration/roles-and-permissions,read,True,not_implemented
PM-0474,postman,administration,Manage service account identities for automation and integrations,https://learning.postman.com/docs/administration/service-accounts,read,True,not_implemented
PM-0475,postman,administration,Free and Solo experience,https://learning.postman.com/docs/administration/free-and-solo,read,True,not_implemented
PM-0476,postman,administration,Migrate data between teams,https://learning.postman.com/docs/administration/team-merge,read,True,not_implemented
PM-0477,postman,administration,Organization and team management overview,https://learning.postman.com/docs/administration/managing-your-team/overview,read,True,not_implemented
PM-0478,postman,administration,Create an organization in Postman,https://learning.postman.com/docs/administration/managing-your-team/create-org,read,True,not_implemented
PM-0479,postman,administration,Create a team in Postman,https://learning.postman.com/docs/administration/managing-your-team/create-teams,read,True,not_implemented
PM-0480,postman,administration,Organize users into Postman groups,https://learning.postman.com/docs/administration/managing-your-team/user-groups,read,True,not_implemented
PM-0481,postman,administration,Membership overview,https://learning.postman.com/docs/administration/managing-your-team/team-members/overview,read,True,not_implemented
PM-0482,postman,administration,Invite members to your Postman team,https://learning.postman.com/docs/administration/managing-your-team/team-members/invite-members,read,True,not_implemented
PM-0483,postman,administration,Manage roles in Postman,https://learning.postman.com/docs/administration/managing-your-team/team-members/manage-roles,read,True,not_implemented
PM-0484,postman,administration,Manage your organization in Postman,https://learning.postman.com/docs/administration/managing-your-team/team-members/manage-org,read,True,not_implemented
PM-0485,postman,administration,Scale your Postman organization or team,https://learning.postman.com/docs/administration/managing-your-team/team-members/scale-team,read,True,not_implemented
PM-0486,postman,administration,Manage organization and team resources in Postman,https://learning.postman.com/docs/administration/managing-your-team/manage-team-workspaces,read,True,not_implemented
PM-0487,postman,administration,Manage product access,https://learning.postman.com/docs/administration/managing-your-team/manage-team-product-access,read,True,not_implemented
PM-0488,postman,administration,Configure Organization or Team settings,https://learning.postman.com/docs/administration/managing-your-team/team-settings,read,True,not_implemented
PM-0489,postman,administration,Manage API keys,https://learning.postman.com/docs/administration/managing-your-team/managing-api-keys,read,True,not_implemented
PM-0490,postman,administration,Postman Secret Scanner,https://learning.postman.com/docs/administration/managing-your-team/secret-scanner/overview,read,True,not_implemented
PM-0491,postman,administration,How the Secret Scanner works,https://learning.postman.com/docs/administration/managing-your-team/secret-scanner/how-secret-scanner-works,read,True,not_implemented
PM-0492,postman,administration,Manage secrets with the Secret Scanner dashboard,https://learning.postman.com/docs/administration/managing-your-team/secret-scanner/dashboard/overview,read,True,not_implemented
PM-0493,postman,administration,Manage Local Secret Protection policies,https://learning.postman.com/docs/administration/managing-your-team/secret-scanner/dashboard/local-protection-dashboard,read,True,not_implemented
PM-0494,postman,administration,Manage Cloud Secret Detection findings,https://learning.postman.com/docs/administration/managing-your-team/secret-scanner/dashboard/cloud-detection-dashboard,read,True,not_implemented
PM-0495,postman,administration,Secret Scanner patterns,https://learning.postman.com/docs/administration/managing-your-team/secret-scanner/secret-scanner-patterns,read,True,not_implemented
PM-0496,postman,administration,BYOK Encryption,https://learning.postman.com/docs/administration/managing-your-team/byok-encryption,read,True,not_implemented
PM-0497,postman,administration,Audit logs,https://learning.postman.com/docs/administration/managing-your-team/audit-logs,read,True,not_implemented
PM-0498,postman,billing,Billing overview,https://learning.postman.com/docs/billing/billing-overview,read,True,not_implemented
PM-0499,postman,billing,Manage billing,https://learning.postman.com/docs/billing/billing,read,True,not_implemented
PM-0500,postman,billing,Purchase Postman,https://learning.postman.com/docs/billing/buying,read,True,not_implemented
PM-0501,postman,billing,Purchase Postman from AWS Marketplace,https://learning.postman.com/docs/billing/buying-aws,read,True,not_implemented
PM-0502,postman,billing,About plans,https://learning.postman.com/docs/billing/about-plans,read,True,not_implemented
PM-0503,postman,billing,About resource usage,https://learning.postman.com/docs/billing/resource-usage,read,True,not_implemented
PM-0504,postman,billing,Manage your Postman AI credits,https://learning.postman.com/docs/billing/agent-mode-usage,read,True,not_implemented
PM-0505,postman,billing,Manage your team's Postman Flows credit usage,https://learning.postman.com/docs/billing/flows-usage,read,True,not_implemented
PM-0506,postman,integrations,Integrate Postman with third-party solutions,https://learning.postman.com/docs/integrations/intro-integrations,read,True,not_implemented
PM-0507,postman,integrations,Configure custom webhooks in Postman,https://learning.postman.com/docs/integrations/webhooks,read,True,not_implemented
PM-0508,postman,integrations,Add new integrations using installed apps in Postman,https://learning.postman.com/docs/integrations/installed-apps,read,True,not_implemented
PM-0509,postman,integrations,Integrate CI tools in Postman,https://learning.postman.com/docs/integrations/ci-integrations,read,True,not_implemented
PM-0510,postman,integrations,Postman-built integrations,https://learning.postman.com/docs/integrations/available-integrations/postman-integrations,read,True,not_implemented
PM-0511,postman,integrations,Integrate Postman with Datadog,https://learning.postman.com/docs/integrations/available-integrations/datadog,read,True,not_implemented
PM-0512,postman,integrations,Integrate Jira with Postman,https://learning.postman.com/docs/integrations/available-integrations/jira/overview,read,True,not_implemented
PM-0513,postman,integrations,Connect your Jira account to Postman,https://learning.postman.com/docs/integrations/available-integrations/jira/connect,read,True,not_implemented
PM-0514,postman,integrations,Create a Jira issue from Postman,https://learning.postman.com/docs/integrations/available-integrations/jira/create-issue,read,True,not_implemented
PM-0515,postman,integrations,View your Jira issues from Postman,https://learning.postman.com/docs/integrations/available-integrations/jira/view-issues,read,True,not_implemented
PM-0516,postman,integrations,Integrate Postman with Microsoft Teams,https://learning.postman.com/docs/integrations/available-integrations/microsoft-teams,read,True,not_implemented
PM-0517,postman,integrations,Get notifications in Microsoft Teams,https://learning.postman.com/docs/integrations/available-integrations/teams/teams-notifications,read,True,not_implemented
PM-0518,postman,integrations,Send Postman Monitor notifications to your Microsoft Teams channels,https://learning.postman.com/docs/integrations/available-integrations/teams/teams-monitoring,read,True,not_implemented
PM-0519,postman,integrations,Integrate Postman with New Relic,https://learning.postman.com/docs/integrations/available-integrations/new-relic,read,True,not_implemented
PM-0520,postman,integrations,Integrate Postman with OpenAPI,https://learning.postman.com/docs/integrations/available-integrations/working-with-openAPI,read,True,not_implemented
PM-0521,postman,integrations,Integrate Postman with PagerDuty,https://learning.postman.com/docs/integrations/available-integrations/pagerduty,read,True,not_implemented
PM-0522,postman,integrations,Integrate Postman with Slack,https://learning.postman.com/docs/integrations/available-integrations/slack,read,True,not_implemented
PM-0523,postman,integrations,Postman app for Slack,https://learning.postman.com/docs/integrations/available-integrations/slack/slack-application,read,True,not_implemented
PM-0524,postman,integrations,Get notifications in Slack,https://learning.postman.com/docs/integrations/available-integrations/slack/slack-notifications,read,True,not_implemented
PM-0525,postman,integrations,Personal notification types,https://learning.postman.com/docs/integrations/available-integrations/slack/personal-notifications,read,True,not_implemented
PM-0526,postman,integrations,Send Postman Monitor results to Slack,https://learning.postman.com/docs/integrations/available-integrations/slack/slack-monitoring,read,True,not_implemented
PM-0527,postman,integrations,Integrate Postman with Splunk,https://learning.postman.com/docs/integrations/available-integrations/splunk,read,True,not_implemented
PM-0528,postman,integrations,Integrate Postman with Splunk On-Call,https://learning.postman.com/docs/integrations/available-integrations/splunk-on-call,read,True,not_implemented
PM-0529,postman,integrations,Integrate Postman with Statuspage,https://learning.postman.com/docs/integrations/available-integrations/statuspage,read,True,not_implemented
PM-0530,postman,administration,Postman Enterprise overview,https://learning.postman.com/docs/administration/enterprise/enterprise-overview,read,True,not_implemented
PM-0531,postman,administration,Postman Enterprise plans,https://learning.postman.com/docs/administration/enterprise/about-postman-enterprise,read,True,not_implemented
PM-0532,postman,administration,Enterprise onboarding checklist,https://learning.postman.com/docs/administration/enterprise/enterprise-onboarding,read,True,not_implemented
PM-0533,postman,administration,Enterprise deployment,https://learning.postman.com/docs/administration/enterprise/managing-enterprise-deployment,read,True,not_implemented
PM-0534,postman,administration,Account discovery and control,https://learning.postman.com/docs/administration/enterprise/account-discovery,read,True,not_implemented
PM-0535,postman,administration,Organize Postman users and data into Organizations and Teams,https://learning.postman.com/docs/administration/enterprise/organizations,read,True,not_implemented
PM-0536,postman,administration,Migrate your Enterprise team to an organization,https://learning.postman.com/docs/administration/enterprise/migrate-to-orgs,read,True,not_implemented
PM-0537,postman,administration,Set up and manage a Postman Sandbox,https://learning.postman.com/docs/administration/enterprise/postman-sandbox,read,True,not_implemented
PM-0538,postman,administration,Postman EU Data Residency,https://learning.postman.com/docs/administration/enterprise/about-eu-data-residency,read,True,not_implemented
PM-0539,postman,api-governance,API Governance in Postman,https://learning.postman.com/docs/api-governance/api-governance-overview,read,True,not_implemented
PM-0540,postman,api-governance,Track governance violations in the API specification,https://learning.postman.com/docs/api-governance/api-definition/api-definition-warnings,read,True,not_implemented
PM-0541,postman,api-governance,OpenAPI 3 security and formatting warnings,https://learning.postman.com/docs/api-governance/api-definition/openapi3,read,True,not_implemented
PM-0542,postman,api-governance,OpenAPI 2 security and formatting warnings,https://learning.postman.com/docs/api-governance/api-definition/openapi2,read,True,not_implemented
PM-0543,postman,api-governance,Enforce API governance rules for your team in Postman,https://learning.postman.com/docs/api-governance/configurable-rules/configurable-rules-overview,read,True,not_implemented
PM-0544,postman,api-governance,Configure API Governance rules in Postman,https://learning.postman.com/docs/api-governance/configurable-rules/configuring-api-governance-rules,read,True,not_implemented
PM-0545,postman,api-governance,Create custom governance functions in Postman,https://learning.postman.com/docs/api-governance/configurable-rules/configuring-custom-governance-functions,read,True,not_implemented
PM-0546,postman,api-governance,Define custom governance rules using Spectral,https://learning.postman.com/docs/api-governance/configurable-rules/spectral,read,True,not_implemented
PM-0547,postman,administration,Intro to SSO,https://learning.postman.com/docs/administration/sso/intro-sso,read,True,not_implemented
PM-0548,postman,administration,Configure SSO,https://learning.postman.com/docs/administration/sso/admin-sso,read,True,not_implemented
PM-0549,postman,administration,Sign in to SSO,https://learning.postman.com/docs/administration/sso/user-sso,read,True,not_implemented
PM-0550,postman,administration,SSO and SCIM FAQs,https://learning.postman.com/docs/administration/sso/sso-faqs,read,True,not_implemented
PM-0551,postman,administration,Microsoft AD FS,https://learning.postman.com/docs/administration/sso/microsoft-adfs,read,True,not_implemented
PM-0552,postman,administration,Microsoft Entra ID,https://learning.postman.com/docs/administration/sso/azure-ad,read,True,not_implemented
PM-0553,postman,administration,Custom SAML,https://learning.postman.com/docs/administration/sso/custom-saml,read,True,not_implemented
PM-0554,postman,administration,Duo,https://learning.postman.com/docs/administration/sso/duo,read,True,not_implemented
PM-0555,postman,administration,Google Workspace,https://learning.postman.com/docs/administration/sso/google-workspace,read,True,not_implemented
PM-0556,postman,administration,Okta,https://learning.postman.com/docs/administration/sso/okta,read,True,not_implemented
PM-0557,postman,administration,OneLogin,https://learning.postman.com/docs/administration/sso/onelogin,read,True,not_implemented
PM-0558,postman,administration,Ping Identity,https://learning.postman.com/docs/administration/sso/ping-identity,read,True,not_implemented
PM-0559,postman,administration,SCIM provisioning overview,https://learning.postman.com/docs/administration/scim-provisioning/scim-provisioning-overview,read,True,not_implemented
PM-0560,postman,administration,Configure SCIM with Okta,https://learning.postman.com/docs/administration/scim-provisioning/configuring-scim-with-okta,read,True,not_implemented
PM-0561,postman,administration,Configure SCIM with Microsoft Entra ID,https://learning.postman.com/docs/administration/scim-provisioning/configuring-scim-with-azure-ad,read,True,not_implemented
PM-0562,postman,administration,Configure SCIM with OneLogin,https://learning.postman.com/docs/administration/scim-provisioning/configuring-scim-with-onelogin,read,True,not_implemented
PM-0563,postman,administration,Configure domain verification and account capture in Postman,https://learning.postman.com/docs/administration/domain-verification-and-capture/domain-capture-overview,read,True,not_implemented
PM-0564,postman,administration,Verify your organization's domain in Postman,https://learning.postman.com/docs/administration/domain-verification-and-capture/add-and-verify-a-domain,read,True,not_implemented
PM-0565,postman,administration,Enable domain capture in Postman,https://learning.postman.com/docs/administration/domain-verification-and-capture/enable-domain-capture,read,True,not_implemented
PM-0566,postman,administration,Domain capture FAQs,https://learning.postman.com/docs/administration/domain-verification-and-capture/domain-capture-faqs,read,True,not_implemented
PM-0567,postman,administration,Postman security features,https://learning.postman.com/docs/administration/security/overview,read,True,not_implemented
PM-0568,postman,administration,Security for Postman developers,https://learning.postman.com/docs/administration/security/developer-security,read,True,not_implemented
PM-0569,postman,administration,Security for Postman teams,https://learning.postman.com/docs/administration/security/team-security,read,True,not_implemented
PM-0570,postman,administration,Admin FAQs,https://learning.postman.com/docs/administration/admin-faqs,read,True,not_implemented
PM-0571,postman,reference,Reference overview,https://learning.postman.com/docs/reference/overview,read,True,not_implemented
PM-0572,postman,reference,Postman developer resources,https://learning.postman.com/docs/reference/developer-resources/resources-intro,read,True,not_implemented
PM-0573,postman,reference,Test requests in Postman using the Echo API,https://learning.postman.com/docs/reference/developer-resources/echo-api,read,True,not_implemented
PM-0574,postman,reference,Use the Postman plugin for coding agents,https://learning.postman.com/docs/reference/developer-resources/postman-plugin,read,True,not_implemented
PM-0575,postman,reference,Create and manage collections using the Collection SDK,https://learning.postman.com/docs/reference/developer-resources/collection-sdk,read,True,not_implemented
PM-0576,postman,reference,Configure request and collection runs using the Postman Runtime library,https://learning.postman.com/docs/reference/developer-resources/runtime-library,read,True,not_implemented
PM-0577,postman,reference,Generate client code for your API collections,https://learning.postman.com/docs/reference/developer-resources/code-generators,read,True,not_implemented
PM-0578,postman,reference,Convert API formats into Postman Collections,https://learning.postman.com/docs/reference/developer-resources/collection-conversion,read,True,not_implemented
PM-0579,postman,reference,Integrate Postman into your development toolchain,https://learning.postman.com/docs/reference/postman-api/intro-api,read,True,not_implemented
PM-0580,postman,reference,Generate and use Postman API keys,https://learning.postman.com/docs/reference/postman-api/authentication,read,True,not_implemented
PM-0581,postman,reference,Track Postman API call limits,https://learning.postman.com/docs/reference/postman-api/postman-api-rate-limits,read,True,not_implemented
PM-0582,postman,reference,Access Postman data programmatically,https://learning.postman.com/docs/reference/postman-api/make-postman-api-call,read,True,not_implemented
PM-0583,postman,reference,Use AI agents with the Postman API,https://learning.postman.com/docs/reference/postman-api/postman-mcp-server/overview,read,True,not_implemented
PM-0584,postman,reference,Set up a remote Postman MCP server,https://learning.postman.com/docs/reference/postman-api/postman-mcp-server/postman-mcp-remote-server,read,True,not_implemented
PM-0585,postman,reference,Set up a local Postman MCP server,https://learning.postman.com/docs/reference/postman-api/postman-mcp-server/postman-mcp-local-server,read,True,not_implemented
PM-0586,postman,reference,Tips and best practices for using the Postman MCP server,https://learning.postman.com/docs/reference/postman-api/postman-mcp-server/postman-mcp-server-tips,read,True,not_implemented
PM-0587,postman,reference,Develop APIs with the Postman VS Code extension,https://learning.postman.com/docs/reference/vs-code-extension/overview,read,True,not_implemented
PM-0588,postman,reference,Install the Postman VS Code extension,https://learning.postman.com/docs/reference/vs-code-extension/install,read,True,not_implemented
PM-0589,postman,reference,Import data using the Postman VS Code extension,https://learning.postman.com/docs/reference/vs-code-extension/import-data/overview,read,True,not_implemented
PM-0590,postman,reference,Import Postman data using the Postman VS Code extension,https://learning.postman.com/docs/reference/vs-code-extension/import-data/import-postman-data,read,True,not_implemented
PM-0591,postman,reference,Import environment variables using the Postman VS Code extension,https://learning.postman.com/docs/reference/vs-code-extension/import-data/import-environment-variables,read,True,not_implemented
PM-0592,postman,reference,Send API requests from the Postman VS Code extension,https://learning.postman.com/docs/reference/vs-code-extension/send-requests,read,True,not_implemented
PM-0593,postman,reference,Add and manage CA and client certificates in the Postman VS Code extension,https://learning.postman.com/docs/reference/vs-code-extension/certificates,read,True,not_implemented
PM-0594,postman,reference,Create and manage collections from the Postman VS Code extension,https://learning.postman.com/docs/reference/vs-code-extension/use-collections,read,True,not_implemented
PM-0595,postman,reference,Create and manage environments from the Postman VS Code extension,https://learning.postman.com/docs/reference/vs-code-extension/manage-environments,read,True,not_implemented
PM-0596,postman,reference,Share your work from the Postman VS Code extension,https://learning.postman.com/docs/reference/vs-code-extension/share,read,True,not_implemented
PM-0597,postman,reference,Document your APIs from the Postman VS Code extension,https://learning.postman.com/docs/reference/vs-code-extension/document,read,True,not_implemented
PM-0598,postman,reference,Test APIs using the Postman VS Code extension,https://learning.postman.com/docs/reference/vs-code-extension/tests-and-scripts/overview,read,True,not_implemented
PM-0599,postman,reference,Test APIs using the Postman VS Code extension,https://learning.postman.com/docs/reference/vs-code-extension/tests-and-scripts/test,read,True,not_implemented
PM-0600,postman,reference,Reuse packages from the Postman VS Code extension,https://learning.postman.com/docs/reference/vs-code-extension/tests-and-scripts/packages,read,True,not_implemented
PM-0601,postman,reference,Use the Collection Runner from the Postman VS Code extension,https://learning.postman.com/docs/reference/vs-code-extension/tests-and-scripts/collection-runner,read,True,not_implemented
PM-0602,postman,reference,Use AI agents with the Postman API from the Postman VS Code extension,https://learning.postman.com/docs/reference/vs-code-extension/postman-mcp-server,read,True,not_implemented
PM-0603,postman,reference,Give feedback about the Postman VS Code extension,https://learning.postman.com/docs/reference/vs-code-extension/feedback,read,True,not_implemented
PM-0604,postman,reference,Run and test collections from the command line using Newman CLI,https://learning.postman.com/docs/reference/newman-cli/command-line-integration-with-newman,read,True,not_implemented
PM-0605,postman,reference,Install and run Newman,https://learning.postman.com/docs/reference/newman-cli/installing-running-newman,read,True,not_implemented
PM-0606,postman,reference,Newman command reference,https://learning.postman.com/docs/reference/newman-cli/newman-options,read,True,not_implemented
PM-0607,postman,reference,Upload test data files with Newman,https://learning.postman.com/docs/reference/newman-cli/newman-file-uploads,read,True,not_implemented
PM-0608,postman,reference,Generate collection run reports with Newman built-in reporters,https://learning.postman.com/docs/reference/newman-cli/newman-built-in-reporters,read,True,not_implemented
PM-0609,postman,reference,Use Newman external and custom reporters,https://learning.postman.com/docs/reference/newman-cli/newman-custom-reporters,read,True,not_implemented
PM-0610,postman,reference,"Run Newman with Docker on macOS, Ubuntu, and Windows",https://learning.postman.com/docs/reference/newman-cli/newman-with-docker,read,True,not_implemented
PM-0611,postman,reference,Run Postman Collections in your CI environment using Newman,https://learning.postman.com/docs/reference/newman-cli/continuous-integration,read,True,not_implemented
PM-0612,postman,reference,Integrate your Postman tests with Travis CI using Newman,https://learning.postman.com/docs/reference/newman-cli/integration-with-travis,read,True,not_implemented
PM-0613,postman,reference,Integrate your Postman tests with Jenkins using Newman,https://learning.postman.com/docs/reference/newman-cli/integration-with-jenkins,read,True,not_implemented
PM-0614,postman,reference,Migrate scripts from Newman to the Postman CLI,https://learning.postman.com/docs/reference/newman-cli/migrate-to-postman-cli,read,True,not_implemented
PM-0615,postman,postman-cli,Postman CLI overview,https://learning.postman.com/docs/postman-cli/postman-cli-overview,read,True,not_implemented
PM-0616,postman,postman-cli,Install the Postman CLI,https://learning.postman.com/docs/postman-cli/postman-cli-installation,read,True,not_implemented
PM-0617,postman,postman-cli,Run a collection using the Postman CLI,https://learning.postman.com/docs/postman-cli/postman-cli-run-collection,read,True,not_implemented
PM-0618,postman,postman-cli,Run a monitor using the Postman CLI,https://learning.postman.com/docs/postman-cli/postman-cli-run-monitor,read,True,not_implemented
PM-0619,postman,postman-cli,Configure and validate performance tests using the Postman CLI,https://learning.postman.com/docs/postman-cli/postman-cli-run-performance-test,read,True,not_implemented
PM-0620,postman,postman-cli,Generate collection run reports using the Postman CLI,https://learning.postman.com/docs/postman-cli/postman-cli-reporters,read,True,not_implemented
PM-0621,postman,postman-cli,Run Postman CLI commands in your CI/CD workflows using GitHub Actions,https://learning.postman.com/docs/postman-cli/postman-cli-github-actions,read,True,not_implemented
PM-0622,postman,postman-cli,Postman CLI commands and options overview,https://learning.postman.com/docs/postman-cli/postman-cli-options,read,True,not_implemented
PM-0623,postman,postman-cli,Postman CLI init command (postman init),https://learning.postman.com/docs/postman-cli/postman-cli-init,read,True,not_implemented
PM-0624,postman,postman-cli,Postman CLI authentication commands,https://learning.postman.com/docs/postman-cli/postman-cli-auth,read,True,not_implemented
PM-0625,postman,postman-cli,Postman CLI basic commands,https://learning.postman.com/docs/postman-cli/postman-cli-basic,read,True,not_implemented
PM-0626,postman,postman-cli,Postman CLI team commands (postman team),https://learning.postman.com/docs/postman-cli/postman-cli-teams,read,True,not_implemented
PM-0627,postman,postman-cli,Postman CLI workspace commands (postman workspace),https://learning.postman.com/docs/postman-cli/postman-cli-workspace,read,True,not_implemented
PM-0628,postman,postman-cli,Postman CLI collection commands (postman collection),https://learning.postman.com/docs/postman-cli/postman-cli-collections,read,True,not_implemented
PM-0629,postman,postman-cli,Postman CLI environment commands (postman environment),https://learning.postman.com/docs/postman-cli/postman-cli-environments,read,True,not_implemented
PM-0630,postman,postman-cli,Postman CLI globals commands (postman globals),https://learning.postman.com/docs/postman-cli/postman-cli-globals,read,True,not_implemented
PM-0631,postman,postman-cli,Postman CLI spec commands (postman spec),https://learning.postman.com/docs/postman-cli/postman-cli-governance,read,True,not_implemented
PM-0632,postman,postman-cli,Postman CLI dependency commands (postman dependency),https://learning.postman.com/docs/postman-cli/postman-cli-dependencies,read,True,not_implemented
PM-0633,postman,postman-cli,Postman CLI dataset commands (postman dataset),https://learning.postman.com/docs/postman-cli/postman-cli-datasets,read,True,not_implemented
PM-0634,postman,postman-cli,Postman CLI request commands (postman request),https://learning.postman.com/docs/postman-cli/postman-cli-requests,read,True,not_implemented
PM-0635,postman,postman-cli,Postman CLI search commands (postman search),https://learning.postman.com/docs/postman-cli/postman-cli-search,read,True,not_implemented
PM-0636,postman,postman-cli,Postman CLI mock commands (postman mock),https://learning.postman.com/docs/postman-cli/postman-cli-mock,read,True,not_implemented
PM-0637,postman,postman-cli,Postman CLI simulate commands (postman simulate),https://learning.postman.com/docs/postman-cli/postman-cli-simulator,read,True,not_implemented
PM-0638,postman,postman-cli,Postman CLI monitoring and performance commands,https://learning.postman.com/docs/postman-cli/postman-cli-monitoring,read,True,not_implemented
PM-0639,postman,postman-cli,Postman CLI app commands (postman app),https://learning.postman.com/docs/postman-cli/postman-cli-application,read,True,not_implemented
PM-0640,postman,postman-cli,Postman CLI flows commands (postman flows),https://learning.postman.com/docs/postman-cli/postman-cli-flows,read,True,not_implemented
PM-0641,postman,postman-cli,Postman CLI webhook commands (postman webhook),https://learning.postman.com/docs/postman-cli/postman-cli-webhooks,read,True,not_implemented
PM-0642,postman,postman-cli,Postman CLI SDK commands (postman sdk),https://learning.postman.com/docs/postman-cli/postman-cli-sdk-gen,read,True,not_implemented
PM-0643,postman,postman-cli,Postman CLI describe commands (postman describe),https://learning.postman.com/docs/postman-cli/postman-cli-describe,read,True,not_implemented
PM-0644,postman,postman-cli,Postman CLI context-graph commands (postman context-graph),https://learning.postman.com/docs/postman-cli/postman-cli-context-graph,read,True,not_implemented
PM-0645,postman,postman-cli,Postman CLI skills commands (postman skills),https://learning.postman.com/docs/postman-cli/postman-cli-skills,read,True,not_implemented
PM-0646,postman,postman-cli,Postman CLI API publish commands (postman api publish),https://learning.postman.com/docs/postman-cli/postman-cli-publish-api-versions,read,True,not_implemented
PM-0647,postman,v11,about ai,https://learning.postman.com/v11/docs/getting-started/basics/about-ai,indexed,False,not_implemented
PM-0648,postman,v11,about agent mode,https://learning.postman.com/v11/docs/getting-started/basics/about-agent-mode,indexed,False,not_implemented
PM-0649,postman,v11,about postbot,https://learning.postman.com/v11/docs/getting-started/basics/about-postbot,indexed,False,not_implemented
PM-0650,postman,v11,install app,https://learning.postman.com/v11/docs/getting-started/installation/install-app,indexed,False,not_implemented
PM-0651,postman,v11,settings,https://learning.postman.com/v11/docs/getting-started/installation/settings,indexed,False,not_implemented
PM-0652,postman,v11,importing from soapui,https://learning.postman.com/v11/docs/getting-started/importing-and-exporting/importing-from-soapui,indexed,False,not_implemented
PM-0653,postman,v11,importing from hoppscotch,https://learning.postman.com/v11/docs/getting-started/importing-and-exporting/importing-from-hoppscotch,indexed,False,not_implemented
PM-0654,postman,v11,importing from insomnia,https://learning.postman.com/v11/docs/getting-started/importing-and-exporting/importing-from-insomnia,indexed,False,not_implemented
PM-0655,postman,v11,importing from thunder client,https://learning.postman.com/v11/docs/getting-started/importing-and-exporting/importing-from-thunder-client,indexed,False,not_implemented
PM-0656,postman,v11,importing from git,https://learning.postman.com/v11/docs/getting-started/importing-and-exporting/importing-from-git,indexed,False,not_implemented
PM-0657,postman,v11,importing from new relic,https://learning.postman.com/v11/docs/getting-started/importing-and-exporting/importing-from-new-relic,indexed,False,not_implemented
PM-0658,postman,v11,importing curl commands,https://learning.postman.com/v11/docs/getting-started/importing-and-exporting/importing-curl-commands,indexed,False,not_implemented
PM-0659,postman,v11,importing from swagger,https://learning.postman.com/v11/docs/getting-started/importing-and-exporting/importing-from-swagger,indexed,False,not_implemented
PM-0660,postman,v11,share variables,https://learning.postman.com/v11/docs/use/send-requests/variables/share-variables,indexed,False,not_implemented
PM-0661,postman,v11,overview,https://learning.postman.com/v11/docs/use/agent-mode/overview,indexed,False,not_implemented
PM-0662,postman,v11,get started,https://learning.postman.com/v11/docs/use/agent-mode/get-started,indexed,False,not_implemented
PM-0663,postman,v11,skills,https://learning.postman.com/v11/docs/use/agent-mode/skills,indexed,False,not_implemented
PM-0664,postman,v11,settings,https://learning.postman.com/v11/docs/use/agent-mode/settings,indexed,False,not_implemented
PM-0665,postman,v11,troubleshoot,https://learning.postman.com/v11/docs/use/agent-mode/troubleshoot,indexed,False,not_implemented
PM-0666,postman,v11,manage vault secrets,https://learning.postman.com/v11/docs/use/postman-vault/manage-vault-secrets,indexed,False,not_implemented
PM-0667,postman,v11,working with data files,https://learning.postman.com/v11/docs/tests-and-scripts/running-collections/working-with-data-files,indexed,False,not_implemented
PM-0668,postman,v11,organizing private network,https://learning.postman.com/v11/docs/collaborating-in-postman/private-api-network/organizing-private-network,indexed,False,not_implemented
PM-0669,postman,v11,private network requests,https://learning.postman.com/v11/docs/collaborating-in-postman/private-api-network/private-network-requests,indexed,False,not_implemented
PM-0670,postman,v11,publish private network elements with api,https://learning.postman.com/v11/docs/collaborating-in-postman/private-api-network/publish-private-network-elements-with-api,indexed,False,not_implemented
PM-0671,postman,v11,overview,https://learning.postman.com/v11/docs/design-apis/api-builder/overview,indexed,False,not_implemented
PM-0672,postman,v11,creating an api,https://learning.postman.com/v11/docs/design-apis/api-builder/creating-an-api,indexed,False,not_implemented
PM-0673,postman,v11,importing an api,https://learning.postman.com/v11/docs/design-apis/api-builder/importing-an-api,indexed,False,not_implemented
PM-0674,postman,v11,overview,https://learning.postman.com/v11/docs/design-apis/api-builder/versioning-an-api/overview,indexed,False,not_implemented
PM-0675,postman,v11,using cloud git repo,https://learning.postman.com/v11/docs/design-apis/api-builder/versioning-an-api/using-cloud-git-repo,indexed,False,not_implemented
PM-0676,postman,v11,using on prem git repo,https://learning.postman.com/v11/docs/design-apis/api-builder/versioning-an-api/using-on-prem-git-repo,indexed,False,not_implemented
PM-0677,postman,v11,connecting multiple apis,https://learning.postman.com/v11/docs/design-apis/api-builder/versioning-an-api/connecting-multiple-apis,indexed,False,not_implemented
PM-0678,postman,v11,managing git changes,https://learning.postman.com/v11/docs/design-apis/api-builder/versioning-an-api/managing-git-changes,indexed,False,not_implemented
PM-0679,postman,v11,api versions,https://learning.postman.com/v11/docs/design-apis/api-builder/versioning-an-api/api-versions,indexed,False,not_implemented
PM-0680,postman,v11,overview,https://learning.postman.com/v11/docs/design-apis/api-builder/develop-apis/overview,indexed,False,not_implemented
PM-0681,postman,v11,defining an api,https://learning.postman.com/v11/docs/design-apis/api-builder/develop-apis/defining-an-api,indexed,False,not_implemented
PM-0682,postman,v11,adding api elements,https://learning.postman.com/v11/docs/design-apis/api-builder/develop-apis/adding-api-elements,indexed,False,not_implemented
PM-0683,postman,v11,generating server code,https://learning.postman.com/v11/docs/design-apis/api-builder/develop-apis/generating-server-code,indexed,False,not_implemented
PM-0684,postman,v11,validating elements against schema,https://learning.postman.com/v11/docs/design-apis/api-builder/develop-apis/validating-elements-against-schema,indexed,False,not_implemented
PM-0685,postman,v11,testing an api,https://learning.postman.com/v11/docs/design-apis/api-builder/testing-an-api,indexed,False,not_implemented
PM-0686,postman,v11,overview,https://learning.postman.com/v11/docs/design-apis/api-builder/deploy-apis/overview,indexed,False,not_implemented
PM-0687,postman,v11,deploying an api aws,https://learning.postman.com/v11/docs/integrations/available-integrations/aws-api-gateway/deploying-an-api-aws,indexed,False,not_implemented
PM-0688,postman,v11,deploying an api apigee,https://learning.postman.com/v11/docs/integrations/available-integrations/apigee-api-management/deploying-an-api-apigee,indexed,False,not_implemented
PM-0689,postman,v11,deploying an api azure,https://learning.postman.com/v11/docs/integrations/available-integrations/azure-api-management/deploying-an-api-azure,indexed,False,not_implemented
PM-0690,postman,v11,overview,https://learning.postman.com/v11/docs/design-apis/api-builder/observe-apis/overview,indexed,False,not_implemented
PM-0691,postman,v11,new relic apm,https://learning.postman.com/v11/docs/design-apis/api-builder/observe-apis/new-relic-apm,indexed,False,not_implemented
PM-0692,postman,v11,datadog apm,https://learning.postman.com/v11/docs/design-apis/api-builder/observe-apis/datadog-apm,indexed,False,not_implemented
PM-0693,postman,v11,managing apis,https://learning.postman.com/v11/docs/design-apis/api-builder/managing-apis,indexed,False,not_implemented
PM-0694,postman,v11,overview,https://learning.postman.com/v11/docs/design-apis/mock-apis/overview,indexed,False,not_implemented
PM-0695,postman,v11,set up mock servers,https://learning.postman.com/v11/docs/design-apis/mock-apis/set-up-mock-servers,indexed,False,not_implemented
PM-0696,postman,v11,mock server calls,https://learning.postman.com/v11/docs/design-apis/mock-apis/mock-server-calls,indexed,False,not_implemented
PM-0697,postman,v11,create dynamic responses,https://learning.postman.com/v11/docs/design-apis/mock-apis/create-dynamic-responses,indexed,False,not_implemented
PM-0698,postman,v11,matching algorithm,https://learning.postman.com/v11/docs/design-apis/mock-apis/matching-algorithm,indexed,False,not_implemented
PM-0699,postman,v11,overview,https://learning.postman.com/v11/docs/design-apis/mock-apis/tutorials/overview,indexed,False,not_implemented
PM-0700,postman,v11,mock with examples,https://learning.postman.com/v11/docs/design-apis/mock-apis/tutorials/mock-with-examples,indexed,False,not_implemented
PM-0701,postman,v11,mock with api,https://learning.postman.com/v11/docs/design-apis/mock-apis/tutorials/mock-with-api,indexed,False,not_implemented
PM-0702,postman,v11,api builder reports,https://learning.postman.com/v11/docs/reports/api-builder-reports,indexed,False,not_implemented
PM-0703,postman,v11,how secret scanner works,https://learning.postman.com/v11/docs/administration/managing-your-team/secret-scanner/how-secret-scanner-works,indexed,False,not_implemented
PM-0704,postman,v11,secret scanner dashboard,https://learning.postman.com/v11/docs/administration/managing-your-team/secret-scanner/secret-scanner-dashboard,indexed,False,not_implemented
PM-0705,postman,v11,webhooks,https://learning.postman.com/v11/docs/integrations/webhooks,indexed,False,not_implemented
PM-0706,postman,v11,apimatic,https://learning.postman.com/v11/docs/integrations/available-integrations/apimatic,indexed,False,not_implemented
PM-0707,postman,v11,aws api gateway,https://learning.postman.com/v11/docs/integrations/available-integrations/aws-api-gateway,indexed,False,not_implemented
PM-0708,postman,v11,azure devops,https://learning.postman.com/v11/docs/integrations/available-integrations/azure-devops,indexed,False,not_implemented
PM-0709,postman,v11,azure pipelines,https://learning.postman.com/v11/docs/integrations/available-integrations/ci-integrations/azure-pipelines,indexed,False,not_implemented
PM-0710,postman,v11,bitbucket,https://learning.postman.com/v11/docs/integrations/available-integrations/bitbucket,indexed,False,not_implemented
PM-0711,postman,v11,bitbucket pipelines,https://learning.postman.com/v11/docs/integrations/available-integrations/ci-integrations/bitbucket-pipelines,indexed,False,not_implemented
PM-0712,postman,v11,circleci,https://learning.postman.com/v11/docs/integrations/available-integrations/ci-integrations/circleci,indexed,False,not_implemented
PM-0713,postman,v11,overview,https://learning.postman.com/v11/docs/integrations/available-integrations/github/overview,indexed,False,not_implemented
PM-0714,postman,v11,overview,https://learning.postman.com/v11/docs/integrations/available-integrations/github/collections/overview,indexed,False,not_implemented
PM-0715,postman,v11,connect,https://learning.postman.com/v11/docs/integrations/available-integrations/github/collections/connect,indexed,False,not_implemented
PM-0716,postman,v11,collaborate,https://learning.postman.com/v11/docs/integrations/available-integrations/github/collections/collaborate,indexed,False,not_implemented
PM-0717,postman,v11,back up collection,https://learning.postman.com/v11/docs/integrations/available-integrations/github/back-up-collection,indexed,False,not_implemented
PM-0718,postman,v11,github actions,https://learning.postman.com/v11/docs/integrations/available-integrations/ci-integrations/github-actions,indexed,False,not_implemented
PM-0719,postman,v11,gitlab,https://learning.postman.com/v11/docs/integrations/available-integrations/gitlab,indexed,False,not_implemented
PM-0720,postman,v11,gitlab ci,https://learning.postman.com/v11/docs/integrations/available-integrations/ci-integrations/gitlab-ci,indexed,False,not_implemented
PM-0721,postman,v11,jenkins,https://learning.postman.com/v11/docs/integrations/available-integrations/ci-integrations/jenkins,indexed,False,not_implemented
PM-0722,postman,v11,teams app,https://learning.postman.com/v11/docs/integrations/available-integrations/teams/teams-app,indexed,False,not_implemented
PM-0723,postman,v11,team notifications,https://learning.postman.com/v11/docs/integrations/available-integrations/teams/team-notifications,indexed,False,not_implemented
PM-0724,postman,v11,slack monitoring,https://learning.postman.com/v11/docs/integrations/available-integrations/slack/slack-monitoring,indexed,False,not_implemented
PM-0725,postman,v11,slack activity,https://learning.postman.com/v11/docs/integrations/available-integrations/slack/slack-activity,indexed,False,not_implemented
PM-0726,postman,v11,travis ci,https://learning.postman.com/v11/docs/integrations/available-integrations/ci-integrations/travis-ci,indexed,False,not_implemented
PM-0727,postman,v11,claude code plugin,https://learning.postman.com/v11/docs/reference/developer-resources/claude-code-plugin,indexed,False,not_implemented
PM-0728,postman,help,help,https://learning.postman.com/help,indexed,False,not_implemented
PM-0729,postman,help,overview,https://learning.postman.com/help/faqs/overview,indexed,False,not_implemented
PM-0730,postman,help,is postbot usage limited,https://learning.postman.com/help/faqs/postbot/is-postbot-usage-limited,indexed,False,not_implemented
PM-0731,postman,help,how to assign postbot to team members,https://learning.postman.com/help/faqs/postbot/how-to-assign-postbot-to-team-members,indexed,False,not_implemented
PM-0732,postman,help,can i run the postman desktop app on vdi vm,https://learning.postman.com/help/faqs/postman-app/can-i-run-the-postman-desktop-app-on-vdi-vm,indexed,False,not_implemented
PM-0733,postman,help,what to expect from the end of life of old postman versions,https://learning.postman.com/help/faqs/postman-app/what-to-expect-from-the-end-of-life-of-old-postman-versions,indexed,False,not_implemented
PM-0734,postman,help,how to access your postman support requests,https://learning.postman.com/help/faqs/account/how-to-access-your-postman-support-requests,indexed,False,not_implemented
PM-0735,postman,help,why do i have to sign in every day to postman,https://learning.postman.com/help/faqs/account/why-do-i-have-to-sign-in-every-day-to-postman,indexed,False,not_implemented
PM-0736,postman,help,how to delete my postman account,https://learning.postman.com/help/faqs/account/how-to-delete-my-postman-account,indexed,False,not_implemented
PM-0737,postman,help,how to merge two accounts,https://learning.postman.com/help/faqs/account/how-to-merge-two-accounts,indexed,False,not_implemented
PM-0738,postman,help,how to deactivate the password authentication method,https://learning.postman.com/help/faqs/account/how-to-deactivate-the-password-authentication-method,indexed,False,not_implemented
PM-0739,postman,help,how to delete my account data,https://learning.postman.com/help/faqs/account/how-to-delete-my-account-data,indexed,False,not_implemented
PM-0740,postman,help,how to unsubscribe from postman emails,https://learning.postman.com/help/faqs/account/how-to-unsubscribe-from-postman-emails,indexed,False,not_implemented
PM-0741,postman,help,how to reset my password,https://learning.postman.com/help/faqs/account/how-to-reset-my-password,indexed,False,not_implemented
PM-0742,postman,help,how to turn on two factor authentication,https://learning.postman.com/help/faqs/account/how-to-turn-on-two-factor-authentication,indexed,False,not_implemented
PM-0743,postman,help,how to remove google authentication,https://learning.postman.com/help/faqs/account/how-to-remove-google-authentication,indexed,False,not_implemented
PM-0744,postman,help,how to merge two teams,https://learning.postman.com/help/faqs/teams/how-to-merge-two-teams,indexed,False,not_implemented
PM-0745,postman,help,how do i assign collection roles to team members,https://learning.postman.com/help/faqs/teams/how-do-i-assign-collection-roles-to-team-members,indexed,False,not_implemented
PM-0746,postman,help,how to set up postman with okta,https://learning.postman.com/help/faqs/teams/how-to-set-up-postman-with-okta,indexed,False,not_implemented
PM-0747,postman,help,how do i remove indexed postman content from google,https://learning.postman.com/help/faqs/collections-and-workspaces/how-do-i-remove-indexed-postman-content-from-google,indexed,False,not_implemented
PM-0748,postman,help,how to find the id of an element in postman,https://learning.postman.com/help/faqs/collections-and-workspaces/how-to-find-the-id-of-an-element-in-postman,indexed,False,not_implemented
PM-0749,postman,help,how to restore a deleted collection,https://learning.postman.com/help/faqs/collections-and-workspaces/how-to-restore-a-deleted-collection,indexed,False,not_implemented
PM-0750,postman,help,how to restore deleted folders,https://learning.postman.com/help/faqs/collections-and-workspaces/how-to-restore-deleted-folders,indexed,False,not_implemented
PM-0751,postman,help,how to recover a collection that was moved to another workspace,https://learning.postman.com/help/faqs/collections-and-workspaces/how-to-recover-a-collection-that-was-moved-to-another-workspace,indexed,False,not_implemented
PM-0752,postman,help,how to dynamically set the initial value for a variable,https://learning.postman.com/help/faqs/sending-requests/how-to-dynamically-set-the-initial-value-for-a-variable,indexed,False,not_implemented
PM-0753,postman,help,how to persist variable values,https://learning.postman.com/help/faqs/sending-requests/how-to-persist-variable-values,indexed,False,not_implemented
PM-0754,postman,help,how to dynamically update multiple requests,https://learning.postman.com/help/faqs/sending-requests/how-to-dynamically-update-multiple-requests,indexed,False,not_implemented
PM-0755,postman,help,how to add a proxy to the operating system,https://learning.postman.com/help/faqs/sending-requests/how-to-add-a-proxy-to-the-operating-system,indexed,False,not_implemented
PM-0756,postman,help,im experiencing a long response time,https://learning.postman.com/help/faqs/sending-requests/im-experiencing-a-long-response-time,indexed,False,not_implemented
PM-0757,postman,help,how to install newman,https://learning.postman.com/help/faqs/sending-requests/how-to-install-newman,indexed,False,not_implemented
PM-0758,postman,help,how to use cookies in scripts,https://learning.postman.com/help/faqs/sending-requests/how-to-use-cookies-in-scripts,indexed,False,not_implemented
PM-0759,postman,help,how to save a response as a variable and reuse it for another api call,https://learning.postman.com/help/faqs/sending-requests/how-to-save-a-response-as-a-variable-and-reuse-it-for-another-api-call,indexed,False,not_implemented
PM-0760,postman,help,my postbot limit didnt get updated,https://learning.postman.com/help/faqs/troubleshooting/my-postbot-limit-didnt-get-updated,indexed,False,not_implemented
PM-0761,postman,help,i lost my data after migrating from the scratch pad,https://learning.postman.com/help/faqs/troubleshooting/i-lost-my-data-after-migrating-from-the-scratch-pad,indexed,False,not_implemented
PM-0762,postman,help,how to remove local data,https://learning.postman.com/help/faqs/troubleshooting/how-to-remove-local-data,indexed,False,not_implemented
PM-0763,postman,help,how to open my logs directory,https://learning.postman.com/help/faqs/troubleshooting/how-to-open-my-logs-directory,indexed,False,not_implemented
PM-0764,postman,help,how to get logs from the postman web app,https://learning.postman.com/help/faqs/troubleshooting/how-to-get-logs-from-the-postman-web-app,indexed,False,not_implemented
PM-0765,postman,help,how to get logs from the postman desktop app,https://learning.postman.com/help/faqs/troubleshooting/how-to-get-logs-from-the-postman-desktop-app,indexed,False,not_implemented
PM-0766,postman,help,can i limit visibility on postman documentation,https://learning.postman.com/help/faqs/documenting-an-api/can-i-limit-visibility-on-postman-documentation,indexed,False,not_implemented
PM-0767,postman,help,how to stop making my collection public,https://learning.postman.com/help/faqs/documenting-an-api/how-to-stop-making-my-collection-public,indexed,False,not_implemented
PM-0768,postman,help,how often do the view counts get updated on the api network,https://learning.postman.com/help/faqs/documenting-an-api/how-often-do-the-view-counts-get-updated-on-the-api-network,indexed,False,not_implemented
PM-0769,postman,help,is published documentation searchable in google and other search engines,https://learning.postman.com/help/faqs/documenting-an-api/is-published-documentation-searchable-in-google-and-other-search-engines,indexed,False,not_implemented
PM-0770,postman,help,can i use my grpc mock server outside of postman,https://learning.postman.com/help/faqs/postman-configuration/can-i-use-my-grpc-mock-server-outside-of-postman,indexed,False,not_implemented
PM-0771,postman,help,can i install postman using an msi or pkg package,https://learning.postman.com/help/faqs/postman-configuration/can-i-install-postman-using-an-msi-or-pkg-package,indexed,False,not_implemented
PM-0772,postman,help,what ip ranges does postman use to send requests,https://learning.postman.com/help/faqs/postman-configuration/what-ip-ranges-does-postman-use-to-send-requests,indexed,False,not_implemented
PM-0773,postman,help,how to access export audit logs,https://learning.postman.com/help/faqs/postman-configuration/how-to-access-export-audit-logs,indexed,False,not_implemented
PM-0774,postman,help,what to expect from the deprecated versions of postman desktop app v7 and v8,https://learning.postman.com/help/faqs/postman-configuration/what-to-expect-from-the-deprecated-versions-of-postman-desktop-app-v7-and-v8,indexed,False,not_implemented
PM-0775,postman,help,how to connect postman to a database,https://learning.postman.com/help/faqs/postman-configuration/how-to-connect-postman-to-a-database,indexed,False,not_implemented
PM-0776,postman,help,can i use postman locally,https://learning.postman.com/help/faqs/postman-configuration/can-i-use-postman-locally,indexed,False,not_implemented
PM-0777,postman,help,how to submit a feature request,https://learning.postman.com/help/faqs/contributing-to-postman/how-to-submit-a-feature-request,indexed,False,not_implemented
PM-0778,postman,help,postman ai resources,https://learning.postman.com/help/faqs/security-and-compliance/postman-ai-resources,indexed,False,not_implemented
PM-0779,postman,help,what data does postman collect,https://learning.postman.com/help/faqs/security-and-compliance/what-data-does-postman-collect,indexed,False,not_implemented
PM-0780,postman,help,can i use postman for commercial use,https://learning.postman.com/help/faqs/security-and-compliance/can-i-use-postman-for-commercial-use,indexed,False,not_implemented
PM-0781,postman,help,protect your information from credential stuffing attacks,https://learning.postman.com/help/faqs/security-and-compliance/protect-your-information-from-credential-stuffing-attacks,indexed,False,not_implemented
PM-0782,postman,help,how to play postman api first journey,https://learning.postman.com/help/faqs/postman-game/how-to-play-postman-api-first-journey,indexed,False,not_implemented
PM-0783,postman,help,overview,https://learning.postman.com/help/resolve-issues/overview,indexed,False,not_implemented
PM-0784,postman,help,i cant use postbot,https://learning.postman.com/help/resolve-issues/postbot/i-cant-use-postbot,indexed,False,not_implemented
PM-0785,postman,help,i am having trouble adding a favicon,https://learning.postman.com/help/resolve-issues/documenting-an-api/i-am-having-trouble-adding-a-favicon,indexed,False,not_implemented
PM-0786,postman,help,im having trouble adding a custom domain,https://learning.postman.com/help/resolve-issues/documenting-an-api/im-having-trouble-adding-a-custom-domain,indexed,False,not_implemented
PM-0787,postman,help,how to delete uploaded files in tests and requests,https://learning.postman.com/help/resolve-issues/postman-app/how-to-delete-uploaded-files-in-tests-and-requests,indexed,False,not_implemented
PM-0788,postman,help,i lost my environment variables after migrating from the scratch pad,https://learning.postman.com/help/resolve-issues/postman-app/i-lost-my-environment-variables-after-migrating-from-the-scratch-pad,indexed,False,not_implemented
PM-0789,postman,help,i lost my requests after migrating from the scratch pad,https://learning.postman.com/help/resolve-issues/postman-app/i-lost-my-requests-after-migrating-from-the-scratch-pad,indexed,False,not_implemented
PM-0790,postman,help,no requests captured error while capturing proxy,https://learning.postman.com/help/resolve-issues/postman-app/no-requests-captured-error-while-capturing-proxy,indexed,False,not_implemented
PM-0791,postman,help,i am having trouble adding client certificates,https://learning.postman.com/help/resolve-issues/postman-app/i-am-having-trouble-adding-client-certificates,indexed,False,not_implemented
PM-0792,postman,help,i am seeing the error request not found or collection not found,https://learning.postman.com/help/resolve-issues/postman-app/i-am-seeing-the-error-request-not-found-or-collection-not-found,indexed,False,not_implemented
PM-0793,postman,help,unable to load data,https://learning.postman.com/help/resolve-issues/postman-app/unable-to-load-data,indexed,False,not_implemented
PM-0794,postman,help,im having trouble with the desktop agent,https://learning.postman.com/help/resolve-issues/postman-app/im-having-trouble-with-the-desktop-agent,indexed,False,not_implemented
PM-0795,postman,help,my monitor is not using variables,https://learning.postman.com/help/resolve-issues/postman-app/my-monitor-is-not-using-variables,indexed,False,not_implemented
PM-0796,postman,help,postman is stuck on the load screen,https://learning.postman.com/help/resolve-issues/postman-app/postman-is-stuck-on-the-load-screen,indexed,False,not_implemented
PM-0797,postman,help,im having trouble with the interceptor,https://learning.postman.com/help/resolve-issues/postman-app/im-having-trouble-with-the-interceptor,indexed,False,not_implemented
PM-0798,postman,help,troubleshooting steps for postman desktop issues,https://learning.postman.com/help/resolve-issues/postman-app/troubleshooting-steps-for-postman-desktop-issues,indexed,False,not_implemented
PM-0799,postman,help,i am having trouble running my monitor,https://learning.postman.com/help/resolve-issues/postman-app/i-am-having-trouble-running-my-monitor,indexed,False,not_implemented
PM-0800,postman,help,requests to my mock servers arent returning the expected response,https://learning.postman.com/help/resolve-issues/postman-app/requests-to-my-mock-servers-arent-returning-the-expected-response,indexed,False,not_implemented
PM-0801,postman,help,i cant see my collections list,https://learning.postman.com/help/resolve-issues/postman-app/i-cant-see-my-collections-list,indexed,False,not_implemented
PM-0802,postman,help,i receive an econnrefused error,https://learning.postman.com/help/resolve-issues/sending-requests/i-receive-an-econnrefused-error,indexed,False,not_implemented
PM-0803,postman,help,fixing an econnreset error,https://learning.postman.com/help/resolve-issues/sending-requests/fixing-an-econnreset-error,indexed,False,not_implemented
PM-0804,postman,help,fixing a 404 not found error response,https://learning.postman.com/help/resolve-issues/sending-requests/fixing-a-404-not-found-error-response,indexed,False,not_implemented
PM-0805,postman,help,fixing etimedout error,https://learning.postman.com/help/resolve-issues/sending-requests/fixing-etimedout-error,indexed,False,not_implemented
PM-0806,postman,help,fixing a 500 internal server error response,https://learning.postman.com/help/resolve-issues/sending-requests/fixing-a-500-internal-server-error-response,indexed,False,not_implemented
PM-0807,postman,help,fixing a 400 bad request error,https://learning.postman.com/help/resolve-issues/sending-requests/fixing-a-400-bad-request-error,indexed,False,not_implemented
PM-0808,postman,help,fixing the error client network socket disconnected before secure tls,https://learning.postman.com/help/resolve-issues/sending-requests/fixing-the-error-client-network-socket-disconnected-before-secure-tls,indexed,False,not_implemented
PM-0809,postman,help,fixing a 401 unauthorized response error,https://learning.postman.com/help/resolve-issues/sending-requests/fixing-a-401-unauthorized-response-error,indexed,False,not_implemented
PM-0810,postman,help,receiving 401 response trying to add user with postman api,https://learning.postman.com/help/resolve-issues/sending-requests/receiving-401-response-trying-to-add-user-with-postman-api,indexed,False,not_implemented
PM-0811,postman,help,i am having trouble sending requests,https://learning.postman.com/help/resolve-issues/sending-requests/i-am-having-trouble-sending-requests,indexed,False,not_implemented
PM-0812,postman,help,fixing a cors error,https://learning.postman.com/help/resolve-issues/sending-requests/fixing-a-cors-error,indexed,False,not_implemented
PM-0813,postman,help,i am receiving a rate limit error,https://learning.postman.com/help/resolve-issues/sending-requests/i-am-receiving-a-rate-limit-error,indexed,False,not_implemented
PM-0814,postman,help,my request is redirected to a get request,https://learning.postman.com/help/resolve-issues/sending-requests/my-request-is-redirected-to-a-get-request,indexed,False,not_implemented
PM-0815,postman,help,i get the error youve exhausted all available runs,https://learning.postman.com/help/resolve-issues/collections-and-workspaces/i-get-the-error-youve-exhausted-all-available-runs,indexed,False,not_implemented
PM-0816,postman,help,i cant see my mock server logs history,https://learning.postman.com/help/resolve-issues/collections-and-workspaces/i-cant-see-my-mock-server-logs-history,indexed,False,not_implemented
PM-0817,postman,help,i am having trouble submitting a pull request from my workspace,https://learning.postman.com/help/resolve-issues/collections-and-workspaces/i-am-having-trouble-submitting-a-pull-request-from-my-workspace,indexed,False,not_implemented
PM-0818,postman,help,i lost my postman data,https://learning.postman.com/help/resolve-issues/collections-and-workspaces/i-lost-my-postman-data,indexed,False,not_implemented
PM-0819,postman,help,i lost my environment,https://learning.postman.com/help/resolve-issues/collections-and-workspaces/i-lost-my-environment,indexed,False,not_implemented
PM-0820,postman,help,fixing something went wrong error,https://learning.postman.com/help/resolve-issues/teams/fixing-something-went-wrong-error,indexed,False,not_implemented
PM-0821,postman,help,i am locked out of using the latest version of postman,https://learning.postman.com/help/resolve-issues/teams/i-am-locked-out-of-using-the-latest-version-of-postman,indexed,False,not_implemented
PM-0822,postman,help,im having trouble accepting the invite to join my team,https://learning.postman.com/help/resolve-issues/teams/im-having-trouble-accepting-the-invite-to-join-my-team,indexed,False,not_implemented
PM-0823,postman,help,i cant enable scim provisioning for my team,https://learning.postman.com/help/resolve-issues/teams/i-cant-enable-scim-provisioning-for-my-team,indexed,False,not_implemented
PM-0824,postman,help,im having trouble joining my team,https://learning.postman.com/help/resolve-issues/teams/im-having-trouble-joining-my-team,indexed,False,not_implemented
PM-0825,postman,help,im having trouble accessing my team with sso,https://learning.postman.com/help/resolve-issues/teams/im-having-trouble-accessing-my-team-with-sso,indexed,False,not_implemented
PM-0826,postman,help,i cant update my email for sso,https://learning.postman.com/help/resolve-issues/account/i-cant-update-my-email-for-sso,indexed,False,not_implemented
PM-0827,postman,help,i am seeing an error saying that my postman account has been deactivated,https://learning.postman.com/help/resolve-issues/account/i-am-seeing-an-error-saying-that-my-postman-account-has-been-deactivated,indexed,False,not_implemented
PM-0828,postman,help,seeing a jit error when trying to access my team with sso,https://learning.postman.com/help/resolve-issues/account/seeing-a-jit-error-when-trying-to-access-my-team-with-sso,indexed,False,not_implemented
PM-0829,postman,help,i dont receive the password reset email,https://learning.postman.com/help/resolve-issues/account/i-dont-receive-the-password-reset-email,indexed,False,not_implemented
PM-0830,postman,help,i forgot my username,https://learning.postman.com/help/resolve-issues/account/i-forgot-my-username,indexed,False,not_implemented
PM-0831,postman,help,im not receiving the verification email,https://learning.postman.com/help/resolve-issues/account/im-not-receiving-the-verification-email,indexed,False,not_implemented
PM-0832,postman,help,my session has expired,https://learning.postman.com/help/resolve-issues/account/my-session-has-expired,indexed,False,not_implemented
PM-0833,postman,help,fixing the error that usernames been taken,https://learning.postman.com/help/resolve-issues/account/fixing-the-error-that-usernames-been-taken,indexed,False,not_implemented
PM-0834,postman,help,i am having trouble accessing my postman account,https://learning.postman.com/help/resolve-issues/account/i-am-having-trouble-accessing-my-postman-account,indexed,False,not_implemented
PM-0835,postman,help,overview,https://learning.postman.com/help/billing-and-payment/overview,indexed,False,not_implemented
PM-0836,postman,help,ai credits faq,https://learning.postman.com/help/billing-and-payment/general/ai-credits-faq,indexed,False,not_implemented
PM-0837,postman,help,how to stop auto renewal for your postman subscription,https://learning.postman.com/help/billing-and-payment/general/how-to-stop-auto-renewal-for-your-postman-subscription,indexed,False,not_implemented
PM-0838,postman,help,what is auto flex,https://learning.postman.com/help/billing-and-payment/general/what-is-auto-flex,indexed,False,not_implemented
PM-0839,postman,help,how to become a postman partner,https://learning.postman.com/help/billing-and-payment/general/how-to-become-a-postman-partner,indexed,False,not_implemented
PM-0840,postman,help,how to get copies of an invoice,https://learning.postman.com/help/billing-and-payment/general/how-to-get-copies-of-an-invoice,indexed,False,not_implemented
PM-0841,postman,help,how to get the admin and billing roles,https://learning.postman.com/help/billing-and-payment/general/how-to-get-the-admin-and-billing-roles,indexed,False,not_implemented
PM-0842,postman,help,how to update team billing details,https://learning.postman.com/help/billing-and-payment/general/how-to-update-team-billing-details,indexed,False,not_implemented
PM-0843,postman,help,how to remove an add on,https://learning.postman.com/help/billing-and-payment/general/how-to-remove-an-add-on,indexed,False,not_implemented
PM-0844,postman,help,how to purchase postbot,https://learning.postman.com/help/billing-and-payment/general/how-to-purchase-postbot,indexed,False,not_implemented
PM-0845,postman,help,how to change my team size,https://learning.postman.com/help/billing-and-payment/general/how-to-change-my-team-size,indexed,False,not_implemented
PM-0846,postman,help,i cant update my payment details,https://learning.postman.com/help/billing-and-payment/general/i-cant-update-my-payment-details,indexed,False,not_implemented
PM-0847,postman,help,how to cancel my postman subscription,https://learning.postman.com/help/billing-and-payment/general/how-to-cancel-my-postman-subscription,indexed,False,not_implemented
PM-0848,postman,help,how to get a quote,https://learning.postman.com/help/billing-and-payment/general/how-to-get-a-quote,indexed,False,not_implemented
PM-0849,postman,help,how to resolve the error sorry your access is blocked,https://learning.postman.com/help/billing-and-payment/general/how-to-resolve-the-error-sorry-your-access-is-blocked,indexed,False,not_implemented
PM-0850,postman,help,my credit card got declined,https://learning.postman.com/help/billing-and-payment/general/my-credit-card-got-declined,indexed,False,not_implemented
PM-0851,postman,help,how is monitoring usage billed,https://learning.postman.com/help/billing-and-payment/general/how-is-monitoring-usage-billed,indexed,False,not_implemented
PM-0852,postman,api-docs,api reference,https://learning.postman.com/api-docs/api-reference,indexed,False,not_implemented
PM-0853,postman,api-docs,get analytics data,https://learning.postman.com/api-docs/api-reference/analytics/get-analytics-data,indexed,False,not_implemented
PM-0854,postman,api-docs,get analytics metadata,https://learning.postman.com/api-docs/api-reference/analytics/get-analytics-metadata,indexed,False,not_implemented
PM-0855,postman,api-docs,get apis,https://learning.postman.com/api-docs/api-reference/ap-is/get-apis,indexed,False,not_implemented
PM-0856,postman,api-docs,create api,https://learning.postman.com/api-docs/api-reference/ap-is/create-api,indexed,False,not_implemented
PM-0857,postman,api-docs,get api,https://learning.postman.com/api-docs/api-reference/ap-is/get-api,indexed,False,not_implemented
PM-0858,postman,api-docs,update api,https://learning.postman.com/api-docs/api-reference/ap-is/update-api,indexed,False,not_implemented
PM-0859,postman,api-docs,delete api,https://learning.postman.com/api-docs/api-reference/ap-is/delete-api,indexed,False,not_implemented
PM-0860,postman,api-docs,add api collection,https://learning.postman.com/api-docs/api-reference/ap-is/add-api-collection,indexed,False,not_implemented
PM-0861,postman,api-docs,get api collection,https://learning.postman.com/api-docs/api-reference/ap-is/get-api-collection,indexed,False,not_implemented
PM-0862,postman,api-docs,get api collection comments,https://learning.postman.com/api-docs/api-reference/ap-is/get-api-collection-comments,indexed,False,not_implemented
PM-0863,postman,api-docs,create api collection comment,https://learning.postman.com/api-docs/api-reference/ap-is/create-api-collection-comment,indexed,False,not_implemented
PM-0864,postman,api-docs,update api collection comment,https://learning.postman.com/api-docs/api-reference/ap-is/update-api-collection-comment,indexed,False,not_implemented
PM-0865,postman,api-docs,delete api collection comment,https://learning.postman.com/api-docs/api-reference/ap-is/delete-api-collection-comment,indexed,False,not_implemented
PM-0866,postman,api-docs,sync collection with schema,https://learning.postman.com/api-docs/api-reference/ap-is/sync-collection-with-schema,indexed,False,not_implemented
PM-0867,postman,api-docs,get api comments,https://learning.postman.com/api-docs/api-reference/ap-is/get-api-comments,indexed,False,not_implemented
PM-0868,postman,api-docs,create api comment,https://learning.postman.com/api-docs/api-reference/ap-is/create-api-comment,indexed,False,not_implemented
PM-0869,postman,api-docs,update api comment,https://learning.postman.com/api-docs/api-reference/ap-is/update-api-comment,indexed,False,not_implemented
PM-0870,postman,api-docs,delete api comment,https://learning.postman.com/api-docs/api-reference/ap-is/delete-api-comment,indexed,False,not_implemented
PM-0871,postman,api-docs,create api schema,https://learning.postman.com/api-docs/api-reference/ap-is/create-api-schema,indexed,False,not_implemented
PM-0872,postman,api-docs,get api schema,https://learning.postman.com/api-docs/api-reference/ap-is/get-api-schema,indexed,False,not_implemented
PM-0873,postman,api-docs,get api schema files,https://learning.postman.com/api-docs/api-reference/ap-is/get-api-schema-files,indexed,False,not_implemented
PM-0874,postman,api-docs,get api schema file contents,https://learning.postman.com/api-docs/api-reference/ap-is/get-api-schema-file-contents,indexed,False,not_implemented
PM-0875,postman,api-docs,create update api schema file,https://learning.postman.com/api-docs/api-reference/ap-is/create-update-api-schema-file,indexed,False,not_implemented
PM-0876,postman,api-docs,delete api schema file,https://learning.postman.com/api-docs/api-reference/ap-is/delete-api-schema-file,indexed,False,not_implemented
PM-0877,postman,api-docs,get status of an async api task,https://learning.postman.com/api-docs/api-reference/ap-is/get-status-of-an-async-api-task,indexed,False,not_implemented
PM-0878,postman,api-docs,get api versions,https://learning.postman.com/api-docs/api-reference/ap-is/get-api-versions,indexed,False,not_implemented
PM-0879,postman,api-docs,create api version,https://learning.postman.com/api-docs/api-reference/ap-is/create-api-version,indexed,False,not_implemented
PM-0880,postman,api-docs,get api version,https://learning.postman.com/api-docs/api-reference/ap-is/get-api-version,indexed,False,not_implemented
PM-0881,postman,api-docs,update api version,https://learning.postman.com/api-docs/api-reference/ap-is/update-api-version,indexed,False,not_implemented
PM-0882,postman,api-docs,delete api version,https://learning.postman.com/api-docs/api-reference/ap-is/delete-api-version,indexed,False,not_implemented
PM-0883,postman,api-docs,get api catalog discovery services,https://learning.postman.com/api-docs/api-reference/api-catalog/get-api-catalog-discovery-services,indexed,False,not_implemented
PM-0884,postman,api-docs,post api catalog discovery services,https://learning.postman.com/api-docs/api-reference/api-catalog/post-api-catalog-discovery-services,indexed,False,not_implemented
PM-0885,postman,api-docs,get api catalog discovery service,https://learning.postman.com/api-docs/api-reference/api-catalog/get-api-catalog-discovery-service,indexed,False,not_implemented
PM-0886,postman,api-docs,get api catalog services,https://learning.postman.com/api-docs/api-reference/api-catalog/get-api-catalog-services,indexed,False,not_implemented
PM-0887,postman,api-docs,get api catalog service,https://learning.postman.com/api-docs/api-reference/api-catalog/get-api-catalog-service,indexed,False,not_implemented
PM-0888,postman,api-docs,get api catalog service endpoints,https://learning.postman.com/api-docs/api-reference/api-catalog/get-api-catalog-service-endpoints,indexed,False,not_implemented
PM-0889,postman,api-docs,get api catalog service monitor runs,https://learning.postman.com/api-docs/api-reference/api-catalog/get-api-catalog-service-monitor-runs,indexed,False,not_implemented
PM-0890,postman,api-docs,get api catalog service specification lints,https://learning.postman.com/api-docs/api-reference/api-catalog/get-api-catalog-service-specification-lints,indexed,False,not_implemented
PM-0891,postman,api-docs,get api catalog service ci runs,https://learning.postman.com/api-docs/api-reference/api-catalog/get-api-catalog-service-ci-runs,indexed,False,not_implemented
PM-0892,postman,api-docs,get api catalog system environments,https://learning.postman.com/api-docs/api-reference/api-catalog/get-api-catalog-system-environments,indexed,False,not_implemented
PM-0893,postman,api-docs,create api catalog system environment,https://learning.postman.com/api-docs/api-reference/api-catalog/create-api-catalog-system-environment,indexed,False,not_implemented
PM-0894,postman,api-docs,get api catalog system environment,https://learning.postman.com/api-docs/api-reference/api-catalog/get-api-catalog-system-environment,indexed,False,not_implemented
PM-0895,postman,api-docs,update api catalog system environment,https://learning.postman.com/api-docs/api-reference/api-catalog/update-api-catalog-system-environment,indexed,False,not_implemented
PM-0896,postman,api-docs,get api catalog system environment associations,https://learning.postman.com/api-docs/api-reference/api-catalog/get-api-catalog-system-environment-associations,indexed,False,not_implemented
PM-0897,postman,api-docs,add api catalog system environment associations,https://learning.postman.com/api-docs/api-reference/api-catalog/add-api-catalog-system-environment-associations,indexed,False,not_implemented
PM-0898,postman,api-docs,remove api catalog system environment associations,https://learning.postman.com/api-docs/api-reference/api-catalog/remove-api-catalog-system-environment-associations,indexed,False,not_implemented
PM-0899,postman,api-docs,get all custom functions,https://learning.postman.com/api-docs/api-reference/api-governance/get-all-custom-functions,indexed,False,not_implemented
PM-0900,postman,api-docs,create custom function,https://learning.postman.com/api-docs/api-reference/api-governance/create-custom-function,indexed,False,not_implemented
PM-0901,postman,api-docs,get custom function,https://learning.postman.com/api-docs/api-reference/api-governance/get-custom-function,indexed,False,not_implemented
PM-0902,postman,api-docs,delete custom function,https://learning.postman.com/api-docs/api-reference/api-governance/delete-custom-function,indexed,False,not_implemented
PM-0903,postman,api-docs,update custom function,https://learning.postman.com/api-docs/api-reference/api-governance/update-custom-function,indexed,False,not_implemented
PM-0904,postman,api-docs,get all governance groups,https://learning.postman.com/api-docs/api-reference/api-governance/get-all-governance-groups,indexed,False,not_implemented
PM-0905,postman,api-docs,create governance group,https://learning.postman.com/api-docs/api-reference/api-governance/create-governance-group,indexed,False,not_implemented
PM-0906,postman,api-docs,delete governance group,https://learning.postman.com/api-docs/api-reference/api-governance/delete-governance-group,indexed,False,not_implemented
PM-0907,postman,api-docs,update governance group,https://learning.postman.com/api-docs/api-reference/api-governance/update-governance-group,indexed,False,not_implemented
PM-0908,postman,api-docs,get governance group assignments,https://learning.postman.com/api-docs/api-reference/api-governance/get-governance-group-assignments,indexed,False,not_implemented
PM-0909,postman,api-docs,get governance group workspaces,https://learning.postman.com/api-docs/api-reference/api-governance/get-governance-group-workspaces,indexed,False,not_implemented
PM-0910,postman,api-docs,update governance group workspaces,https://learning.postman.com/api-docs/api-reference/api-governance/update-governance-group-workspaces,indexed,False,not_implemented
PM-0911,postman,api-docs,get all rulesets,https://learning.postman.com/api-docs/api-reference/api-governance/get-all-rulesets,indexed,False,not_implemented
PM-0912,postman,api-docs,create ruleset,https://learning.postman.com/api-docs/api-reference/api-governance/create-ruleset,indexed,False,not_implemented
PM-0913,postman,api-docs,get ruleset,https://learning.postman.com/api-docs/api-reference/api-governance/get-ruleset,indexed,False,not_implemented
PM-0914,postman,api-docs,delete ruleset,https://learning.postman.com/api-docs/api-reference/api-governance/delete-ruleset,indexed,False,not_implemented
PM-0915,postman,api-docs,update ruleset,https://learning.postman.com/api-docs/api-reference/api-governance/update-ruleset,indexed,False,not_implemented
PM-0916,postman,api-docs,get ruleset assignments,https://learning.postman.com/api-docs/api-reference/api-governance/get-ruleset-assignments,indexed,False,not_implemented
PM-0917,postman,api-docs,create ruleset assignment,https://learning.postman.com/api-docs/api-reference/api-governance/create-ruleset-assignment,indexed,False,not_implemented
PM-0918,postman,api-docs,delete ruleset assignment,https://learning.postman.com/api-docs/api-reference/api-governance/delete-ruleset-assignment,indexed,False,not_implemented
PM-0919,postman,api-docs,schema security validation,https://learning.postman.com/api-docs/api-reference/api-governance/schema-security-validation,indexed,False,not_implemented
PM-0920,postman,api-docs,get audit logs,https://learning.postman.com/api-docs/api-reference/audit-logs/get-audit-logs,indexed,False,not_implemented
PM-0921,postman,api-docs,get audit log event actions,https://learning.postman.com/api-docs/api-reference/audit-logs/get-audit-log-event-actions,indexed,False,not_implemented
PM-0922,postman,api-docs,get accounts,https://learning.postman.com/api-docs/api-reference/billing/get-accounts,indexed,False,not_implemented
PM-0923,postman,api-docs,get account invoices,https://learning.postman.com/api-docs/api-reference/billing/get-account-invoices,indexed,False,not_implemented
PM-0924,postman,api-docs,get collection access keys,https://learning.postman.com/api-docs/api-reference/collection-access-keys/get-collection-access-keys,indexed,False,not_implemented
PM-0925,postman,api-docs,delete collection access key,https://learning.postman.com/api-docs/api-reference/collection-access-keys/delete-collection-access-key,indexed,False,not_implemented
PM-0926,postman,api-docs,get folder comments,https://learning.postman.com/api-docs/api-reference/collection-folders/get-folder-comments,indexed,False,not_implemented
PM-0927,postman,api-docs,create folder comment,https://learning.postman.com/api-docs/api-reference/collection-folders/create-folder-comment,indexed,False,not_implemented
PM-0928,postman,api-docs,update folder comment,https://learning.postman.com/api-docs/api-reference/collection-folders/update-folder-comment,indexed,False,not_implemented
PM-0929,postman,api-docs,delete folder comment,https://learning.postman.com/api-docs/api-reference/collection-folders/delete-folder-comment,indexed,False,not_implemented
PM-0930,postman,api-docs,create collection folder,https://learning.postman.com/api-docs/api-reference/collection-items/create-collection-folder,indexed,False,not_implemented
PM-0931,postman,api-docs,create collection request,https://learning.postman.com/api-docs/api-reference/collection-items/create-collection-request,indexed,False,not_implemented
PM-0932,postman,api-docs,create collection response,https://learning.postman.com/api-docs/api-reference/collection-items/create-collection-response,indexed,False,not_implemented
PM-0933,postman,api-docs,get collection folder,https://learning.postman.com/api-docs/api-reference/collection-items/get-collection-folder,indexed,False,not_implemented
PM-0934,postman,api-docs,update collection folder,https://learning.postman.com/api-docs/api-reference/collection-items/update-collection-folder,indexed,False,not_implemented
PM-0935,postman,api-docs,delete collection folder,https://learning.postman.com/api-docs/api-reference/collection-items/delete-collection-folder,indexed,False,not_implemented
PM-0936,postman,api-docs,get collection request,https://learning.postman.com/api-docs/api-reference/collection-items/get-collection-request,indexed,False,not_implemented
PM-0937,postman,api-docs,update collection request,https://learning.postman.com/api-docs/api-reference/collection-items/update-collection-request,indexed,False,not_implemented
PM-0938,postman,api-docs,delete collection request,https://learning.postman.com/api-docs/api-reference/collection-items/delete-collection-request,indexed,False,not_implemented
PM-0939,postman,api-docs,get collection response,https://learning.postman.com/api-docs/api-reference/collection-items/get-collection-response,indexed,False,not_implemented
PM-0940,postman,api-docs,update collection response,https://learning.postman.com/api-docs/api-reference/collection-items/update-collection-response,indexed,False,not_implemented
PM-0941,postman,api-docs,delete collection response,https://learning.postman.com/api-docs/api-reference/collection-items/delete-collection-response,indexed,False,not_implemented
PM-0942,postman,api-docs,get request comments,https://learning.postman.com/api-docs/api-reference/collection-requests/get-request-comments,indexed,False,not_implemented
PM-0943,postman,api-docs,create request comment,https://learning.postman.com/api-docs/api-reference/collection-requests/create-request-comment,indexed,False,not_implemented
PM-0944,postman,api-docs,update request comment,https://learning.postman.com/api-docs/api-reference/collection-requests/update-request-comment,indexed,False,not_implemented
PM-0945,postman,api-docs,delete request comment,https://learning.postman.com/api-docs/api-reference/collection-requests/delete-request-comment,indexed,False,not_implemented
PM-0946,postman,api-docs,get response comments,https://learning.postman.com/api-docs/api-reference/collection-responses/get-response-comments,indexed,False,not_implemented
PM-0947,postman,api-docs,create response comment,https://learning.postman.com/api-docs/api-reference/collection-responses/create-response-comment,indexed,False,not_implemented
PM-0948,postman,api-docs,update response comment,https://learning.postman.com/api-docs/api-reference/collection-responses/update-response-comment,indexed,False,not_implemented
PM-0949,postman,api-docs,delete response comment,https://learning.postman.com/api-docs/api-reference/collection-responses/delete-response-comment,indexed,False,not_implemented
PM-0950,postman,api-docs,async merge pull collection fork,https://learning.postman.com/api-docs/api-reference/collections/async-merge-pull-collection-fork,indexed,False,not_implemented
PM-0951,postman,api-docs,async merge pull collection task status,https://learning.postman.com/api-docs/api-reference/collections/async-merge-pull-collection-task-status,indexed,False,not_implemented
PM-0952,postman,api-docs,get collections,https://learning.postman.com/api-docs/api-reference/collections/get-collections,indexed,False,not_implemented
PM-0953,postman,api-docs,create collection,https://learning.postman.com/api-docs/api-reference/collections/create-collection,indexed,False,not_implemented
PM-0954,postman,api-docs,get collections forked by user,https://learning.postman.com/api-docs/api-reference/collections/get-collections-forked-by-user,indexed,False,not_implemented
PM-0955,postman,api-docs,create collection fork,https://learning.postman.com/api-docs/api-reference/collections/create-collection-fork,indexed,False,not_implemented
PM-0956,postman,api-docs,merge collection fork,https://learning.postman.com/api-docs/api-reference/collections/merge-collection-fork,indexed,False,not_implemented
PM-0957,postman,api-docs,get collection,https://learning.postman.com/api-docs/api-reference/collections/get-collection,indexed,False,not_implemented
PM-0958,postman,api-docs,put collection,https://learning.postman.com/api-docs/api-reference/collections/put-collection,indexed,False,not_implemented
PM-0959,postman,api-docs,delete collection,https://learning.postman.com/api-docs/api-reference/collections/delete-collection,indexed,False,not_implemented
PM-0960,postman,api-docs,patch collection,https://learning.postman.com/api-docs/api-reference/collections/patch-collection,indexed,False,not_implemented
PM-0961,postman,api-docs,get collection comments,https://learning.postman.com/api-docs/api-reference/collections/get-collection-comments,indexed,False,not_implemented
PM-0962,postman,api-docs,create collection comment,https://learning.postman.com/api-docs/api-reference/collections/create-collection-comment,indexed,False,not_implemented
PM-0963,postman,api-docs,update collection comment,https://learning.postman.com/api-docs/api-reference/collections/update-collection-comment,indexed,False,not_implemented
PM-0964,postman,api-docs,delete collection comment,https://learning.postman.com/api-docs/api-reference/collections/delete-collection-comment,indexed,False,not_implemented
PM-0965,postman,api-docs,duplicate collection,https://learning.postman.com/api-docs/api-reference/collections/duplicate-collection,indexed,False,not_implemented
PM-0966,postman,api-docs,get collection forks,https://learning.postman.com/api-docs/api-reference/collections/get-collection-forks,indexed,False,not_implemented
PM-0967,postman,api-docs,publish documentation,https://learning.postman.com/api-docs/api-reference/collections/publish-documentation,indexed,False,not_implemented
PM-0968,postman,api-docs,unpublish documentation,https://learning.postman.com/api-docs/api-reference/collections/unpublish-documentation,indexed,False,not_implemented
PM-0969,postman,api-docs,pull collection changes,https://learning.postman.com/api-docs/api-reference/collections/pull-collection-changes,indexed,False,not_implemented
PM-0970,postman,api-docs,get collection pull requests,https://learning.postman.com/api-docs/api-reference/collections/get-collection-pull-requests,indexed,False,not_implemented
PM-0971,postman,api-docs,create collection pull request,https://learning.postman.com/api-docs/api-reference/collections/create-collection-pull-request,indexed,False,not_implemented
PM-0972,postman,api-docs,get collection roles,https://learning.postman.com/api-docs/api-reference/collections/get-collection-roles,indexed,False,not_implemented
PM-0973,postman,api-docs,update collection roles,https://learning.postman.com/api-docs/api-reference/collections/update-collection-roles,indexed,False,not_implemented
PM-0974,postman,api-docs,get source collection status,https://learning.postman.com/api-docs/api-reference/collections/get-source-collection-status,indexed,False,not_implemented
PM-0975,postman,api-docs,transform collection to open api,https://learning.postman.com/api-docs/api-reference/collections/transform-collection-to-open-api,indexed,False,not_implemented
PM-0976,postman,api-docs,transfer collection folders,https://learning.postman.com/api-docs/api-reference/collections/transfer-collection-folders,indexed,False,not_implemented
PM-0977,postman,api-docs,transfer collection requests,https://learning.postman.com/api-docs/api-reference/collections/transfer-collection-requests,indexed,False,not_implemented
PM-0978,postman,api-docs,transfer collection responses,https://learning.postman.com/api-docs/api-reference/collections/transfer-collection-responses,indexed,False,not_implemented
PM-0979,postman,api-docs,get duplicate collection task status,https://learning.postman.com/api-docs/api-reference/collections/get-duplicate-collection-task-status,indexed,False,not_implemented
PM-0980,postman,api-docs,get collection updates tasks,https://learning.postman.com/api-docs/api-reference/collections/get-collection-updates-tasks,indexed,False,not_implemented
PM-0981,postman,api-docs,resolve comment thread,https://learning.postman.com/api-docs/api-reference/comments/resolve-comment-thread,indexed,False,not_implemented
PM-0982,postman,api-docs,get all components,https://learning.postman.com/api-docs/api-reference/components/get-all-components,indexed,False,not_implemented
PM-0983,postman,api-docs,create component,https://learning.postman.com/api-docs/api-reference/components/create-component,indexed,False,not_implemented
PM-0984,postman,api-docs,get component,https://learning.postman.com/api-docs/api-reference/components/get-component,indexed,False,not_implemented
PM-0985,postman,api-docs,update component,https://learning.postman.com/api-docs/api-reference/components/update-component,indexed,False,not_implemented
PM-0986,postman,api-docs,get component draft,https://learning.postman.com/api-docs/api-reference/components/get-component-draft,indexed,False,not_implemented
PM-0987,postman,api-docs,update component draft,https://learning.postman.com/api-docs/api-reference/components/update-component-draft,indexed,False,not_implemented
PM-0988,postman,api-docs,get component versions,https://learning.postman.com/api-docs/api-reference/components/get-component-versions,indexed,False,not_implemented
PM-0989,postman,api-docs,create component version,https://learning.postman.com/api-docs/api-reference/components/create-component-version,indexed,False,not_implemented
PM-0990,postman,api-docs,get component version,https://learning.postman.com/api-docs/api-reference/components/get-component-version,indexed,False,not_implemented
PM-0991,postman,api-docs,submit context graph ask,https://learning.postman.com/api-docs/api-reference/context-graph/submit-context-graph-ask,indexed,False,not_implemented
PM-0992,postman,api-docs,get context graph ask,https://learning.postman.com/api-docs/api-reference/context-graph/get-context-graph-ask,indexed,False,not_implemented
PM-0993,postman,api-docs,get environments,https://learning.postman.com/api-docs/api-reference/environments/get-environments,indexed,False,not_implemented
PM-0994,postman,api-docs,create environment,https://learning.postman.com/api-docs/api-reference/environments/create-environment,indexed,False,not_implemented
PM-0995,postman,api-docs,get environment,https://learning.postman.com/api-docs/api-reference/environments/get-environment,indexed,False,not_implemented
PM-0996,postman,api-docs,put environment,https://learning.postman.com/api-docs/api-reference/environments/put-environment,indexed,False,not_implemented
PM-0997,postman,api-docs,delete environment,https://learning.postman.com/api-docs/api-reference/environments/delete-environment,indexed,False,not_implemented
PM-0998,postman,api-docs,patch environment,https://learning.postman.com/api-docs/api-reference/environments/patch-environment,indexed,False,not_implemented
PM-0999,postman,api-docs,get environment forks,https://learning.postman.com/api-docs/api-reference/environments/get-environment-forks,indexed,False,not_implemented
PM-1000,postman,api-docs,fork environment,https://learning.postman.com/api-docs/api-reference/environments/fork-environment,indexed,False,not_implemented
PM-1001,postman,api-docs,merge environment fork,https://learning.postman.com/api-docs/api-reference/environments/merge-environment-fork,indexed,False,not_implemented
PM-1002,postman,api-docs,pull environment,https://learning.postman.com/api-docs/api-reference/environments/pull-environment,indexed,False,not_implemented
PM-1003,postman,api-docs,get groups,https://learning.postman.com/api-docs/api-reference/groups/get-groups,indexed,False,not_implemented
PM-1004,postman,api-docs,get group,https://learning.postman.com/api-docs/api-reference/groups/get-group,indexed,False,not_implemented
PM-1005,postman,api-docs,open api definition,https://learning.postman.com/api-docs/api-reference/import/open-api-definition,indexed,False,not_implemented
PM-1006,postman,api-docs,get mocks,https://learning.postman.com/api-docs/api-reference/mocks/get-mocks,indexed,False,not_implemented
PM-1007,postman,api-docs,create mock,https://learning.postman.com/api-docs/api-reference/mocks/create-mock,indexed,False,not_implemented
PM-1008,postman,api-docs,get mock,https://learning.postman.com/api-docs/api-reference/mocks/get-mock,indexed,False,not_implemented
PM-1009,postman,api-docs,update mock,https://learning.postman.com/api-docs/api-reference/mocks/update-mock,indexed,False,not_implemented
PM-1010,postman,api-docs,delete mock,https://learning.postman.com/api-docs/api-reference/mocks/delete-mock,indexed,False,not_implemented
PM-1011,postman,api-docs,get mock call logs,https://learning.postman.com/api-docs/api-reference/mocks/get-mock-call-logs,indexed,False,not_implemented
PM-1012,postman,api-docs,publish mock,https://learning.postman.com/api-docs/api-reference/mocks/publish-mock,indexed,False,not_implemented
PM-1013,postman,api-docs,unpublish mock,https://learning.postman.com/api-docs/api-reference/mocks/unpublish-mock,indexed,False,not_implemented
PM-1014,postman,api-docs,get mock server responses,https://learning.postman.com/api-docs/api-reference/mocks/get-mock-server-responses,indexed,False,not_implemented
PM-1015,postman,api-docs,create mock server response,https://learning.postman.com/api-docs/api-reference/mocks/create-mock-server-response,indexed,False,not_implemented
PM-1016,postman,api-docs,get mock server response,https://learning.postman.com/api-docs/api-reference/mocks/get-mock-server-response,indexed,False,not_implemented
PM-1017,postman,api-docs,update mock server response,https://learning.postman.com/api-docs/api-reference/mocks/update-mock-server-response,indexed,False,not_implemented
PM-1018,postman,api-docs,delete mock server response,https://learning.postman.com/api-docs/api-reference/mocks/delete-mock-server-response,indexed,False,not_implemented
PM-1019,postman,api-docs,get monitors,https://learning.postman.com/api-docs/api-reference/monitors/get-monitors,indexed,False,not_implemented
PM-1020,postman,api-docs,create monitor,https://learning.postman.com/api-docs/api-reference/monitors/create-monitor,indexed,False,not_implemented
PM-1021,postman,api-docs,get monitor,https://learning.postman.com/api-docs/api-reference/monitors/get-monitor,indexed,False,not_implemented
PM-1022,postman,api-docs,update monitor,https://learning.postman.com/api-docs/api-reference/monitors/update-monitor,indexed,False,not_implemented
PM-1023,postman,api-docs,delete monitor,https://learning.postman.com/api-docs/api-reference/monitors/delete-monitor,indexed,False,not_implemented
PM-1024,postman,api-docs,run monitor,https://learning.postman.com/api-docs/api-reference/monitors/run-monitor,indexed,False,not_implemented
PM-1025,postman,api-docs,get runner instances,https://learning.postman.com/api-docs/api-reference/monitors/get-runner-instances,indexed,False,not_implemented
PM-1026,postman,api-docs,get runner metrics,https://learning.postman.com/api-docs/api-reference/monitors/get-runner-metrics,indexed,False,not_implemented
PM-1027,postman,api-docs,generate oauth token,https://learning.postman.com/api-docs/api-reference/o-auth-2-0/generate-oauth-token,indexed,False,not_implemented
PM-1028,postman,api-docs,revoke oauth token,https://learning.postman.com/api-docs/api-reference/o-auth-2-0/revoke-oauth-token,indexed,False,not_implemented
PM-1029,postman,api-docs,get packages,https://learning.postman.com/api-docs/api-reference/packages/get-packages,indexed,False,not_implemented
PM-1030,postman,api-docs,create package,https://learning.postman.com/api-docs/api-reference/packages/create-package,indexed,False,not_implemented
PM-1031,postman,api-docs,get package,https://learning.postman.com/api-docs/api-reference/packages/get-package,indexed,False,not_implemented
PM-1032,postman,api-docs,delete package,https://learning.postman.com/api-docs/api-reference/packages/delete-package,indexed,False,not_implemented
PM-1033,postman,api-docs,update package,https://learning.postman.com/api-docs/api-reference/packages/update-package,indexed,False,not_implemented
PM-1034,postman,api-docs,generate tool,https://learning.postman.com/api-docs/api-reference/postbot/generate-tool,indexed,False,not_implemented
PM-1035,postman,api-docs,list private network workspaces,https://learning.postman.com/api-docs/api-reference/private-api-network/list-private-network-workspaces,indexed,False,not_implemented
PM-1036,postman,api-docs,add workspace to private network,https://learning.postman.com/api-docs/api-reference/private-api-network/add-workspace-to-private-network,indexed,False,not_implemented
PM-1037,postman,api-docs,update pan element or folder,https://learning.postman.com/api-docs/api-reference/private-api-network/update-pan-element-or-folder,indexed,False,not_implemented
PM-1038,postman,api-docs,remove workspace from private network,https://learning.postman.com/api-docs/api-reference/private-api-network/remove-workspace-from-private-network,indexed,False,not_implemented
PM-1039,postman,api-docs,list private network add requests,https://learning.postman.com/api-docs/api-reference/private-api-network/list-private-network-add-requests,indexed,False,not_implemented
PM-1040,postman,api-docs,respond private network add request,https://learning.postman.com/api-docs/api-reference/private-api-network/respond-private-network-add-request,indexed,False,not_implemented
PM-1041,postman,api-docs,get pull request,https://learning.postman.com/api-docs/api-reference/pull-requests/get-pull-request,indexed,False,not_implemented
PM-1042,postman,api-docs,update pull request,https://learning.postman.com/api-docs/api-reference/pull-requests/update-pull-request,indexed,False,not_implemented
PM-1043,postman,api-docs,review pull request,https://learning.postman.com/api-docs/api-reference/pull-requests/review-pull-request,indexed,False,not_implemented
PM-1044,postman,api-docs,get scim group resources,https://learning.postman.com/api-docs/api-reference/scim/get-scim-group-resources,indexed,False,not_implemented
PM-1045,postman,api-docs,create scim group,https://learning.postman.com/api-docs/api-reference/scim/create-scim-group,indexed,False,not_implemented
PM-1046,postman,api-docs,get scim group resource,https://learning.postman.com/api-docs/api-reference/scim/get-scim-group-resource,indexed,False,not_implemented
PM-1047,postman,api-docs,delete scim group,https://learning.postman.com/api-docs/api-reference/scim/delete-scim-group,indexed,False,not_implemented
PM-1048,postman,api-docs,update group,https://learning.postman.com/api-docs/api-reference/scim/update-group,indexed,False,not_implemented
PM-1049,postman,api-docs,get scim resource types,https://learning.postman.com/api-docs/api-reference/scim/get-scim-resource-types,indexed,False,not_implemented
PM-1050,postman,api-docs,get scim service provider config,https://learning.postman.com/api-docs/api-reference/scim/get-scim-service-provider-config,indexed,False,not_implemented
PM-1051,postman,api-docs,get scim user resources,https://learning.postman.com/api-docs/api-reference/scim/get-scim-user-resources,indexed,False,not_implemented
PM-1052,postman,api-docs,create scim user,https://learning.postman.com/api-docs/api-reference/scim/create-scim-user,indexed,False,not_implemented
PM-1053,postman,api-docs,get scim user resource,https://learning.postman.com/api-docs/api-reference/scim/get-scim-user-resource,indexed,False,not_implemented
PM-1054,postman,api-docs,update scim user,https://learning.postman.com/api-docs/api-reference/scim/update-scim-user,indexed,False,not_implemented
PM-1055,postman,api-docs,get sdks,https://learning.postman.com/api-docs/api-reference/sd-ks/get-sdks,indexed,False,not_implemented
PM-1056,postman,api-docs,create sdk,https://learning.postman.com/api-docs/api-reference/sd-ks/create-sdk,indexed,False,not_implemented
PM-1057,postman,api-docs,get sdk,https://learning.postman.com/api-docs/api-reference/sd-ks/get-sdk,indexed,False,not_implemented
PM-1058,postman,api-docs,delete sdk,https://learning.postman.com/api-docs/api-reference/sd-ks/delete-sdk,indexed,False,not_implemented
PM-1059,postman,api-docs,get sdk download url,https://learning.postman.com/api-docs/api-reference/sd-ks/get-sdk-download-url,indexed,False,not_implemented
PM-1060,postman,api-docs,get sdk git connections,https://learning.postman.com/api-docs/api-reference/sd-ks/get-sdk-git-connections,indexed,False,not_implemented
PM-1061,postman,api-docs,create sdk git connection,https://learning.postman.com/api-docs/api-reference/sd-ks/create-sdk-git-connection,indexed,False,not_implemented
PM-1062,postman,api-docs,get sdk git connection,https://learning.postman.com/api-docs/api-reference/sd-ks/get-sdk-git-connection,indexed,False,not_implemented
PM-1063,postman,api-docs,update sdk git connection,https://learning.postman.com/api-docs/api-reference/sd-ks/update-sdk-git-connection,indexed,False,not_implemented
PM-1064,postman,api-docs,get sdk git connection pull requests,https://learning.postman.com/api-docs/api-reference/sd-ks/get-sdk-git-connection-pull-requests,indexed,False,not_implemented
PM-1065,postman,api-docs,postman resources,https://learning.postman.com/api-docs/api-reference/search/postman-resources,indexed,False,not_implemented
PM-1066,postman,api-docs,detected secrets queries,https://learning.postman.com/api-docs/api-reference/secret-scanner/detected-secrets-queries,indexed,False,not_implemented
PM-1067,postman,api-docs,update detected secret resolutions,https://learning.postman.com/api-docs/api-reference/secret-scanner/update-detected-secret-resolutions,indexed,False,not_implemented
PM-1068,postman,api-docs,get detected secrets locations,https://learning.postman.com/api-docs/api-reference/secret-scanner/get-detected-secrets-locations,indexed,False,not_implemented
PM-1069,postman,api-docs,get secret types,https://learning.postman.com/api-docs/api-reference/secret-scanner/get-secret-types,indexed,False,not_implemented
PM-1070,postman,api-docs,get migration status,https://learning.postman.com/api-docs/api-reference/specs/get-migration-status,indexed,False,not_implemented
PM-1071,postman,api-docs,migrate api to spec hub,https://learning.postman.com/api-docs/api-reference/specs/migrate-api-to-spec-hub,indexed,False,not_implemented
PM-1072,postman,api-docs,get generated collection specs,https://learning.postman.com/api-docs/api-reference/specs/get-generated-collection-specs,indexed,False,not_implemented
PM-1073,postman,api-docs,generate spec from collection,https://learning.postman.com/api-docs/api-reference/specs/generate-spec-from-collection,indexed,False,not_implemented
PM-1074,postman,api-docs,sync collection with spec,https://learning.postman.com/api-docs/api-reference/specs/sync-collection-with-spec,indexed,False,not_implemented
PM-1075,postman,api-docs,get async spec task status,https://learning.postman.com/api-docs/api-reference/specs/get-async-spec-task-status,indexed,False,not_implemented
PM-1076,postman,api-docs,get all specs,https://learning.postman.com/api-docs/api-reference/specs/get-all-specs,indexed,False,not_implemented
PM-1077,postman,api-docs,create spec,https://learning.postman.com/api-docs/api-reference/specs/create-spec,indexed,False,not_implemented
PM-1078,postman,api-docs,get spec,https://learning.postman.com/api-docs/api-reference/specs/get-spec,indexed,False,not_implemented
PM-1079,postman,api-docs,delete spec,https://learning.postman.com/api-docs/api-reference/specs/delete-spec,indexed,False,not_implemented
PM-1080,postman,api-docs,update spec properties,https://learning.postman.com/api-docs/api-reference/specs/update-spec-properties,indexed,False,not_implemented
PM-1081,postman,api-docs,update spec sync options,https://learning.postman.com/api-docs/api-reference/specs/update-spec-sync-options,indexed,False,not_implemented
PM-1082,postman,api-docs,get spec definition,https://learning.postman.com/api-docs/api-reference/specs/get-spec-definition,indexed,False,not_implemented
PM-1083,postman,api-docs,get spec files,https://learning.postman.com/api-docs/api-reference/specs/get-spec-files,indexed,False,not_implemented
PM-1084,postman,api-docs,create spec file,https://learning.postman.com/api-docs/api-reference/specs/create-spec-file,indexed,False,not_implemented
PM-1085,postman,api-docs,get spec file,https://learning.postman.com/api-docs/api-reference/specs/get-spec-file,indexed,False,not_implemented
PM-1086,postman,api-docs,delete spec file,https://learning.postman.com/api-docs/api-reference/specs/delete-spec-file,indexed,False,not_implemented
PM-1087,postman,api-docs,update spec file,https://learning.postman.com/api-docs/api-reference/specs/update-spec-file,indexed,False,not_implemented
PM-1088,postman,api-docs,get spec collections,https://learning.postman.com/api-docs/api-reference/specs/get-spec-collections,indexed,False,not_implemented
PM-1089,postman,api-docs,generate collection,https://learning.postman.com/api-docs/api-reference/specs/generate-collection,indexed,False,not_implemented
PM-1090,postman,api-docs,sync spec with collection,https://learning.postman.com/api-docs/api-reference/specs/sync-spec-with-collection,indexed,False,not_implemented
PM-1091,postman,api-docs,get spec version tag,https://learning.postman.com/api-docs/api-reference/specs/get-spec-version-tag,indexed,False,not_implemented
PM-1092,postman,api-docs,get spec version tags,https://learning.postman.com/api-docs/api-reference/specs/get-spec-version-tags,indexed,False,not_implemented
PM-1093,postman,api-docs,create spec version tag,https://learning.postman.com/api-docs/api-reference/specs/create-spec-version-tag,indexed,False,not_implemented
PM-1094,postman,api-docs,get api tags,https://learning.postman.com/api-docs/api-reference/tags/get-api-tags,indexed,False,not_implemented
PM-1095,postman,api-docs,update api tags,https://learning.postman.com/api-docs/api-reference/tags/update-api-tags,indexed,False,not_implemented
PM-1096,postman,api-docs,get collection tags,https://learning.postman.com/api-docs/api-reference/tags/get-collection-tags,indexed,False,not_implemented
PM-1097,postman,api-docs,update collection tags,https://learning.postman.com/api-docs/api-reference/tags/update-collection-tags,indexed,False,not_implemented
PM-1098,postman,api-docs,get tagged entities,https://learning.postman.com/api-docs/api-reference/tags/get-tagged-entities,indexed,False,not_implemented
PM-1099,postman,api-docs,get workspace tags,https://learning.postman.com/api-docs/api-reference/tags/get-workspace-tags,indexed,False,not_implemented
PM-1100,postman,api-docs,update workspace tags,https://learning.postman.com/api-docs/api-reference/tags/update-workspace-tags,indexed,False,not_implemented
PM-1101,postman,api-docs,get teams,https://learning.postman.com/api-docs/api-reference/teams/get-teams,indexed,False,not_implemented
PM-1102,postman,api-docs,create team,https://learning.postman.com/api-docs/api-reference/teams/create-team,indexed,False,not_implemented
PM-1103,postman,api-docs,get team,https://learning.postman.com/api-docs/api-reference/teams/get-team,indexed,False,not_implemented
PM-1104,postman,api-docs,get team access requests,https://learning.postman.com/api-docs/api-reference/teams/get-team-access-requests,indexed,False,not_implemented
PM-1105,postman,api-docs,create access request,https://learning.postman.com/api-docs/api-reference/teams/create-access-request,indexed,False,not_implemented
PM-1106,postman,api-docs,approve deny access request,https://learning.postman.com/api-docs/api-reference/teams/approve-deny-access-request,indexed,False,not_implemented
PM-1107,postman,api-docs,manage team member roles,https://learning.postman.com/api-docs/api-reference/teams/manage-team-member-roles,indexed,False,not_implemented
PM-1108,postman,api-docs,remove team members,https://learning.postman.com/api-docs/api-reference/teams/remove-team-members,indexed,False,not_implemented
PM-1109,postman,api-docs,get team settings,https://learning.postman.com/api-docs/api-reference/teams/get-team-settings,indexed,False,not_implemented
PM-1110,postman,api-docs,update team settings,https://learning.postman.com/api-docs/api-reference/teams/update-team-settings,indexed,False,not_implemented
PM-1111,postman,api-docs,get authenticated user,https://learning.postman.com/api-docs/api-reference/users/get-authenticated-user,indexed,False,not_implemented
PM-1112,postman,api-docs,get team users,https://learning.postman.com/api-docs/api-reference/users/get-team-users,indexed,False,not_implemented
PM-1113,postman,api-docs,get team user,https://learning.postman.com/api-docs/api-reference/users/get-team-user,indexed,False,not_implemented
PM-1114,postman,api-docs,create webhook,https://learning.postman.com/api-docs/api-reference/webhooks/create-webhook,indexed,False,not_implemented
PM-1115,postman,api-docs,manage partner workspace invites,https://learning.postman.com/api-docs/api-reference/workspaces/manage-partner-workspace-invites,indexed,False,not_implemented
PM-1116,postman,api-docs,get workspaces,https://learning.postman.com/api-docs/api-reference/workspaces/get-workspaces,indexed,False,not_implemented
PM-1117,postman,api-docs,create workspace,https://learning.postman.com/api-docs/api-reference/workspaces/create-workspace,indexed,False,not_implemented
PM-1118,postman,api-docs,get all workspace roles,https://learning.postman.com/api-docs/api-reference/workspaces/get-all-workspace-roles,indexed,False,not_implemented
PM-1119,postman,api-docs,get workspace,https://learning.postman.com/api-docs/api-reference/workspaces/get-workspace,indexed,False,not_implemented
PM-1120,postman,api-docs,update workspace,https://learning.postman.com/api-docs/api-reference/workspaces/update-workspace,indexed,False,not_implemented
PM-1121,postman,api-docs,delete workspace,https://learning.postman.com/api-docs/api-reference/workspaces/delete-workspace,indexed,False,not_implemented
PM-1122,postman,api-docs,get workspace activity feed,https://learning.postman.com/api-docs/api-reference/workspaces/get-workspace-activity-feed,indexed,False,not_implemented
PM-1123,postman,api-docs,transfer workspace element,https://learning.postman.com/api-docs/api-reference/workspaces/transfer-workspace-element,indexed,False,not_implemented
PM-1124,postman,api-docs,get workspace global variables,https://learning.postman.com/api-docs/api-reference/workspaces/get-workspace-global-variables,indexed,False,not_implemented
PM-1125,postman,api-docs,update workspace global variables,https://learning.postman.com/api-docs/api-reference/workspaces/update-workspace-global-variables,indexed,False,not_implemented
PM-1126,postman,api-docs,get workspace roles,https://learning.postman.com/api-docs/api-reference/workspaces/get-workspace-roles,indexed,False,not_implemented
PM-1127,postman,api-docs,update workspace roles,https://learning.postman.com/api-docs/api-reference/workspaces/update-workspace-roles,indexed,False,not_implemented
PM-1128,postman,api-docs,transfer workspace to team,https://learning.postman.com/api-docs/api-reference/workspaces/transfer-workspace-to-team,indexed,False,not_implemented
PM-1129,postman,api-docs,get workspace updates,https://learning.postman.com/api-docs/api-reference/workspaces/get-workspace-updates,indexed,False,not_implemented
PM-1130,postman,api-docs,create workspace update,https://learning.postman.com/api-docs/api-reference/workspaces/create-workspace-update,indexed,False,not_implemented
PM-1131,postman,api-docs,get workspace update,https://learning.postman.com/api-docs/api-reference/workspaces/get-workspace-update,indexed,False,not_implemented
PM-1132,postman,api-docs,delete workspace update,https://learning.postman.com/api-docs/api-reference/workspaces/delete-workspace-update,indexed,False,not_implemented
PM-1133,postman,api-docs,patch workspace update,https://learning.postman.com/api-docs/api-reference/workspaces/patch-workspace-update,indexed,False,not_implemented
PM-1134,postman,flows,"Build API-first apps with Postman Flows—a visual, low-code editor",https://learning.postman.com/flows/overview,read,True,not_implemented
PM-1135,postman,flows,Get started with your Postman Flows API journey,https://learning.postman.com/flows/get-started/overview,read,True,not_implemented
PM-1136,postman,flows,Build and deploy your first flow,https://learning.postman.com/flows/get-started/build-your-first-flow,read,True,not_implemented
PM-1137,postman,flows,Manage flows with Native Git,https://learning.postman.com/flows/get-started/flows-native-git,read,True,not_implemented
PM-1138,postman,flows,Build flows overview,https://learning.postman.com/flows/build-flows/overview,read,True,not_implemented
PM-1139,postman,flows,Create blocks in Postman Flows,https://learning.postman.com/flows/build-flows/create/create-blocks,read,True,not_implemented
PM-1140,postman,flows,Connect blocks in Postman Flows,https://learning.postman.com/flows/build-flows/create/create-connections,read,True,not_implemented
PM-1141,postman,flows,Create copies of flows with clones,https://learning.postman.com/flows/build-flows/create/clone-flows,read,True,not_implemented
PM-1142,postman,flows,Loops overview,https://learning.postman.com/flows/build-flows/structure/loops/overview,read,True,not_implemented
PM-1143,postman,flows,Loops with external data,https://learning.postman.com/flows/build-flows/structure/loops/loops-external-data,read,True,not_implemented
PM-1144,postman,flows,Loops for pagination,https://learning.postman.com/flows/build-flows/structure/loops/loops-pagination,read,True,not_implemented
PM-1145,postman,flows,Loops for polling,https://learning.postman.com/flows/build-flows/structure/loops/loops-polling,read,True,not_implemented
PM-1146,postman,flows,Work with date and time formats in Postman Flows,https://learning.postman.com/flows/build-flows/structure/date-and-time,read,True,not_implemented
PM-1147,postman,flows,Find and filter data in Postman Flows,https://learning.postman.com/flows/build-flows/structure/find-and-filter-data,read,True,not_implemented
PM-1148,postman,flows,Deploy flows to the Postman cloud,https://learning.postman.com/flows/build-flows/structure/actions,read,True,not_implemented
PM-1149,postman,flows,Send URL-encoded or form data to flows,https://learning.postman.com/flows/build-flows/structure/actions-form-data,read,True,not_implemented
PM-1150,postman,flows,"Organize flows with color, annotations, and groups",https://learning.postman.com/flows/build-flows/organize/organize-flows,read,True,not_implemented
PM-1151,postman,flows,Share links to flows and embed flows in websites,https://learning.postman.com/flows/build-flows/organize/share-and-embed-flows,read,True,not_implemented
PM-1152,postman,flows,Create Postman requests and variables using Postman Flow blocks,https://learning.postman.com/flows/build-flows/configure/requests-and-variables,read,True,not_implemented
PM-1153,postman,flows,Version flows with snapshots,https://learning.postman.com/flows/build-flows/configure/snapshots,read,True,not_implemented
PM-1154,postman,flows,Configure values for flows,https://learning.postman.com/flows/build-flows/configure/configure-values-actions,read,True,not_implemented
PM-1155,postman,flows,Assign input values with scenarios,https://learning.postman.com/flows/build-flows/configure/scenarios,read,True,not_implemented
PM-1156,postman,flows,Visualize data in Postman Flows,https://learning.postman.com/flows/build-flows/analyze/visualize-data,read,True,not_implemented
PM-1157,postman,flows,Check flow health and run history,https://learning.postman.com/flows/build-flows/analyze/analytics,read,True,not_implemented
PM-1158,postman,flows,Demo your flows with slides,https://learning.postman.com/flows/build-flows/analyze/slides,read,True,not_implemented
PM-1159,postman,flows,Connect third-party services to flows,https://learning.postman.com/flows/build-flows/flows-connectors/flows-connectors,read,True,not_implemented
PM-1160,postman,flows,Use AI in Postman Flows,https://learning.postman.com/flows/build-flows/ai/overview,read,True,not_implemented
PM-1161,postman,flows,Create AI request blocks and add them to your flows,https://learning.postman.com/flows/build-flows/ai/ai-request-blocks/overview,read,True,not_implemented
PM-1162,postman,flows,Create an AI request block for your flow,https://learning.postman.com/flows/build-flows/ai/ai-request-blocks/create,read,True,not_implemented
PM-1163,postman,flows,Use your AI request block to interact with an AI model,https://learning.postman.com/flows/build-flows/ai/ai-request-blocks/interact,read,True,not_implemented
PM-1164,postman,flows,Create MCP servers with Postman Flows,https://learning.postman.com/flows/build-flows/ai/mcp-server-flows/overview,read,True,not_implemented
PM-1165,postman,flows,MCP servers in Postman Flows,https://learning.postman.com/flows/build-flows/ai/mcp-server-flows/mcp-server-flows,read,True,not_implemented
PM-1166,postman,flows,Create an MCP server with Postman Flows,https://learning.postman.com/flows/build-flows/ai/mcp-server-flows/create-mcp-server-flow,read,True,not_implemented
PM-1167,postman,flows,Evaluate AI output with evals,https://learning.postman.com/flows/build-flows/ai/evals,read,True,not_implemented
PM-1168,postman,flows,Add evals to a flow in Postman Flows,https://learning.postman.com/flows/build-flows/ai/add-evals-to-a-flow,read,True,not_implemented
PM-1169,postman,flows,Troubleshoot Postman Flows,https://learning.postman.com/flows/build-flows/troubleshoot/troubleshoot,read,True,not_implemented
PM-1170,postman,flows,Flows reference,https://learning.postman.com/flows/reference/overview,read,True,not_implemented
PM-1171,postman,flows,Blocks reference,https://learning.postman.com/flows/reference/blocks/overview,read,True,not_implemented
PM-1172,postman,flows,Action blocks overview,https://learning.postman.com/flows/reference/blocks/overview-action-blocks,read,True,not_implemented
PM-1173,postman,flows,The API Request block,https://learning.postman.com/flows/reference/blocks/api-request,read,True,not_implemented
PM-1174,postman,flows,Connector blocks,https://learning.postman.com/flows/reference/blocks/connector,read,True,not_implemented
PM-1175,postman,flows,The HTTP Request block,https://learning.postman.com/flows/reference/blocks/http-request,read,True,not_implemented
PM-1176,postman,flows,The GraphQL Request block,https://learning.postman.com/flows/reference/blocks/graphql-request,read,True,not_implemented
PM-1177,postman,flows,The Flow block,https://learning.postman.com/flows/reference/blocks/flow-module,read,True,not_implemented
PM-1178,postman,flows,Trigger blocks overview,https://learning.postman.com/flows/reference/blocks/overview-trigger-blocks,read,True,not_implemented
PM-1179,postman,flows,The Output block,https://learning.postman.com/flows/reference/blocks/output-module,read,True,not_implemented
PM-1180,postman,flows,The Request block,https://learning.postman.com/flows/reference/blocks/request,read,True,not_implemented
PM-1181,postman,flows,The Response block,https://learning.postman.com/flows/reference/blocks/response,read,True,not_implemented
PM-1182,postman,flows,The Schedule block,https://learning.postman.com/flows/reference/blocks/schedule,read,True,not_implemented
PM-1183,postman,flows,The Start block,https://learning.postman.com/flows/reference/blocks/start,read,True,not_implemented
PM-1184,postman,flows,The MCP block,https://learning.postman.com/flows/reference/blocks/mcp,read,True,not_implemented
PM-1185,postman,flows,AI blocks overview,https://learning.postman.com/flows/reference/blocks/overview-ai-blocks,read,True,not_implemented
PM-1186,postman,flows,The AI Agent block,https://learning.postman.com/flows/reference/blocks/ai-agent,read,True,not_implemented
PM-1187,postman,flows,The AI Media block,https://learning.postman.com/flows/reference/blocks/ai-media,read,True,not_implemented
PM-1188,postman,flows,The Create with AI block,https://learning.postman.com/flows/reference/blocks/create-with-ai,read,True,not_implemented
PM-1189,postman,flows,The AI Request block,https://learning.postman.com/flows/reference/blocks/ai-request,read,True,not_implemented
PM-1190,postman,flows,Logic blocks overview,https://learning.postman.com/flows/reference/blocks/overview-logic-blocks,read,True,not_implemented
PM-1191,postman,flows,The Condition block,https://learning.postman.com/flows/reference/blocks/condition,read,True,not_implemented
PM-1192,postman,flows,The If block,https://learning.postman.com/flows/reference/blocks/if,read,True,not_implemented
PM-1193,postman,flows,The Validate block,https://learning.postman.com/flows/reference/blocks/validate,read,True,not_implemented
PM-1194,postman,flows,The Evaluate block,https://learning.postman.com/flows/reference/blocks/evaluate,read,True,not_implemented
PM-1195,postman,flows,The Delay block,https://learning.postman.com/flows/reference/blocks/delay,read,True,not_implemented
PM-1196,postman,flows,The OR block,https://learning.postman.com/flows/reference/blocks/or,read,True,not_implemented
PM-1197,postman,flows,Looping blocks overview,https://learning.postman.com/flows/reference/blocks/overview-looping-blocks,read,True,not_implemented
PM-1198,postman,flows,The Repeat block,https://learning.postman.com/flows/reference/blocks/repeat,read,True,not_implemented
PM-1199,postman,flows,The For block,https://learning.postman.com/flows/reference/blocks/for,read,True,not_implemented
PM-1200,postman,flows,The Collect block,https://learning.postman.com/flows/reference/blocks/collect,read,True,not_implemented
PM-1201,postman,flows,Visualize blocks overview,https://learning.postman.com/flows/reference/blocks/overview-visualize-blocks,read,True,not_implemented
PM-1202,postman,flows,The Display block,https://learning.postman.com/flows/reference/blocks/output-display,read,True,not_implemented
PM-1203,postman,flows,The Log block,https://learning.postman.com/flows/reference/blocks/log,read,True,not_implemented
PM-1204,postman,flows,Data blocks overview,https://learning.postman.com/flows/reference/blocks/overview-data-blocks,read,True,not_implemented
PM-1205,postman,flows,The String block,https://learning.postman.com/flows/reference/blocks/string,read,True,not_implemented
PM-1206,postman,flows,The Bool block,https://learning.postman.com/flows/reference/blocks/bool,read,True,not_implemented
PM-1207,postman,flows,The Number block,https://learning.postman.com/flows/reference/blocks/number,read,True,not_implemented
PM-1208,postman,flows,The Null block,https://learning.postman.com/flows/reference/blocks/null,read,True,not_implemented
PM-1209,postman,flows,The Select block,https://learning.postman.com/flows/reference/blocks/select,read,True,not_implemented
PM-1210,postman,flows,The Now block,https://learning.postman.com/flows/reference/blocks/now,read,True,not_implemented
PM-1211,postman,flows,The Date block,https://learning.postman.com/flows/reference/blocks/date,read,True,not_implemented
PM-1212,postman,flows,The Date & Time block,https://learning.postman.com/flows/reference/blocks/date-and-time,read,True,not_implemented
PM-1213,postman,flows,The List block,https://learning.postman.com/flows/reference/blocks/list,read,True,not_implemented
PM-1214,postman,flows,The Record block,https://learning.postman.com/flows/reference/blocks/record,read,True,not_implemented
PM-1215,postman,flows,The Create Variable block,https://learning.postman.com/flows/reference/blocks/create-variable,read,True,not_implemented
PM-1216,postman,flows,The Get Variable block,https://learning.postman.com/flows/reference/blocks/get-variable,read,True,not_implemented
PM-1217,postman,flows,The Template block,https://learning.postman.com/flows/reference/blocks/template,read,True,not_implemented
PM-1218,postman,flows,The Get Configuration block,https://learning.postman.com/flows/reference/blocks/get-configuration,read,True,not_implemented
PM-1219,postman,flows,Use TypeScript in Postman Flows,https://learning.postman.com/flows/reference/typescript/typescript-overview,read,True,not_implemented
PM-1220,postman,flows,Rename headers with TypeScript in Flows,https://learning.postman.com/flows/reference/typescript/typescript-rename-headers,read,True,not_implemented
PM-1221,postman,flows,Detect a session id cookie with TypeScript in Flows,https://learning.postman.com/flows/reference/typescript/typescript-check-for-session-cookie,read,True,not_implemented
PM-1222,postman,flows,Route response data with TypeScript in Flows,https://learning.postman.com/flows/reference/typescript/typescript-health-performance-routing,read,True,not_implemented
PM-1223,postman,flows,Introduction to Flows Query Language,https://learning.postman.com/flows/reference/flows-query-language/introduction-to-fql,read,True,not_implemented
PM-1224,postman,flows,Get basic values in FQL,https://learning.postman.com/flows/reference/flows-query-language/get-basic-values,read,True,not_implemented
PM-1225,postman,flows,Use FQL conditional logic to select data,https://learning.postman.com/flows/reference/flows-query-language/conditional-data-selection,read,True,not_implemented
PM-1226,postman,flows,Return structured data in FQL,https://learning.postman.com/flows/reference/flows-query-language/return-structured-results,read,True,not_implemented
PM-1227,postman,flows,Manipulate data in FQL,https://learning.postman.com/flows/reference/flows-query-language/data-manipulation,read,True,not_implemented
PM-1228,postman,flows,FQL function reference,https://learning.postman.com/flows/reference/flows-query-language/function-reference,read,True,not_implemented
PM-1229,postman,flows,Deployed flows overview,https://learning.postman.com/flows/reference/flows-actions-overview,read,True,not_implemented
PM-1230,postman,flows,Connector blocks overview,https://learning.postman.com/flows/reference/overview-connector-blocks,read,True,not_implemented
PM-1231,postman,flows,Postman Flows Cookbook overview,https://learning.postman.com/flows/cookbook/overview,read,True,not_implemented
PM-1232,postman,flows,Use TypeScript in an Evaluate block,https://learning.postman.com/flows/cookbook/use-typescript-in-evaluate,read,True,not_implemented
PM-1233,postman,flows,Iterate through a list using a For loop,https://learning.postman.com/flows/cookbook/iterate-list-for-block,read,True,not_implemented
PM-1234,postman,flows,Select data from a complex JSON response,https://learning.postman.com/flows/cookbook/select-data-from-complex-json,read,True,not_implemented
PM-1235,postman,flows,Persist data outside a flow,https://learning.postman.com/flows/cookbook/persist-data-outside-flow,read,True,not_implemented
PM-1236,postman,flows,Use the AI Agent block as logic for a flow,https://learning.postman.com/flows/cookbook/ai-agent-as-logic,read,True,not_implemented
PM-1237,postman,flows,Learn how to use Postman Flows with tutorials,https://learning.postman.com/flows/tutorials/overview,read,True,not_implemented
PM-1238,postman,flows,Get started with beginner Flows tutorials,https://learning.postman.com/flows/tutorials/beginner/overview,read,True,not_implemented
PM-1239,postman,flows,Send a request with the HTTP Request block,https://learning.postman.com/flows/tutorials/beginner/send-request,read,True,not_implemented
PM-1240,postman,flows,Calculate the years since a milestone,https://learning.postman.com/flows/tutorials/beginner/calculate-years-since-milestone,read,True,not_implemented
PM-1241,postman,flows,Create a count-based loop with the Repeat block,https://learning.postman.com/flows/tutorials/beginner/create-count-based-loop,read,True,not_implemented
PM-1242,postman,flows,Create a list-based loop with the For block,https://learning.postman.com/flows/tutorials/beginner/create-list-based-loop,read,True,not_implemented
PM-1243,postman,flows,Go further with advanced Flows tutorials,https://learning.postman.com/flows/tutorials/advanced/overview,read,True,not_implemented
PM-1244,postman,flows,Send information from one system to another using Postman Flows,https://learning.postman.com/flows/tutorials/advanced/send-information-from-one-system-to-another,read,True,not_implemented
PM-1245,postman,flows,Create a dashboard using Postman Flows,https://learning.postman.com/flows/tutorials/advanced/create-a-dashboard-in-flows,read,True,not_implemented
PM-1246,postman,flows,Automate repetitive tasks using Postman Flows,https://learning.postman.com/flows/tutorials/advanced/automate-repetitive-tasks,read,True,not_implemented
PM-1247,postman,flows,Run requests in sequence using Postman Flows,https://learning.postman.com/flows/tutorials/advanced/run-requests-in-sequence,read,True,not_implemented
PM-1248,postman,flows,flows catalog,https://learning.postman.com/flows/v11/get-started/flows-catalog,indexed,False,not_implemented
